CASE Number,Accident Date,Accident Time,Day of Week,Nearest Street,At Intersection,Precinct,Zone ID,Number of Vehicles Involved,Location of First Harmful Event,Weather Condition,Light Conditions,Traffic Control Device,Traffic Control Type,Roadway Alignment,Roadway Surface Condition,Roadway Surface type,Roadway Description,Roadway defects,Relation to Roadway,Intersection Type,Work Zone Related,Workers Present in Work Zone,Work Zone Location,Work Zone Type,School Zone,Type of Collision,Location 1
2016031308.0,07/29/2016,1756,FRI,COLECHESTER RD,00.25 Miles From,1.0,122.0,3,ON ROADWAY,NO ADVERSE CONDITION (CLEAR/CLOUDY),DAYLIGHT,NO TRAFFIC CONTROL DEVICE PRESENT,NO TRAFFIC CONTROL,CURVE-LEVEL,DRY,"BLACKTOP, ASPHALT, BITUMINOUS","TWO-WAY, NOT DIVIDED",NO DEFECTS,"DRIVEWAY, ALLEY-ACCESS-RELATED",NOT AT INTERSECTION,NO,,,,NO,REAR END,"1199 SANDBRIDGE RD
VIRGINIA BEACH, VA
(36.730686, -75.979192)"
2016026515.0,06/29/2016,1345,WED,QUESNEL DR,Yes,1.0,123.0,2,ON ROADWAY,NO ADVERSE CONDITION (CLEAR/CLOUDY),DAYLIGHT,YES-WORKING,STOP SIGN,CURVE-LEVEL,DRY,"BLACKTOP, ASPHALT, BITUMINOUS","TWO-WAY, NOT DIVIDED",NO DEFECTS,INTERSECTION-RELATED-WITHIN 150`,THREE APPROACHES,NO,,,,NO,SIDESWIPE-SAME DIRECTION,"1599 SWORD DANCER DR
VIRGINIA BEACH, VA
(36.778651, -75.97829)"
2016029935.0,07/21/2016,840,THU,JACK FROST RD,Yes,3.0,331.0,0,ON ROADWAY,NO ADVERSE CONDITION (CLEAR/CLOUDY),DAYLIGHT,YES-WORKING,TRAFFIC SIGNAL,STRAIGHT-LEVEL,DRY,"BLACKTOP, ASPHALT, BITUMINOUS","TWO-WAY, DIVIDED, UNPROTECTED MEDIAN",NO DEFECTS,WITHIN INTERSECTION,FOUR APPROACHES,NO,,,,NO,REAR END,"5100 NORTHAMPTON BL
VIRGINIA BEACH, VA
(36.892269, -76.168723)"
2016028516.0,07/11/2016,1616,MON,PRINCESS ANNE RD,Yes,4.0,423.0,2,ON ROADWAY,NO ADVERSE CONDITION (CLEAR/CLOUDY),DAYLIGHT,YES-WORKING,TRAFFIC SIGNAL,STRAIGHT-LEVEL,DRY,"BLACKTOP, ASPHALT, BITUMINOUS","TWO-WAY, DIVIDED, UNPROTECTED MEDIAN",NO DEFECTS,WITHIN INTERSECTION,FOUR APPROACHES,NO,,,,NO,ANGLE,"5699 PARLIAMENT DR
VIRGINIA BEACH, VA
(36.840086, -76.182236)"
2016024798.0,06/19/2016,910,SUN,PRINCESS ANNE RD,Yes,1.0,124.0,2,ON ROADWAY,NO ADVERSE CONDITION (CLEAR/CLOUDY),DAYLIGHT,YES-WORKING,TRAFFIC SIGNAL,STRAIGHT-LEVEL,DRY,"BLACKTOP, ASPHALT, BITUMINOUS","TWO-WAY, DIVIDED, POSITIVE MEDIAN BARRIER",NO DEFECTS,WITHIN INTERSECTION,FOUR APPROACHES,NO,,,,NO,REAR END,"3600 DAM NECK RD
VIRGINIA BEACH, VA
(36.776635, -76.090101)"
2016029967.0,07/21/2016,1203,THU,VISTA CI,Yes,2.0,220.0,2,ON ROADWAY,NO ADVERSE CONDITION (CLEAR/CLOUDY),DAYLIGHT,YES-WORKING,TRAFFIC SIGNAL,STRAIGHT-LEVEL,DRY,"BLACKTOP, ASPHALT, BITUMINOUS","TWO-WAY, DIVIDED, POSITIVE MEDIAN BARRIER",NO DEFECTS,MAIN-LINE ROADWAY,FOUR APPROACHES,NO,,,,NO,REAR END,"3200 SHORE DR
VIRGINIA BEACH, VA
(36.909144, -76.083199)"
2016034481.0,08/19/2016,2000,FRI,600 GOVERNORS WY,Yes,4.0,428.0,3,ON ROADWAY,NO ADVERSE CONDITION (CLEAR/CLOUDY),DUSK,YES-WORKING,OFFICER OR FLAGGER,STRAIGHT-LEVEL,DRY,"BLACKTOP, ASPHALT, BITUMINOUS","TWO-WAY, DIVIDED, UNPROTECTED MEDIAN",NO DEFECTS,WITHIN INTERSECTION,FOUR APPROACHES,NO,,,,NO,REAR END,"3800 HOLLAND RD
VIRGINIA BEACH, VA
(36.815511, -76.105823)"
2016030790.0,07/26/2016,1052,TUE,CANTERFORD LA,Yes,4.0,421.0,2,ON ROADWAY,NO ADVERSE CONDITION (CLEAR/CLOUDY),DAYLIGHT,YES-WORKING,TRAFFIC LANES MARKED,STRAIGHT-LEVEL,DRY,"BLACKTOP, ASPHALT, BITUMINOUS","TWO-WAY, DIVIDED, UNPROTECTED MEDIAN",NO DEFECTS,WITHIN INTERSECTION,FOUR APPROACHES,NO,,,,NO,ANGLE,"1400 KEMPSVILLE RD
VIRGINIA BEACH, VA
(36.797474, -76.174796)"
2016041062.0,10/03/2016,1141,MON,WESTERWALD PL,Yes,3.0,326.0,2,ON ROADWAY,NO ADVERSE CONDITION (CLEAR/CLOUDY),DAYLIGHT,NO TRAFFIC CONTROL DEVICE PRESENT,NO TRAFFIC CONTROL,STRAIGHT-LEVEL,DRY,"BLACKTOP, ASPHALT, BITUMINOUS","TWO-WAY, NOT DIVIDED",NO DEFECTS,MAIN-LINE ROADWAY,FOUR APPROACHES,NO,,,,NO,REAR END,"5855 LAKE EDWARD DR
VIRGINIA BEACH, VA
(36.862296, -76.182411)"
2016038905.0,09/18/2016,1027,SUN,PRINCESS ANNE RD,Yes,4.0,422.0,2,ON ROADWAY,NO ADVERSE CONDITION (CLEAR/CLOUDY),DAYLIGHT,YES-WORKING,TRAFFIC SIGNAL,STRAIGHT-LEVEL,DRY,CONCRETE,"TWO-WAY, DIVIDED, UNPROTECTED MEDIAN",NO DEFECTS,WITHIN INTERSECTION,FOUR APPROACHES,NO,,,,NO,ANGLE,"498 WITCHDUCK RD S
VIRGINIA BEACH, VA
(36.825828, -76.160605)"
2016041405.0,10/06/2016,811,THU,RIVER RD,Yes,2.0,221.0,2,ON ROADWAY,RAIN,DAYLIGHT,YES-WORKING,TRAFFIC LANES MARKED,STRAIGHT-LEVEL,WET,"BLACKTOP, ASPHALT, BITUMINOUS","TWO-WAY, DIVIDED, POSITIVE MEDIAN BARRIER",NO DEFECTS,MAIN-LINE ROADWAY,NOT AT INTERSECTION,NO,,,,NO,REAR END,"1801 GREAT NECK RD N
VIRGINIA BEACH, VA
(36.89377, -76.058351)"
2016040697.0,09/30/2016,1601,FRI,4300 SHORELINE CT,Yes,4.0,427.0,2,ON ROADWAY,NO ADVERSE CONDITION (CLEAR/CLOUDY),DAYLIGHT,NO TRAFFIC CONTROL DEVICE PRESENT,NO TRAFFIC CONTROL,STRAIGHT-LEVEL,DRY,CONCRETE,"TWO-WAY, DIVIDED, UNPROTECTED MEDIAN",NO DEFECTS,MAIN-LINE ROADWAY,FOUR APPROACHES,NO,,,,NO,ANGLE,"4363 HOLLAND RD
VIRGINIA BEACH, VA
(36.82123, -76.123178)"
2016035711.0,08/27/2016,1115,SAT,WAVERLY DR,Yes,1.0,129.0,2,ON ROADWAY,NO ADVERSE CONDITION (CLEAR/CLOUDY),DAYLIGHT,YES-WORKING,STOP SIGN,STRAIGHT-LEVEL,DRY,"BLACKTOP, ASPHALT, BITUMINOUS","TWO-WAY, DIVIDED, UNPROTECTED MEDIAN",NO DEFECTS,WITHIN INTERSECTION,FOUR APPROACHES,NO,,,,NO,ANGLE,"3564 HILBERT ST
VIRGINIA BEACH, VA
(36.83694, -76.095035)"
2016042307.0,10/12/2016,1726,WED,DIAMOND SPRINGS RD,,3.0,331.0,0,ROADSIDE,NO ADVERSE CONDITION (CLEAR/CLOUDY),DAYLIGHT,NO TRAFFIC CONTROL DEVICE PRESENT,NO TRAFFIC CONTROL,STRAIGHT-LEVEL,DRY,CONCRETE,"TWO-WAY, NOT DIVIDED",NO DEFECTS,NON-INTERSECTION,NOT AT INTERSECTION,NO,,,,NO,OTHER,"5724 WARD AV
VIRGINIA BEACH, VA
(36.891568, -76.18324)"
2016040116.0,09/26/2016,1924,MON,WINDSOR OAKS BL,Yes,4.0,426.0,2,ON ROADWAY,NO ADVERSE CONDITION (CLEAR/CLOUDY),DARKNESS-ROAD LIGHTED,YES-WORKING,TRAFFIC SIGNAL,STRAIGHT-LEVEL,DRY,CONCRETE,"TWO-WAY, DIVIDED, UNPROTECTED MEDIAN",NO DEFECTS,WITHIN INTERSECTION,TWO APPROACHES,NO,,,,NO,ANGLE,"1799 INDEPENDENCE BL S
VIRGINIA BEACH, VA
(36.806283, -76.117313)"
2016038959.0,09/18/2016,1822,SUN,HOLLY RD.,Yes,2.0,226.0,2,ON ROADWAY,NO ADVERSE CONDITION (CLEAR/CLOUDY),DUSK,YES-WORKING,TRAFFIC SIGNAL,STRAIGHT-LEVEL,DRY,"BLACKTOP, ASPHALT, BITUMINOUS","TWO-WAY, DIVIDED, UNPROTECTED MEDIAN",NO DEFECTS,WITHIN INTERSECTION,FOUR APPROACHES,NO,,,,NO,ANGLE,"405 32ND STREET
VIRGINIA BEACH, VA
(36.85971, -75.981739)"
2016041273.0,10/05/2016,615,WED,KEMPSVILLE RD,Yes,4.0,422.0,2,ON ROADWAY,NO ADVERSE CONDITION (CLEAR/CLOUDY),DARKNESS-ROAD LIGHTED,YES-WORKING,TRAFFIC SIGNAL,STRAIGHT-LEVEL,DRY,"BLACKTOP, ASPHALT, BITUMINOUS","TWO-WAY, DIVIDED, POSITIVE MEDIAN BARRIER",NO DEFECTS,WITHIN INTERSECTION,FOUR APPROACHES,NO,,,,NO,REAR END,"5100 PRINCESS ANNE RD
VIRGINIA BEACH, VA
(36.825148, -76.157757)"
2016044835.0,10/29/2016,1600,SAT,FOUNTAIN LAKE DR,Yes,2.0,226.0,2,ON ROADWAY,NO ADVERSE CONDITION (CLEAR/CLOUDY),DAYLIGHT,NO TRAFFIC CONTROL DEVICE PRESENT,NO TRAFFIC CONTROL,STRAIGHT-LEVEL,DRY,"BLACKTOP, ASPHALT, BITUMINOUS","TWO-WAY, NOT DIVIDED",NO DEFECTS,WITHIN INTERSECTION,THREE APPROACHES,NO,,,,NO,ANGLE,"1100 OLD VIRGINIA BEACH RD
VIRGINIA BEACH, VA
(36.847741, -75.994167)"
2016030054.0,07/21/2016,1706,THU,PLAZA TR N,Yes,3.0,321.0,0,ON ROADWAY,NO ADVERSE CONDITION (CLEAR/CLOUDY),DAYLIGHT,YES-WORKING,TRAFFIC SIGNAL,STRAIGHT-LEVEL,DRY,"BLACKTOP, ASPHALT, BITUMINOUS","TWO-WAY, DIVIDED, UNPROTECTED MEDIAN",NO DEFECTS,WITHIN INTERSECTION,FOUR APPROACHES,NO,,,,NO,HEAD ON,"3400 VIRGINIA BEACH BL
VIRGINIA BEACH, VA
(36.841515, -76.091086)"
2016040372.0,09/28/2016,2043,WED,699 CUNNINGHAM RD,Yes,3.0,323.0,2,ON ROADWAY,NO ADVERSE CONDITION (CLEAR/CLOUDY),DARKNESS-ROAD NOT LIGHTED,NO TRAFFIC CONTROL DEVICE PRESENT,NO TRAFFIC CONTROL,STRAIGHT-LEVEL,DRY,"BLACKTOP, ASPHALT, BITUMINOUS","TWO-WAY, NOT DIVIDED",NO DEFECTS,WITHIN INTERSECTION,FOUR APPROACHES,NO,,,,NO,ANGLE,"4713 JERICHO RD
VIRGINIA BEACH, VA
(36.856301, -76.13816)"
2016043802.0,10/22/2016,1358,SAT,ATLANTIC SHORE DR,Yes,1.0,123.0,3,ON ROADWAY,NO ADVERSE CONDITION (CLEAR/CLOUDY),DAYLIGHT,YES-WORKING,TRAFFIC SIGNAL,STRAIGHT-LEVEL,DRY,"BLACKTOP, ASPHALT, BITUMINOUS","TWO-WAY, DIVIDED, UNPROTECTED MEDIAN",NO DEFECTS,WITHIN INTERSECTION,FOUR APPROACHES,NO,,,,NO,REAR END,"801 DAM NECK RD
VIRGINIA BEACH, VA
(36.785435, -75.98422)"
2016041043.0,10/03/2016,850,MON,CLUBHOUSE RD,Yes,1.0,129.0,2,ON ROADWAY,RAIN,DAYLIGHT,YES-WORKING,STOP SIGN,STRAIGHT-LEVEL,WET,"BLACKTOP, ASPHALT, BITUMINOUS","TWO-WAY, DIVIDED, UNPROTECTED MEDIAN",NO DEFECTS,WITHIN INTERSECTION,FOUR APPROACHES,NO,,,,NO,ANGLE,"500 ROSEMONT RD S
VIRGINIA BEACH, VA
(36.825377, -76.096385)"
2016040675.0,09/30/2016,1434,FRI,GREY FOX LA,Yes,1.0,124.0,2,ON ROADWAY,NO ADVERSE CONDITION (CLEAR/CLOUDY),DAYLIGHT,YES-WORKING,YIELD SIGN,STRAIGHT-LEVEL,DRY,"BLACKTOP, ASPHALT, BITUMINOUS","TWO-WAY, NOT DIVIDED",NO DEFECTS,WITHIN INTERSECTION,THREE APPROACHES,NO,,,,NO,ANGLE,"2400 HUNTING HORN WY
VIRGINIA BEACH, VA
(36.767388, -76.023464)"
2016037486.0,09/08/2016,1520,THU,BAKER RD,Yes,3.0,326.0,3,ON ROADWAY,NO ADVERSE CONDITION (CLEAR/CLOUDY),DAYLIGHT,YES-WORKING,TRAFFIC SIGNAL,STRAIGHT-LEVEL,DRY,CONCRETE,"TWO-WAY, DIVIDED, POSITIVE MEDIAN BARRIER",NO DEFECTS,WITHIN INTERSECTION,FOUR APPROACHES,NO,,,,NO,ANGLE,"5699 WESLEYAN DR
VIRGINIA BEACH, VA
(36.871367, -76.181066)"
2016044034.0,10/24/2016,923,MON,4993 INDIAN RIVER RD,Yes,4.0,424.0,2,ON ROADWAY,NO ADVERSE CONDITION (CLEAR/CLOUDY),DAYLIGHT,YES-WORKING,TRAFFIC SIGNAL,STRAIGHT-LEVEL,DRY,"BLACKTOP, ASPHALT, BITUMINOUS","TWO-WAY, DIVIDED, UNPROTECTED MEDIAN",NO DEFECTS,INTERSECTION-RELATED-WITHIN 150`,TWO APPROACHES,NO,,,,NO,REAR END,"2598 LYNNHAVEN PW
VIRGINIA BEACH, VA
(36.785248, -76.15985)"
2016033354.0,08/12/2016,735,FRI,NIMMO PW,Yes,1.0,124.0,2,ON ROADWAY,NO ADVERSE CONDITION (CLEAR/CLOUDY),DAYLIGHT,YES-WORKING,TRAFFIC SIGNAL,STRAIGHT-LEVEL,DRY,"BLACKTOP, ASPHALT, BITUMINOUS","TWO-WAY, DIVIDED, POSITIVE MEDIAN BARRIER",NO DEFECTS,INTERSECTION-RELATED-WITHIN 150`,FOUR APPROACHES,NO,,,,YES,REAR END,"2372 HOLLAND RD
VIRGINIA BEACH, VA
(36.760366, -76.054283)"
2016039265.0,09/21/2016,951,WED,PLEASANT VALLEY RD,Yes,4.0,425.0,2,ON ROADWAY,RAIN,DAYLIGHT,YES-WORKING,TRAFFIC SIGNAL,STRAIGHT-LEVEL,WET,CONCRETE,"TWO-WAY, DIVIDED, POSITIVE MEDIAN BARRIER",NO DEFECTS,MAIN-LINE ROADWAY,FOUR APPROACHES,NO,,,,NO,REAR END,"4800 FERRELL PW
VIRGINIA BEACH, VA
(36.796804, -76.143652)"
2016040440.0,09/29/2016,900,THU,JERICHO RD,Yes,3.0,323.0,2,ON ROADWAY,NO ADVERSE CONDITION (CLEAR/CLOUDY),DAYLIGHT,YES-WORKING,TRAFFIC SIGNAL,STRAIGHT-LEVEL,DRY,"BLACKTOP, ASPHALT, BITUMINOUS","TWO-WAY, DIVIDED, UNPROTECTED MEDIAN",NO DEFECTS,WITHIN INTERSECTION,FOUR APPROACHES,NO,,,,NO,REAR END,"626 INDEPENDENCE BL
VIRGINIA BEACH, VA
(36.855236, -76.134736)"
2016037015.0,09/05/2016,1130,MON,5TH ST,Yes,2.0,227.0,4,ON ROADWAY,NO ADVERSE CONDITION (CLEAR/CLOUDY),DAYLIGHT,YES-WORKING,TRAFFIC SIGNAL,STRAIGHT-LEVEL,DRY,"BLACKTOP, ASPHALT, BITUMINOUS","TWO-WAY, NOT DIVIDED",NO DEFECTS,WITHIN INTERSECTION,TWO APPROACHES,NO,,,,NO,REAR END,"415 ATLANTIC AV
VIRGINIA BEACH, VA
(36.833535, -75.971026)"
2016045458.0,11/03/2016,835,THU,JOHN HANCOCK DR,Yes,1.0,126.0,2,ON ROADWAY,NO ADVERSE CONDITION (CLEAR/CLOUDY),DAYLIGHT,NO TRAFFIC CONTROL DEVICE PRESENT,NO TRAFFIC CONTROL,STRAIGHT-LEVEL,DRY,"BLACKTOP, ASPHALT, BITUMINOUS","TWO-WAY, NOT DIVIDED",NO DEFECTS,WITHIN INTERSECTION,FOUR APPROACHES,YES,WITH NO LAW ENFORCEMENT,ACTIVITY AREA,LANE CLOSURE,NO,ANGLE,"831 KINGS ARMS DR
VIRGINIA BEACH, VA
(36.811768, -76.079274)"
2016037704.0,09/10/2016,200,SAT,COLUMBUS ST,Yes,3.0,324.0,1,ON ROADWAY,NO ADVERSE CONDITION (CLEAR/CLOUDY),DARKNESS-ROAD LIGHTED,YES-WORKING,TRAFFIC LANES MARKED,STRAIGHT-LEVEL,DRY,"BLACKTOP, ASPHALT, BITUMINOUS","TWO-WAY, DIVIDED, POSITIVE MEDIAN BARRIER",NO DEFECTS,MAIN-LINE ROADWAY,FOUR APPROACHES,NO,,,,NO,FIXED OBJECT-OFF ROAD,"122 INDEPENDENCE BL
VIRGINIA BEACH, VA
(36.841606, -76.136716)"
2016042031.0,10/09/2016,200,SUN,MARLIN LN,Yes,1.0,122.0,1,ON ROADWAY,RAIN,DARKNESS-UNKNOWN ROAD LIGHTING,YES-WORKING,STOP SIGN,STRAIGHT-LEVEL,WET,OTHER,"TWO-WAY, NOT DIVIDED",OTHER,WITHIN INTERSECTION,TWO APPROACHES,NO,,,,NO,FIXED OBJECT-OFF ROAD,"2469 SANDPIPER RD
VIRGINIA BEACH, VA
(36.747294, -75.946136)"
2016037566.0,09/09/2016,755,FRI,SANDRA LA,Yes,4.0,420.0,2,ON ROADWAY,NO ADVERSE CONDITION (CLEAR/CLOUDY),DAYLIGHT,YES-WORKING,STOP SIGN,STRAIGHT-LEVEL,DRY,"BLACKTOP, ASPHALT, BITUMINOUS","TWO-WAY, DIVIDED, UNPROTECTED MEDIAN",NO DEFECTS,WITHIN INTERSECTION,THREE APPROACHES,NO,,,,NO,REAR END,"6600 INDIAN RIVER RD
VIRGINIA BEACH, VA
(36.818585, -76.218506)"
2016035009.0,08/23/2016,740,TUE,KINGS GRANT RD,Yes,3.0,321.0,2,ON ROADWAY,NO ADVERSE CONDITION (CLEAR/CLOUDY),DAYLIGHT,YES-WORKING,TRAFFIC LANES MARKED,STRAIGHT-LEVEL,DRY,"BLACKTOP, ASPHALT, BITUMINOUS","TWO-WAY, DIVIDED, UNPROTECTED MEDIAN",NO DEFECTS,MAIN-LINE ROADWAY,NOT AT INTERSECTION,NO,,,,NO,REAR END,"3099 VIRGINIA BEACH BL
VIRGINIA BEACH, VA
(36.843098, -76.078796)"
2016043145.0,10/18/2016,1143,TUE,BOW CREEK BL,Yes,4.0,427.0,2,ON ROADWAY,NO ADVERSE CONDITION (CLEAR/CLOUDY),DAYLIGHT,YES-WORKING,TRAFFIC SIGNAL,STRAIGHT-LEVEL,DRY,"BLACKTOP, ASPHALT, BITUMINOUS","TWO-WAY, DIVIDED, POSITIVE MEDIAN BARRIER",NO DEFECTS,WITHIN INTERSECTION,FOUR APPROACHES,NO,,,,NO,OTHER,"599 ROSEMONT RD S
VIRGINIA BEACH, VA
(36.820486, -76.09776)"
2016041867.0,10/09/2016,1735,SUN,1900 PLEASURE HOUSE RD,Yes,3.0,329.0,2,ON ROADWAY,NO ADVERSE CONDITION (CLEAR/CLOUDY),DAYLIGHT,YES-WORKING,TRAFFIC SIGNAL,STRAIGHT-LEVEL,DRY,"BLACKTOP, ASPHALT, BITUMINOUS","TWO-WAY, NOT DIVIDED",NO DEFECTS,WITHIN INTERSECTION,FOUR APPROACHES,NO,,,,NO,ANGLE,"4845 NORTHAMPTON BL
VIRGINIA BEACH, VA
(36.896009, -76.152807)"
2016039557.0,09/23/2016,936,FRI,ARAGONA BL,Yes,3.0,327.0,2,ON ROADWAY,NO ADVERSE CONDITION (CLEAR/CLOUDY),DAYLIGHT,YES-WORKING,TRAFFIC SIGNAL,STRAIGHT-LEVEL,DRY,"BLACKTOP, ASPHALT, BITUMINOUS","TWO-WAY, DIVIDED, UNPROTECTED MEDIAN",NO DEFECTS,INTERSECTION-RELATED-WITHIN 150`,FOUR APPROACHES,NO,,,,NO,ANGLE,"699 WITCHDUCK RD N
VIRGINIA BEACH, VA
(36.857122, -76.144822)"
2016038314.0,09/14/2016,814,WED,4500 COLUMBUS ST,Yes,3.0,324.0,0,ON ROADWAY,NO ADVERSE CONDITION (CLEAR/CLOUDY),DAYLIGHT,YES-WORKING,TRAFFIC SIGNAL,STRAIGHT-LEVEL,DRY,"BLACKTOP, ASPHALT, BITUMINOUS","TWO-WAY, DIVIDED, POSITIVE MEDIAN BARRIER",NO DEFECTS,WITHIN INTERSECTION,FOUR APPROACHES,NO,,,,NO,REAR END,"100 INDEPENDENCE BL
VIRGINIA BEACH, VA
(36.841843, -76.136711)"
2016038682.0,09/16/2016,2047,FRI,BONNEYDALE RD,Yes,4.0,422.0,2,ON ROADWAY,NO ADVERSE CONDITION (CLEAR/CLOUDY),DARKNESS-ROAD LIGHTED,YES-WORKING,TRAFFIC LANES MARKED,STRAIGHT-LEVEL,DRY,"BLACKTOP, ASPHALT, BITUMINOUS","TWO-WAY, DIVIDED, UNPROTECTED MEDIAN",NO DEFECTS,WITHIN INTERSECTION,FOUR APPROACHES,NO,,,,NO,ANGLE,"1200 KEMPSVILLE RD
VIRGINIA BEACH, VA
(36.803914, -76.173481)"
2016040821.0,10/01/2016,1304,SAT,EAGLEWOOD DR,Yes,1.0,123.0,2,ON ROADWAY,NO ADVERSE CONDITION (CLEAR/CLOUDY),DAYLIGHT,YES-WORKING,TRAFFIC SIGNAL,STRAIGHT-LEVEL,DRY,"BLACKTOP, ASPHALT, BITUMINOUS","TWO-WAY, DIVIDED, POSITIVE MEDIAN BARRIER",NO DEFECTS,INTERSECTION-RELATED-WITHIN 150`,FOUR APPROACHES,NO,,,,NO,REAR END,"1400 OCEANA BL
VIRGINIA BEACH, VA
(36.794425, -75.99812)"
2016037284.0,09/06/2016,811,TUE,FOUNDERS INN,Yes,4.0,425.0,1,ON ROADWAY,NO ADVERSE CONDITION (CLEAR/CLOUDY),DAYLIGHT,YES-WORKING,STOP SIGN,STRAIGHT-LEVEL,DRY,CONCRETE,"TWO-WAY, NOT DIVIDED",NO DEFECTS,WITHIN INTERSECTION,FOUR APPROACHES,NO,,,,NO,FIXED OBJECT-OFF ROAD,"4401 PLEASANT VALLEY RD
VIRGINIA BEACH, VA
(36.791982, -76.150317)"
2016042430.0,10/13/2016,1320,THU,STRATFORD RD E,Yes,3.0,330.0,2,ON ROADWAY,NO ADVERSE CONDITION (CLEAR/CLOUDY),DAYLIGHT,YES-WORKING,TRAFFIC SIGNAL,STRAIGHT-LEVEL,DRY,"BLACKTOP, ASPHALT, BITUMINOUS","TWO-WAY, DIVIDED, UNPROTECTED MEDIAN",NO DEFECTS,WITHIN INTERSECTION,FOUR APPROACHES,YES,NO WORKERS PRESENT,TRANSITION AREA,LANE CLOSURE,NO,REAR END,"3601 SHORE DR
VIRGINIA BEACH, VA
(36.907777, -76.096986)"
2016044199.0,10/25/2016,1240,TUE,RADFORD CT,,3.0,326.0,2,ON ROADWAY,NO ADVERSE CONDITION (CLEAR/CLOUDY),DAYLIGHT,YES-WORKING,TRAFFIC LANES MARKED,CURVE-LEVEL,DRY,"BLACKTOP, ASPHALT, BITUMINOUS","TWO-WAY, DIVIDED, POSITIVE MEDIAN BARRIER",NO DEFECTS,NON-INTERSECTION,NOT AT INTERSECTION,NO,,,,NO,SIDESWIPE-SAME DIRECTION,"5600 WESLEYAN RD
VIRGINIA BEACH, VA
(36.871879, -76.174279)"
2016034115.0,08/17/2016,1220,WED,INDIAN RIVER RD,00.25 Miles From,1.0,121.0,2,ON ROADWAY,NO ADVERSE CONDITION (CLEAR/CLOUDY),DAYLIGHT,YES-WORKING,TRAFFIC LANES MARKED,STRAIGHT-LEVEL,DRY,"BLACKTOP, ASPHALT, BITUMINOUS","TWO-WAY, NOT DIVIDED",NO DEFECTS,NON-INTERSECTION,NOT AT INTERSECTION,YES,WITH NO LAW ENFORCEMENT,TERMINATION AREA,WORK ON SHOULDER OR MEDIAN,NO,REAR END,"3699 NORTH LANDING RD
VIRGINIA BEACH, VA
(36.734443, -76.098865)"
2016039021.0,09/19/2016,730,MON,BRANDON BL,Yes,4.0,421.0,1,ON ROADWAY,NO ADVERSE CONDITION (CLEAR/CLOUDY),DAYLIGHT,NO TRAFFIC CONTROL DEVICE PRESENT,NO TRAFFIC CONTROL,STRAIGHT-LEVEL,DRY,CONCRETE,"ONE-WAY, NOT DIVIDED",NO DEFECTS,MAIN-LINE ROADWAY,NOT AT INTERSECTION,NO,,,,NO,PEDESTRIAN,"5758 ALBRIGHT DR
VIRGINIA BEACH, VA
(36.788134, -76.19007)"
2016044238.0,10/25/2016,1727,TUE,299 CONSTITUTION DR,Yes,3.0,323.0,2,ON ROADWAY,NO ADVERSE CONDITION (CLEAR/CLOUDY),DAYLIGHT,YES-WORKING,TRAFFIC SIGNAL,STRAIGHT-LEVEL,DRY,"BLACKTOP, ASPHALT, BITUMINOUS","TWO-WAY, NOT DIVIDED",NO DEFECTS,MAIN-LINE ROADWAY,FOUR APPROACHES,NO,,,,NO,OTHER,"4499 VIRGINIA BEACH BL
VIRGINIA BEACH, VA
(36.843359, -76.131012)"
2016041863.0,10/09/2016,1654,SUN,2600 VIRGINIA BEACH BL,Yes,3.0,320.0,2,ON ROADWAY,NO ADVERSE CONDITION (CLEAR/CLOUDY),DAYLIGHT,YES-NOT WORKING,TRAFFIC SIGNAL,STRAIGHT-LEVEL,DRY,"BLACKTOP, ASPHALT, BITUMINOUS","TWO-WAY, DIVIDED, UNPROTECTED MEDIAN",NO DEFECTS,WITHIN INTERSECTION,THREE APPROACHES,NO,,,,NO,ANGLE,"100 LYNNHAVEN PW
VIRGINIA BEACH, VA
(36.839709, -76.064236)"
2016043637.0,10/21/2016,1055,FRI,264W ENTRANCE,Yes,2.0,224.0,2,ON ROADWAY,NO ADVERSE CONDITION (CLEAR/CLOUDY),DAYLIGHT,YES-WORKING,TRAFFIC SIGNAL,STRAIGHT-LEVEL,DRY,"BLACKTOP, ASPHALT, BITUMINOUS","TWO-WAY, DIVIDED, POSITIVE MEDIAN BARRIER",NO DEFECTS,WITHIN INTERSECTION,FOUR APPROACHES,NO,,,,NO,ANGLE,"409 FIRST COLONIAL RD
VIRGINIA BEACH, VA
(36.844051, -76.020965)"
2016043207.0,10/18/2016,1627,TUE,1300 HAMMERHEAD LA,Yes,4.0,425.0,2,ON ROADWAY,NO ADVERSE CONDITION (CLEAR/CLOUDY),DAYLIGHT,YES-WORKING,STOP SIGN,STRAIGHT-LEVEL,DRY,"BLACKTOP, ASPHALT, BITUMINOUS","TWO-WAY, NOT DIVIDED",NO DEFECTS,WITHIN INTERSECTION,FOUR APPROACHES,NO,,,,NO,ANGLE,"4700 PLEASANT VALLEY RD
VIRGINIA BEACH, VA
(36.797865, -76.148492)"
2016043161.0,10/18/2016,1315,TUE,PARLIMENT DR,Yes,4.0,423.0,2,ON ROADWAY,NO ADVERSE CONDITION (CLEAR/CLOUDY),DAYLIGHT,NO TRAFFIC CONTROL DEVICE PRESENT,TRAFFIC LANES MARKED,STRAIGHT-LEVEL,DRY,"BLACKTOP, ASPHALT, BITUMINOUS","TWO-WAY, DIVIDED, POSITIVE MEDIAN BARRIER",NO DEFECTS,MAIN-LINE ROADWAY,NOT AT INTERSECTION,NO,,,,NO,REAR END,"5273 PRINCESS ANNE RD
VIRGINIA BEACH, VA
(36.828094, -76.167085)"