CASE Number,Accident Date,Accident Time,Day of Week,Nearest Street,At Intersection,Precinct,Zone ID,Number of Vehicles Involved,Location of First Harmful Event,Weather Condition,Light Conditions,Traffic Control Device,Traffic Control Type,Roadway Alignment,Roadway Surface Condition,Roadway Surface type,Roadway Description,Roadway defects,Relation to Roadway,Intersection Type,Work Zone Related,Workers Present in Work Zone,Work Zone Location,Work Zone Type,School Zone,Type of Collision,Location 1
2016043416.0,10/19/2016,2159,WED,HAWKS BILL DR,00.01 Miles From,4.0,421.0,2,ON ROADWAY,NO ADVERSE CONDITION (CLEAR/CLOUDY),DARKNESS-ROAD LIGHTED,YES-WORKING,TRAFFIC LANES MARKED,CURVE-LEVEL,DRY,"BLACKTOP, ASPHALT, BITUMINOUS","TWO-WAY, NOT DIVIDED",NO DEFECTS,NON-INTERSECTION,NOT AT INTERSECTION,NO,,,,NO,SIDESWIPE-SAME DIRECTION,"5100 INDIAN RIVER RD
VIRGINIA BEACH, VA
(36.789678, -76.164179)"
2016045716.0,11/04/2016,1909,FRI,PAUL REVERE RD,Yes,3.0,329.0,2,ON ROADWAY,NO ADVERSE CONDITION (CLEAR/CLOUDY),DARKNESS-ROAD LIGHTED,NO TRAFFIC CONTROL DEVICE PRESENT,NO TRAFFIC CONTROL,STRAIGHT-LEVEL,DRY,"BLACKTOP, ASPHALT, BITUMINOUS","TWO-WAY, DIVIDED, UNPROTECTED MEDIAN",NO DEFECTS,WITHIN INTERSECTION,FOUR APPROACHES,NO,,,,NO,ANGLE,"1200 INDEPENDENCE BL
VIRGINIA BEACH, VA
(36.877789, -76.133511)"
2016038663.0,09/16/2016,1804,FRI,DAHLIA DR,Yes,4.0,426.0,2,ON ROADWAY,NO ADVERSE CONDITION (CLEAR/CLOUDY),DAYLIGHT,YES-WORKING,TRAFFIC SIGNAL,STRAIGHT-LEVEL,DRY,"BLACKTOP, ASPHALT, BITUMINOUS","TWO-WAY, DIVIDED, UNPROTECTED MEDIAN",NO DEFECTS,WITHIN INTERSECTION,FOUR APPROACHES,NO,,,,NO,ANGLE,"1898 INDEPENDENCE BL S
VIRGINIA BEACH, VA
(36.802084, -76.112132)"
2016038169.0,09/13/2016,735,TUE,CHILHOWIE CI,Yes,4.0,421.0,2,ON ROADWAY,NO ADVERSE CONDITION (CLEAR/CLOUDY),DAYLIGHT,YES-WORKING,TRAFFIC LANES MARKED,STRAIGHT-LEVEL,DRY,"BLACKTOP, ASPHALT, BITUMINOUS","TWO-WAY, NOT DIVIDED",NO DEFECTS,WITHIN INTERSECTION,THREE APPROACHES,YES,WITH NO LAW ENFORCEMENT,ACTIVITY AREA,WORK ON SHOULDER OR MEDIAN,NO,REAR END,"5100 LYNNHAVEN PW
VIRGINIA BEACH, VA
(36.785713, -76.165957)"
2016042959.0,10/17/2016,825,MON,VIRGINIA BEACH BL,Yes,2.0,222.0,2,ON ROADWAY,NO ADVERSE CONDITION (CLEAR/CLOUDY),DAYLIGHT,YES-WORKING,STOP SIGN,STRAIGHT-LEVEL,DRY,"BLACKTOP, ASPHALT, BITUMINOUS","TWO-WAY, NOT DIVIDED",NO DEFECTS,WITHIN INTERSECTION,THREE APPROACHES,NO,,,,NO,ANGLE,"301 MAXEY DR
VIRGINIA BEACH, VA
(36.843927, -76.033008)"
2016044661.0,10/28/2016,1448,FRI,264,Yes,4.0,423.0,2,ON ROADWAY,NO ADVERSE CONDITION (CLEAR/CLOUDY),DAYLIGHT,YES-WORKING,TRAFFIC LANES MARKED,STRAIGHT-LEVEL,DRY,"BLACKTOP, ASPHALT, BITUMINOUS","TWO-WAY, DIVIDED, POSITIVE MEDIAN BARRIER",NO DEFECTS,MAIN-LINE ROADWAY,NOT AT INTERSECTION,NO,,,,NO,REAR END,"100 INDEPENDENCE BL S
VIRGINIA BEACH, VA
(36.839561, -76.136788)"
2016038500.0,09/15/2016,1600,THU,2200 LAUREL COVE DR,Yes,2.0,221.0,3,ON ROADWAY,NO ADVERSE CONDITION (CLEAR/CLOUDY),DAYLIGHT,YES-WORKING,TRAFFIC SIGNAL,CURVE-LEVEL,DRY,"BLACKTOP, ASPHALT, BITUMINOUS","TWO-WAY, DIVIDED, UNPROTECTED MEDIAN",NO DEFECTS,WITHIN INTERSECTION,FOUR APPROACHES,NO,,,,NO,ANGLE,"1300 GREAT NECK RD N
VIRGINIA BEACH, VA
(36.874556, -76.039505)"
2016041108.0,10/03/2016,1615,MON,INDIAN RIVER RD,Yes,4.0,425.0,2,ON ROADWAY,NO ADVERSE CONDITION (CLEAR/CLOUDY),DAYLIGHT,YES-WORKING,TRAFFIC SIGNAL,STRAIGHT-LEVEL,DRY,"BLACKTOP, ASPHALT, BITUMINOUS","TWO-WAY, DIVIDED, UNPROTECTED MEDIAN",NO DEFECTS,INTERSECTION-RELATED-WITHIN 150`,THREE APPROACHES,NO,,,,NO,REAR END,"5098 FERRELL PW
VIRGINIA BEACH, VA
(36.79483, -76.16842)"
2016042124.0,10/11/2016,1348,TUE,CLEAR SPRINGS RD,Yes,4.0,420.0,2,ON ROADWAY,NO ADVERSE CONDITION (CLEAR/CLOUDY),DAYLIGHT,NO TRAFFIC CONTROL DEVICE PRESENT,NO TRAFFIC CONTROL,STRAIGHT-LEVEL,DRY,"BLACKTOP, ASPHALT, BITUMINOUS","TWO-WAY, NOT DIVIDED",NO DEFECTS,WITHIN INTERSECTION,FOUR APPROACHES,NO,,,,NO,ANGLE,"1300 LEVEL GREEN BL
VIRGINIA BEACH, VA
(36.800458, -76.205629)"
2016040966.0,10/02/2016,1315,SUN,PLAINSMAN TL,00.50 Miles From,1.0,126.0,2,ON ROADWAY,NO ADVERSE CONDITION (CLEAR/CLOUDY),DAYLIGHT,YES-WORKING,TRAFFIC LANES MARKED,STRAIGHT-LEVEL,DRY,"BLACKTOP, ASPHALT, BITUMINOUS","TWO-WAY, NOT DIVIDED",NO DEFECTS,NON-INTERSECTION,NOT AT INTERSECTION,NO,,,,NO,REAR END,"3317 BOW CREEK BL
VIRGINIA BEACH, VA
(36.818315, -76.087686)"
2016041797.0,10/08/2016,1538,SAT,HAYGOOD RD,Yes,3.0,328.0,3,ON ROADWAY,RAIN,DAYLIGHT,YES-WORKING,TRAFFIC SIGNAL,STRAIGHT-LEVEL,WET,"BLACKTOP, ASPHALT, BITUMINOUS","TWO-WAY, NOT DIVIDED",NO DEFECTS,INTERSECTION-RELATED-WITHIN 150`,THREE APPROACHES,NO,,,,NO,REAR END,"1099 FERRY PLANTATION RD
VIRGINIA BEACH, VA
(36.873608, -76.138796)"
2016038702.0,09/16/2016,2305,FRI,CLOVER ST,Yes,3.0,323.0,2,ON ROADWAY,NO ADVERSE CONDITION (CLEAR/CLOUDY),DARKNESS-ROAD LIGHTED,YES-WORKING,STOP SIGN,STRAIGHT-LEVEL,DRY,"BLACKTOP, ASPHALT, BITUMINOUS","TWO-WAY, DIVIDED, UNPROTECTED MEDIAN",NO DEFECTS,MAIN-LINE ROADWAY,FOUR APPROACHES,NO,,,,NO,ANGLE,"653 ARAGONA BL
VIRGINIA BEACH, VA
(36.855791, -76.144593)"
2016040006.0,09/26/2016,656,MON,264,Yes,2.0,224.0,2,ON ROADWAY,NO ADVERSE CONDITION (CLEAR/CLOUDY),DAYLIGHT,YES-WORKING,TRAFFIC SIGNAL,STRAIGHT-LEVEL,DRY,"BLACKTOP, ASPHALT, BITUMINOUS","TWO-WAY, DIVIDED, POSITIVE MEDIAN BARRIER",NO DEFECTS,WITHIN INTERSECTION,THREE APPROACHES,NO,,,,NO,ANGLE,"150 LONDON BRIDGE RD
VIRGINIA BEACH, VA
(36.837546, -76.049701)"
2016033824.0,08/15/2016,804,MON,EUREKA AV,Yes,3.0,320.0,32,ON ROADWAY,NO ADVERSE CONDITION (CLEAR/CLOUDY),DAYLIGHT,YES-WORKING,TRAFFIC LANES MARKED,STRAIGHT-LEVEL,DRY,"BLACKTOP, ASPHALT, BITUMINOUS","TWO-WAY, DIVIDED, UNPROTECTED MEDIAN",NO DEFECTS,WITHIN INTERSECTION,THREE APPROACHES,NO,,,,NO,SIDESWIPE-SAME DIRECTION,"2599 VIRGINIA BEACH BL
VIRGINIA BEACH, VA
(36.840904, -76.06139)"
2016037444.0,09/08/2016,955,THU,CENTRE POINTE LA,Yes,4.0,423.0,2,ON ROADWAY,RAIN,DAYLIGHT,YES-WORKING,TRAFFIC SIGNAL,STRAIGHT-LEVEL,WET,"BLACKTOP, ASPHALT, BITUMINOUS","TWO-WAY, DIVIDED, POSITIVE MEDIAN BARRIER",NO DEFECTS,INTERSECTION-RELATED-WITHIN 150`,FOUR APPROACHES,NO,,,,NO,REAR END,"4700 BAXTER RD
VIRGINIA BEACH, VA
(36.830638, -76.138148)"
2016041589.0,10/07/2016,1306,FRI,LONG HILL DR,Yes,3.0,321.0,2,ON ROADWAY,NO ADVERSE CONDITION (CLEAR/CLOUDY),DAYLIGHT,YES-WORKING,TRAFFIC LANES MARKED,STRAIGHT-LEVEL,DRY,"BLACKTOP, ASPHALT, BITUMINOUS","TWO-WAY, NOT DIVIDED",NO DEFECTS,WITHIN INTERSECTION,FOUR APPROACHES,NO,,,,NO,ANGLE,"441 LYNNHAVEN RD N
VIRGINIA BEACH, VA
(36.847112, -76.083092)"
2016037065.0,09/05/2016,1808,MON,INVESTORS PL,Yes,4.0,427.0,2,ON ROADWAY,NO ADVERSE CONDITION (CLEAR/CLOUDY),DAYLIGHT,NO TRAFFIC CONTROL DEVICE PRESENT,NO TRAFFIC CONTROL,STRAIGHT-LEVEL,DRY,"BLACKTOP, ASPHALT, BITUMINOUS","TWO-WAY, DIVIDED, UNPROTECTED MEDIAN",NO DEFECTS,MAIN-LINE ROADWAY,THREE APPROACHES,NO,,,,NO,ANGLE,"438 INDEPENDENCE BL S
VIRGINIA BEACH, VA
(36.8285, -76.134315)"
2016038172.0,09/13/2016,800,TUE,STRICKLAND BL,Yes,4.0,422.0,2,ON ROADWAY,NO ADVERSE CONDITION (CLEAR/CLOUDY),DAYLIGHT,YES-WORKING,TRAFFIC LANES MARKED,STRAIGHT-LEVEL,DRY,"BLACKTOP, ASPHALT, BITUMINOUS","TWO-WAY, DIVIDED, UNPROTECTED MEDIAN",NO DEFECTS,WITHIN INTERSECTION,TWO APPROACHES,NO,,,,NO,REAR END,"5700 INDIAN RIVER RD
VIRGINIA BEACH, VA
(36.805585, -76.191572)"
2016035203.0,08/24/2016,1223,WED,DELANEY ST,Yes,4.0,421.0,2,ON ROADWAY,NO ADVERSE CONDITION (CLEAR/CLOUDY),DAYLIGHT,YES-WORKING,STOP SIGN,STRAIGHT-LEVEL,DRY,"BLACKTOP, ASPHALT, BITUMINOUS","TWO-WAY, NOT DIVIDED",NO DEFECTS,WITHIN INTERSECTION,FOUR APPROACHES,NO,,,,NO,ANGLE,"5730 BRANDON BL
VIRGINIA BEACH, VA
(36.790991, -76.195735)"
2016043490.0,10/20/2016,1104,THU,SKI LODGE RD,Yes,1.0,128.0,2,ON ROADWAY,NO ADVERSE CONDITION (CLEAR/CLOUDY),DAYLIGHT,YES-WORKING,TRAFFIC LANES MARKED,STRAIGHT-LEVEL,DRY,"BLACKTOP, ASPHALT, BITUMINOUS","TWO-WAY, DIVIDED, POSITIVE MEDIAN BARRIER",NO DEFECTS,INTERSECTION-RELATED-WITHIN 150`,THREE APPROACHES,NO,,,,NO,ANGLE,"1600 LYNNHAVEN PW
VIRGINIA BEACH, VA
(36.79447, -76.104063)"
2016034079.0,08/17/2016,623,WED,COLGATE DR,Yes,4.0,420.0,1,ON ROADWAY,NO ADVERSE CONDITION (CLEAR/CLOUDY),DAWN,YES-WORKING,STOP SIGN,STRAIGHT-LEVEL,DRY,"BLACKTOP, ASPHALT, BITUMINOUS","TWO-WAY, NOT DIVIDED",NO DEFECTS,MAIN-LINE ROADWAY,THREE APPROACHES,NO,,,,NO,FIXED OBJECT-OFF ROAD,"1200 LEVEL GREEN BL
VIRGINIA BEACH, VA
(36.801389, -76.207297)"
2016044029.0,10/24/2016,835,MON,300 22ND ST,Yes,2.0,227.0,2,ON ROADWAY,NO ADVERSE CONDITION (CLEAR/CLOUDY),DAYLIGHT,YES-WORKING,TRAFFIC SIGNAL,STRAIGHT-LEVEL,DRY,"BLACKTOP, ASPHALT, BITUMINOUS","TWO-WAY, DIVIDED, UNPROTECTED MEDIAN",NO DEFECTS,WITHIN INTERSECTION,THREE APPROACHES,NO,,,,NO,ANGLE,"2200 PACIFIC AV
VIRGINIA BEACH, VA
(36.8503, -75.976966)"
2016039740.0,09/24/2016,1005,SAT,JERICHO RD,Yes,3.0,323.0,3,ON ROADWAY,NO ADVERSE CONDITION (CLEAR/CLOUDY),DAYLIGHT,YES-WORKING,TRAFFIC LANES MARKED,STRAIGHT-LEVEL,DRY,"BLACKTOP, ASPHALT, BITUMINOUS","TWO-WAY, DIVIDED, UNPROTECTED MEDIAN",NO DEFECTS,INTERSECTION-RELATED-OUTSIDE 150`,FOUR APPROACHES,NO,,,,NO,REAR END,"635 INDEPENDENCE BL
VIRGINIA BEACH, VA
(36.855923, -76.134679)"
2016038347.0,09/14/2016,1322,WED,PHILLIP AV,Yes,2.0,222.0,2,ON ROADWAY,NO ADVERSE CONDITION (CLEAR/CLOUDY),DAYLIGHT,YES-WORKING,STOP SIGN,STRAIGHT-LEVEL,DRY,"BLACKTOP, ASPHALT, BITUMINOUS","TWO-WAY, DIVIDED, POSITIVE MEDIAN BARRIER",NO DEFECTS,WITHIN INTERSECTION,THREE APPROACHES,NO,,,,NO,SIDESWIPE-SAME DIRECTION,"2000 VIRGINIA BEACH BL
VIRGINIA BEACH, VA
(36.844158, -76.035659)"
2016038807.0,09/17/2016,1635,SAT,700 WATERS DR,Yes,4.0,426.0,2,ON ROADWAY,NO ADVERSE CONDITION (CLEAR/CLOUDY),DAYLIGHT,NO TRAFFIC CONTROL DEVICE PRESENT,NO TRAFFIC CONTROL,STRAIGHT-LEVEL,DRY,CONCRETE,"TWO-WAY, DIVIDED, UNPROTECTED MEDIAN",NO DEFECTS,WITHIN INTERSECTION,FOUR APPROACHES,NO,,,,NO,ANGLE,"4136 HOLLAND RD
VIRGINIA BEACH, VA
(36.817544, -76.117073)"
2016037780.0,09/10/2016,1515,SAT,198 LYNNHAVEN PW S,Yes,1.0,129.0,2,ON ROADWAY,NO ADVERSE CONDITION (CLEAR/CLOUDY),DAYLIGHT,YES-WORKING,TRAFFIC SIGNAL,STRAIGHT-LEVEL,DRY,"BLACKTOP, ASPHALT, BITUMINOUS","TWO-WAY, DIVIDED, POSITIVE MEDIAN BARRIER",NO DEFECTS,WITHIN INTERSECTION,FOUR APPROACHES,NO,,,,NO,HEAD ON,"398 LYNNHAVEN PW
VIRGINIA BEACH, VA
(36.833895, -76.067226)"
2016044184.0,10/25/2016,1051,TUE,200 ROSEMONT RD,Yes,3.0,322.0,2,ON ROADWAY,NO ADVERSE CONDITION (CLEAR/CLOUDY),DAYLIGHT,YES-WORKING,TRAFFIC LANES MARKED,STRAIGHT-LEVEL,DRY,"BLACKTOP, ASPHALT, BITUMINOUS","TWO-WAY, DIVIDED, POSITIVE MEDIAN BARRIER",NO DEFECTS,INTERSECTION-RELATED-WITHIN 150`,FOUR APPROACHES,NO,,,,NO,ANGLE,"3600 VIRGINIA BEACH BL
VIRGINIA BEACH, VA
(36.840796, -76.095958)"
2016034438.0,08/19/2016,1516,FRI,BERRIE CI,Yes,3.0,330.0,2,ON ROADWAY,RAIN,DAYLIGHT,NO TRAFFIC CONTROL DEVICE PRESENT,NO TRAFFIC CONTROL,STRAIGHT-LEVEL,WET,"BLACKTOP, ASPHALT, BITUMINOUS","TWO-WAY, NOT DIVIDED",NO DEFECTS,WITHIN INTERSECTION,THREE APPROACHES,NO,,,,NO,ANGLE,"4715 GREENWELL RD N
VIRGINIA BEACH, VA
(36.908221, -76.132668)"
2016038412.0,09/14/2016,1952,WED,GOVERNORS WY,Yes,4.0,428.0,3,ON ROADWAY,NO ADVERSE CONDITION (CLEAR/CLOUDY),DARKNESS-ROAD LIGHTED,YES-WORKING,TRAFFIC SIGNAL,STRAIGHT-LEVEL,DRY,"BLACKTOP, ASPHALT, BITUMINOUS","TWO-WAY, DIVIDED, UNPROTECTED MEDIAN",NO DEFECTS,WITHIN INTERSECTION,FOUR APPROACHES,NO,,,,NO,ANGLE,"3899 HOLLAND RD
VIRGINIA BEACH, VA
(36.816153, -76.109159)"
2016036687.0,09/02/2016,2155,FRI,CONCERT DR,Yes,1.0,128.0,2,ON ROADWAY,RAIN,DARKNESS-ROAD LIGHTED,YES-WORKING,TRAFFIC SIGNAL,STRAIGHT-LEVEL,WET,"BLACKTOP, ASPHALT, BITUMINOUS","TWO-WAY, NOT DIVIDED",NO DEFECTS,WITHIN INTERSECTION,THREE APPROACHES,NO,,,,NO,REAR END,"1699 ROSEMONT RD S
VIRGINIA BEACH, VA
(36.7835, -76.090719)"
2016044867.0,10/29/2016,2304,SAT,DAM NECK RD,00.75 Miles From,2.0,228.0,1,ROADSIDE,NO ADVERSE CONDITION (CLEAR/CLOUDY),DARKNESS-ROAD NOT LIGHTED,NO TRAFFIC CONTROL DEVICE PRESENT,NO TRAFFIC CONTROL,CURVE-LEVEL,DRY,"BLACKTOP, ASPHALT, BITUMINOUS","TWO-WAY, NOT DIVIDED",NO DEFECTS,NON-INTERSECTION,NOT AT INTERSECTION,NO,,,,NO,FIXED OBJECT-OFF ROAD,"1700 HARPERS RD
VIRGINIA BEACH, VA
(36.794356, -76.025182)"
2016040806.0,10/01/2016,1033,SAT,NS TOMCAT BL,Yes,2.0,228.0,1,ON ROADWAY,NO ADVERSE CONDITION (CLEAR/CLOUDY),DAYLIGHT,YES-WORKING,TRAFFIC SIGNAL,STRAIGHT-LEVEL,DRY,"BLACKTOP, ASPHALT, BITUMINOUS","TWO-WAY, DIVIDED, UNPROTECTED MEDIAN",NO DEFECTS,WITHIN INTERSECTION,THREE APPROACHES,NO,,,,NO,OTHER,"1049 OCEANA BL
VIRGINIA BEACH, VA
(36.805319, -76.004947)"
2016037660.0,09/09/2016,2004,FRI,CONCERT DR,Yes,1.0,128.0,2,ON ROADWAY,NO ADVERSE CONDITION (CLEAR/CLOUDY),DARKNESS-ROAD LIGHTED,YES-WORKING,TRAFFIC SIGNAL,STRAIGHT-LEVEL,DRY,"BLACKTOP, ASPHALT, BITUMINOUS","TWO-WAY, DIVIDED, UNPROTECTED MEDIAN",NO DEFECTS,WITHIN INTERSECTION,FOUR APPROACHES,NO,,,,NO,REAR END,"3519 PRINCESS ANNE RD
VIRGINIA BEACH, VA
(36.778988, -76.096653)"
2016042635.0,10/14/2016,1915,FRI,OCEANA BL,Yes,1.0,123.0,2,ON ROADWAY,NO ADVERSE CONDITION (CLEAR/CLOUDY),DUSK,YES-WORKING,TRAFFIC SIGNAL,STRAIGHT-LEVEL,DRY,CONCRETE,"TWO-WAY, DIVIDED, POSITIVE MEDIAN BARRIER",NO DEFECTS,WITHIN INTERSECTION,FOUR APPROACHES,NO,,,,NO,ANGLE,"1300 GENERAL BOOTH BL
VIRGINIA BEACH, VA
(36.793727, -75.995316)"
2016044332.0,10/26/2016,1230,WED,LAUREL COVE DR,Yes,2.0,221.0,2,ON ROADWAY,NO ADVERSE CONDITION (CLEAR/CLOUDY),DAYLIGHT,YES-WORKING,TRAFFIC SIGNAL,STRAIGHT-LEVEL,DRY,"BLACKTOP, ASPHALT, BITUMINOUS","TWO-WAY, DIVIDED, UNPROTECTED MEDIAN",NO DEFECTS,WITHIN INTERSECTION,FOUR APPROACHES,NO,,,,NO,ANGLE,"1280 GREAT NECK RD N
VIRGINIA BEACH, VA
(36.873813, -76.0395)"
2016041496.0,10/06/2016,1815,THU,RUNAWAY BAY DR,Yes,3.0,322.0,2,ON ROADWAY,RAIN,DUSK,YES-WORKING,TRAFFIC LANES MARKED,STRAIGHT-LEVEL,WET,"BLACKTOP, ASPHALT, BITUMINOUS","TWO-WAY, NOT DIVIDED",SLICK PAVEMENT,WITHIN INTERSECTION,FOUR APPROACHES,NO,,,,NO,ANGLE,"3996 BONNEY RD
VIRGINIA BEACH, VA
(36.838528, -76.113503)"
2016036800.0,09/03/2016,2121,SAT,OHARE DR,Yes,4.0,426.0,1,ROADSIDE,NO ADVERSE CONDITION (CLEAR/CLOUDY),DARKNESS-ROAD LIGHTED,YES-WORKING,STOP SIGN,STRAIGHT-LEVEL,DRY,"BLACKTOP, ASPHALT, BITUMINOUS","TWO-WAY, NOT DIVIDED",NO DEFECTS,MAIN-LINE ROADWAY,THREE APPROACHES,NO,,,,NO,FIXED OBJECT-OFF ROAD,"1926 DAHLIA DR
VIRGINIA BEACH, VA
(36.797143, -76.118738)"
2016041271.0,10/05/2016,608,WED,FENTON ST,Yes,4.0,422.0,2,ON ROADWAY,NO ADVERSE CONDITION (CLEAR/CLOUDY),DARKNESS-ROAD LIGHTED,NO TRAFFIC CONTROL DEVICE PRESENT,NO TRAFFIC CONTROL,STRAIGHT-LEVEL,DRY,"BLACKTOP, ASPHALT, BITUMINOUS","TWO-WAY, DIVIDED, UNPROTECTED MEDIAN",NO DEFECTS,WITHIN INTERSECTION,TWO APPROACHES,NO,,,,NO,REAR END,"5539 INDIAN RIVER RD
VIRGINIA BEACH, VA
(36.802067, -76.184346)"
2016042584.0,10/14/2016,1330,FRI,NEWSTEAD DR,Yes,1.0,122.0,2,ON ROADWAY,NO ADVERSE CONDITION (CLEAR/CLOUDY),DAYLIGHT,NO TRAFFIC CONTROL DEVICE PRESENT,TRAFFIC LANES MARKED,STRAIGHT-LEVEL,DRY,"BLACKTOP, ASPHALT, BITUMINOUS","TWO-WAY, NOT DIVIDED",NO DEFECTS,WITHIN INTERSECTION,THREE APPROACHES,NO,,,,NO,ANGLE,"2324 PRINCESS ANNE RD
VIRGINIA BEACH, VA
(36.755247, -76.037455)"
2016040076.0,09/26/2016,1440,MON,SCHOOLHOUSE RD,Yes,4.0,421.0,2,ON ROADWAY,NO ADVERSE CONDITION (CLEAR/CLOUDY),DAYLIGHT,YES-WORKING,TRAFFIC LANES MARKED,STRAIGHT-LEVEL,DRY,"BLACKTOP, ASPHALT, BITUMINOUS","TWO-WAY, DIVIDED, POSITIVE MEDIAN BARRIER",NO DEFECTS,WITHIN INTERSECTION,THREE APPROACHES,NO,,,,YES,REAR END,"1938 KEMPSVILLE RD
VIRGINIA BEACH, VA
(36.779245, -76.194233)"
2016038228.0,09/13/2016,1441,TUE,CRIMSON HOLLY LA,Yes,4.0,428.0,2,ON ROADWAY,NO ADVERSE CONDITION (CLEAR/CLOUDY),DAYLIGHT,NO TRAFFIC CONTROL DEVICE PRESENT,TRAFFIC LANES MARKED,STRAIGHT-LEVEL,DRY,"BLACKTOP, ASPHALT, BITUMINOUS","TWO-WAY, DIVIDED, POSITIVE MEDIAN BARRIER",NO DEFECTS,WITHIN INTERSECTION,THREE APPROACHES,NO,,,,NO,REAR END,"1299 LYNNHAVEN PW
VIRGINIA BEACH, VA
(36.796548, -76.0882)"
2016035245.0,08/24/2016,1557,WED,WESTMINSTER LA,Yes,2.0,222.0,2,ON ROADWAY,NO ADVERSE CONDITION (CLEAR/CLOUDY),DAYLIGHT,YES-WORKING,STOP SIGN,STRAIGHT-LEVEL,DRY,"BLACKTOP, ASPHALT, BITUMINOUS","TWO-WAY, DIVIDED, UNPROTECTED MEDIAN",NO DEFECTS,WITHIN INTERSECTION,THREE APPROACHES,NO,,,,NO,ANGLE,"731 REGENCY DR
VIRGINIA BEACH, VA
(36.852021, -76.034454)"
2016041762.0,10/10/2016,1052,MON,CLEARWOOD CT,Yes,4.0,428.0,1,ON ROADWAY,NO ADVERSE CONDITION (CLEAR/CLOUDY),DAYLIGHT,NO TRAFFIC CONTROL DEVICE PRESENT,NO TRAFFIC CONTROL,STRAIGHT-LEVEL,DRY,"BLACKTOP, ASPHALT, BITUMINOUS","TWO-WAY, NOT DIVIDED",NO DEFECTS,MAIN-LINE ROADWAY,FOUR APPROACHES,NO,,,,NO,FIXED OBJECT-OFF ROAD,"1100 FORESTWOOD DR
VIRGINIA BEACH, VA
(36.804873, -76.10635)"
2016035391.0,08/25/2016,1244,THU,1300 SALEM RD,Yes,4.0,425.0,2,ON ROADWAY,NO ADVERSE CONDITION (CLEAR/CLOUDY),DAWN,YES-WORKING,TRAFFIC SIGNAL,STRAIGHT-LEVEL,DRY,"BLACKTOP, ASPHALT, BITUMINOUS","TWO-WAY, DIVIDED, UNPROTECTED MEDIAN",NO DEFECTS,WITHIN INTERSECTION,FOUR APPROACHES,NO,,,,NO,REAR END,"4365 PRINCESS ANNE RD
VIRGINIA BEACH, VA
(36.800079, -76.12986)"
2016038958.0,09/18/2016,1821,SUN,1600 GENERAL BOOTH BL,Yes,1.0,123.0,2,ON ROADWAY,NO ADVERSE CONDITION (CLEAR/CLOUDY),DAYLIGHT,YES-WORKING,TRAFFIC SIGNAL,CURVE-LEVEL,DRY,"BLACKTOP, ASPHALT, BITUMINOUS","TWO-WAY, DIVIDED, UNPROTECTED MEDIAN",NO DEFECTS,INTERSECTION-RELATED-WITHIN 150`,FOUR APPROACHES,NO,,,,NO,REAR END,"1009 DAM NECK RD
VIRGINIA BEACH, VA
(36.785855, -75.993983)"
2016036454.0,09/01/2016,1210,THU,CONCERT DR,Yes,1.0,128.0,2,ON ROADWAY,NO ADVERSE CONDITION (CLEAR/CLOUDY),DAYLIGHT,YES-WORKING,TRAFFIC SIGNAL,STRAIGHT-LEVEL,DRY,"BLACKTOP, ASPHALT, BITUMINOUS","TWO-WAY, DIVIDED, POSITIVE MEDIAN BARRIER",NO DEFECTS,INTERSECTION-RELATED-WITHIN 150`,FOUR APPROACHES,NO,,,,NO,REAR END,"3518 PRINCESS ANNE RD
VIRGINIA BEACH, VA
(36.779131, -76.096534)"
2016039313.0,09/21/2016,1545,WED,RED TIDE RD,Yes,2.0,220.0,3,ON ROADWAY,RAIN,DAYLIGHT,YES-WORKING,STOP SIGN,STRAIGHT-LEVEL,WET,"BLACKTOP, ASPHALT, BITUMINOUS","TWO-WAY, DIVIDED, UNPROTECTED MEDIAN",NO DEFECTS,INTERSECTION-RELATED-WITHIN 150`,FOUR APPROACHES,NO,,,,NO,REAR END,"2947 SHORE DR
VIRGINIA BEACH, VA
(36.91087, -76.073382)"
2016044394.0,10/26/2016,1742,WED,5000 PLESANT VALLEY RD,Yes,4.0,422.0,2,ON ROADWAY,NO ADVERSE CONDITION (CLEAR/CLOUDY),DAYLIGHT,YES-WORKING,STOP SIGN,STRAIGHT-LEVEL,DRY,"BLACKTOP, ASPHALT, BITUMINOUS","TWO-WAY, DIVIDED, POSITIVE MEDIAN BARRIER",NO DEFECTS,WITHIN INTERSECTION,FOUR APPROACHES,NO,,,,NO,ANGLE,"1196 INDIAN LAKES BL
VIRGINIA BEACH, VA
(36.801916, -76.158371)"
2016035075.0,08/23/2016,1544,TUE,REPUBLIC RD,Yes,2.0,222.0,2,ON ROADWAY,NO ADVERSE CONDITION (CLEAR/CLOUDY),DAYLIGHT,YES-WORKING,TRAFFIC SIGNAL,CURVE-LEVEL,DRY,"BLACKTOP, ASPHALT, BITUMINOUS","TWO-WAY, NOT DIVIDED",NO DEFECTS,WITHIN INTERSECTION,FOUR APPROACHES,NO,,,,NO,ANGLE,"799 FIRST COLONIAL RD
VIRGINIA BEACH, VA
(36.853107, -76.022829)"
2016037141.0,09/06/2016,1128,TUE,FOUNDERS INN,Yes,4.0,422.0,2,ON ROADWAY,NO ADVERSE CONDITION (CLEAR/CLOUDY),DAYLIGHT,NO TRAFFIC CONTROL DEVICE PRESENT,NO TRAFFIC CONTROL,STRAIGHT-LEVEL,DRY,"BLACKTOP, ASPHALT, BITUMINOUS","TWO-WAY, DIVIDED, UNPROTECTED MEDIAN",NO DEFECTS,INTERSECTION-RELATED-WITHIN 150`,THREE APPROACHES,NO,,,,NO,ANGLE,"5661 INDIAN RIVER RD
VIRGINIA BEACH, VA
(36.80471, -76.190164)"