CASE Number,Accident Date,Accident Time,Day of Week,Nearest Street,At Intersection,Precinct,Zone ID,Number of Vehicles Involved,Location of First Harmful Event,Weather Condition,Light Conditions,Traffic Control Device,Traffic Control Type,Roadway Alignment,Roadway Surface Condition,Roadway Surface type,Roadway Description,Roadway defects,Relation to Roadway,Intersection Type,Work Zone Related,Workers Present in Work Zone,Work Zone Location,Work Zone Type,School Zone,Type of Collision,Location 1
2016024651.0,06/19/2016,1220,SUN,1800 CONCERT DR,.20 Miles From,1.0,128.0,2,ON ROADWAY,NO ADVERSE CONDITION (CLEAR/CLOUDY),DAYLIGHT,YES-WORKING,TRAFFIC SIGNAL,STRAIGHT-LEVEL,DRY,"BLACKTOP, ASPHALT, BITUMINOUS","TWO-WAY, NOT DIVIDED",NO DEFECTS,NON-INTERSECTION,NOT AT INTERSECTION,NO,,,,NO,REAR END,"3600 PRINCESS ANNE RD
VIRGINIA BEACH, VA
(36.781057, -76.099573)"
2016029413.0,07/17/2016,1944,SUN,NS MITCHER BL,800 Feet From,2.0,224.0,1,ON ROADWAY,NO ADVERSE CONDITION (CLEAR/CLOUDY),DAYLIGHT,NO TRAFFIC CONTROL DEVICE PRESENT,NO TRAFFIC CONTROL,STRAIGHT-LEVEL,DRY,"BLACKTOP, ASPHALT, BITUMINOUS","TWO-WAY, DIVIDED, UNPROTECTED MEDIAN",NO DEFECTS,MAIN-LINE ROADWAY,NOT AT INTERSECTION,NO,,,,NO,OTHER,"1950 POTTERS RD
VIRGINIA BEACH, VA
(36.838033, -76.034703)"
2016005693.0,02/14/2016,1020,SUN,DIAMOND SPRINGS RD,250 Feet From,3.0,331.0,2,ON ROADWAY,NO ADVERSE CONDITION (CLEAR/CLOUDY),DAYLIGHT,NO TRAFFIC CONTROL DEVICE PRESENT,NO TRAFFIC CONTROL,STRAIGHT-LEVEL,DRY,"BLACKTOP, ASPHALT, BITUMINOUS","TWO-WAY, DIVIDED, UNPROTECTED MEDIAN",NO DEFECTS,NON-INTERSECTION,NOT AT INTERSECTION,NO,,,,NO,ANGLE,"5500 SHORE DR
VIRGINIA BEACH, VA
(36.906611, -76.173358)"
2016043248.0,10/18/2016,2052,TUE,ROSEMONT RD,1.00 Miles From,3.0,322.0,2,ON ROADWAY,NO ADVERSE CONDITION (CLEAR/CLOUDY),DAYLIGHT,NO TRAFFIC CONTROL DEVICE PRESENT,ONE WAY ROAD OR STREET,STRAIGHT-LEVEL,DRY,"BLACKTOP, ASPHALT, BITUMINOUS","TWO-WAY, DIVIDED, POSITIVE MEDIAN BARRIER",NO DEFECTS,MAIN-LINE ROADWAY,FOUR APPROACHES,NO,,,,NO,ANGLE,"3708 VIRGINIA BEACH BL
VIRGINIA BEACH, VA
(36.840175, -76.100127)"
2016018273.0,05/16/2016,1350,MON,GENERAL BOOTH BL,250 Feet From,2.0,228.0,1,ON ROADWAY,NO ADVERSE CONDITION (CLEAR/CLOUDY),DAYLIGHT,NO TRAFFIC CONTROL DEVICE PRESENT,NO TRAFFIC CONTROL,STRAIGHT-LEVEL,DRY,CONCRETE,"TWO-WAY, NOT DIVIDED",NO DEFECTS,MAIN-LINE ROADWAY,NOT AT INTERSECTION,NO,,,,NO,FIXED OBJECT-OFF ROAD,"999 PROSPERITY RD
VIRGINIA BEACH, VA
(36.793725, -75.995034)"
2016026280.0,06/28/2016,600,TUE,SALEM RD,1.00 Miles From,1.0,125.0,1,ON ROADWAY,NO ADVERSE CONDITION (CLEAR/CLOUDY),DAYLIGHT,NO TRAFFIC CONTROL DEVICE PRESENT,TRAFFIC LANES MARKED,CURVE-LEVEL,DRY,CONCRETE,"TWO-WAY, DIVIDED, UNPROTECTED MEDIAN",NO DEFECTS,NON-INTERSECTION,NOT AT INTERSECTION,NO,,,,NO,NON-COLLISION,"3600 LANDSTOWN RD
VIRGINIA BEACH, VA
(36.756653, -76.099778)"
2016029957.0,07/21/2016,1120,THU,GREEN RUN BL,10 Feet From,1.0,126.0,2,ON ROADWAY,NO ADVERSE CONDITION (CLEAR/CLOUDY),DAYLIGHT,YES-WORKING,TRAFFIC SIGNAL,STRAIGHT-LEVEL,DRY,"BLACKTOP, ASPHALT, BITUMINOUS","TWO-WAY, DIVIDED, UNPROTECTED MEDIAN",NO DEFECTS,INTERSECTION-RELATED-WITHIN 150`,FOUR APPROACHES,NO,,,,NO,REAR END,"3320 HOLLAND RD
VIRGINIA BEACH, VA
(36.801123, -76.086611)"
2016002830.0,01/23/2016,1624,SAT,BURTON STATION RD,300 Feet From,3.0,331.0,3,ON ROADWAY,SNOW,DARKNESS-ROAD LIGHTED,YES-WORKING,TRAFFIC SIGNAL,STRAIGHT-LEVEL,SNOWY,"BLACKTOP, ASPHALT, BITUMINOUS","TWO-WAY, DIVIDED, UNPROTECTED MEDIAN",NO DEFECTS,NON-INTERSECTION,NOT AT INTERSECTION,NO,,,,NO,REAR END,"5800 NORTHAMPTON BL
VIRGINIA BEACH, VA
(36.882286, -76.185245)"
2016001667.0,01/14/2016,900,THU,BRANDON BL,300 Feet From,4.0,421.0,2,ON ROADWAY,NO ADVERSE CONDITION (CLEAR/CLOUDY),DAYLIGHT,YES-WORKING,TRAFFIC LANES MARKED,STRAIGHT-LEVEL,DRY,"BLACKTOP, ASPHALT, BITUMINOUS","TWO-WAY, NOT DIVIDED",NO DEFECTS,NON-INTERSECTION,NOT AT INTERSECTION,NO,,,,NO,REAR END,"1500 CENTERVILLE TP
VIRGINIA BEACH, VA
(36.791066, -76.196656)"
2016023400.0,06/10/2016,1622,FRI,PLAINSMAN TRL,.25 Miles From,1.0,126.0,2,ON ROADWAY,NO ADVERSE CONDITION (CLEAR/CLOUDY),DAYLIGHT,YES-WORKING,TRAFFIC LANES MARKED,STRAIGHT-LEVEL,DRY,"BLACKTOP, ASPHALT, BITUMINOUS","TWO-WAY, NOT DIVIDED",NO DEFECTS,NON-INTERSECTION,NOT AT INTERSECTION,NO,,,,NO,ANGLE,"3300 BOW CREEK BL
VIRGINIA BEACH, VA
(36.817184, -76.086349)"
2016013792.0,04/10/2016,1813,SUN,WINDBROOKE LA,100 Feet From,4.0,423.0,2,ON ROADWAY,NO ADVERSE CONDITION (CLEAR/CLOUDY),DAYLIGHT,NO TRAFFIC CONTROL DEVICE PRESENT,NO TRAFFIC CONTROL,STRAIGHT-LEVEL,DRY,"BLACKTOP, ASPHALT, BITUMINOUS","TWO-WAY, NOT DIVIDED",NO DEFECTS,NON-INTERSECTION,NOT AT INTERSECTION,NO,,,,NO,ANGLE,"4861 WOODS EDGE RD
VIRGINIA BEACH, VA
(36.828206, -76.15412)"
2016037094.0,09/05/2016,2118,MON,HOLCOMB PL,50 Feet From,3.0,327.0,3,ON ROADWAY,NO ADVERSE CONDITION (CLEAR/CLOUDY),DARKNESS-ROAD LIGHTED,NO TRAFFIC CONTROL DEVICE PRESENT,NO TRAFFIC CONTROL,STRAIGHT-LEVEL,DRY,CONCRETE,"TWO-WAY, NOT DIVIDED",NO DEFECTS,NON-INTERSECTION,NOT AT INTERSECTION,NO,,,,NO,SIDESWIPE-OPPOSITE DIRECTION,"900 BROAD MEADOWS
VIRGINIA BEACH, VA
(36.867592, -76.161677)"
2016036482.0,09/01/2016,1434,THU,HARPERS RD,999 Feet From,1.0,123.0,1,ON ROADWAY,RAIN,DAYLIGHT,YES-WORKING,TRAFFIC LANES MARKED,STRAIGHT-LEVEL,WET,"BLACKTOP, ASPHALT, BITUMINOUS","TWO-WAY, DIVIDED, UNPROTECTED MEDIAN",NO DEFECTS,NON-INTERSECTION,NOT AT INTERSECTION,NO,,,,NO,OTHER,"1900 DAM NECK RD
VIRGINIA BEACH, VA
(36.784658, -76.039189)"
2016040908.0,10/02/2016,110,SUN,INDEPENDENCE BL S,200 Feet From,4.0,426.0,2,ON ROADWAY,NO ADVERSE CONDITION (CLEAR/CLOUDY),DARKNESS-ROAD LIGHTED,YES-WORKING,TRAFFIC SIGNAL,STRAIGHT-LEVEL,DRY,"BLACKTOP, ASPHALT, BITUMINOUS","TWO-WAY, DIVIDED, UNPROTECTED MEDIAN",NO DEFECTS,INTERSECTION-RELATED-OUTSIDE 150`,TWO APPROACHES,NO,,,,NO,HEAD ON,"WINDSOR OAKS BL
VIRGINIA BEACH, VA
"
2016028894.0,07/14/2016,1049,THU,INVESTORS PL,200 Feet From,4.0,427.0,2,ON ROADWAY,NO ADVERSE CONDITION (CLEAR/CLOUDY),DAYLIGHT,YES-WORKING,TRAFFIC LANES MARKED,STRAIGHT-LEVEL,DRY,"BLACKTOP, ASPHALT, BITUMINOUS","TWO-WAY, DIVIDED, UNPROTECTED MEDIAN",NO DEFECTS,NON-INTERSECTION,NOT AT INTERSECTION,NO,,,,NO,SIDESWIPE-SAME DIRECTION,"400 INDEPENDENCE BL S
VIRGINIA BEACH, VA
(36.828632, -76.134522)"
2016003786.0,01/31/2016,31,SUN,WHITEHURST LANDING RD,300 Feet From,4.0,422.0,2,ON ROADWAY,NO ADVERSE CONDITION (CLEAR/CLOUDY),DARKNESS-ROAD LIGHTED,YES-WORKING,OTHER,STRAIGHT-LEVEL,DRY,"BLACKTOP, ASPHALT, BITUMINOUS","TWO-WAY, NOT DIVIDED",NO DEFECTS,NON-INTERSECTION,NOT AT INTERSECTION,NO,,,,NO,ANGLE,"5512 PROVIDENCE RD
VIRGINIA BEACH, VA
(36.814804, -76.182817)"
2016010155.0,03/17/2016,1443,THU,200 LYNNHAVEN PW,80 Feet From,3.0,320.0,4,ON ROADWAY,NO ADVERSE CONDITION (CLEAR/CLOUDY),DAYLIGHT,YES-WORKING,TRAFFIC LANES MARKED,STRAIGHT-LEVEL,DRY,"BLACKTOP, ASPHALT, BITUMINOUS","TWO-WAY, DIVIDED, POSITIVE MEDIAN BARRIER",NO DEFECTS,NON-INTERSECTION,NOT AT INTERSECTION,NO,,,,NO,REAR END,"2600 VIRGINIA BEACH BL
VIRGINIA BEACH, VA
(36.84116, -76.061592)"
2016042604.0,10/14/2016,1545,FRI,DRIFT TIDE DR,300 Feet From,4.0,420.0,2,ON ROADWAY,NO ADVERSE CONDITION (CLEAR/CLOUDY),DAYLIGHT,NO TRAFFIC CONTROL DEVICE PRESENT,NO TRAFFIC CONTROL,STRAIGHT-LEVEL,DRY,"BLACKTOP, ASPHALT, BITUMINOUS","TWO-WAY, DIVIDED, UNPROTECTED MEDIAN",NO DEFECTS,NON-INTERSECTION,NOT AT INTERSECTION,NO,,,,NO,REAR END,"756 MILITARY HY S
VIRGINIA BEACH, VA
(36.821345, -76.211882)"
2016040686.0,09/30/2016,1532,FRI,2398 GENERAL BOOTH BL,20 Feet From,1.0,122.0,2,ON ROADWAY,NO ADVERSE CONDITION (CLEAR/CLOUDY),DAYLIGHT,YES-WORKING,TRAFFIC SIGNAL,CURVE-LEVEL,DRY,"BLACKTOP, ASPHALT, BITUMINOUS","TWO-WAY, DIVIDED, UNPROTECTED MEDIAN",NO DEFECTS,NON-INTERSECTION,NOT AT INTERSECTION,NO,,,,NO,REAR END,"2207 PRINCESS ANNE RD
VIRGINIA BEACH, VA
(36.760027, -76.019625)"
2016000950.0,01/08/2016,835,FRI,THURSTON AV,10 Feet From,3.0,331.0,1,ON ROADWAY,NO ADVERSE CONDITION (CLEAR/CLOUDY),DAYLIGHT,NO TRAFFIC CONTROL DEVICE PRESENT,NO TRAFFIC CONTROL,OTHER,DRY,"BLACKTOP, ASPHALT, BITUMINOUS","TWO-WAY, NOT DIVIDED",NO DEFECTS,NON-INTERSECTION,NOT AT INTERSECTION,NO,,,,NO,OTHER,"1499 BAKER RD
VIRGINIA BEACH, VA
(36.897469, -76.184729)"
2016017211.0,05/02/2016,1838,MON,GREAT NECK RD N,500 Feet From,2.0,222.0,2,ON ROADWAY,NO ADVERSE CONDITION (CLEAR/CLOUDY),DAYLIGHT,YES-WORKING,TRAFFIC LANES MARKED,STRAIGHT-LEVEL,DRY,"BLACKTOP, ASPHALT, BITUMINOUS","TWO-WAY, DIVIDED, UNPROTECTED MEDIAN",NO DEFECTS,MAIN-LINE ROADWAY,NOT AT INTERSECTION,NO,,,,NO,REAR END,"2301 VIRGINIA BEACH BL
VIRGINIA BEACH, VA
(36.841546, -76.048109)"
2016002837.0,01/23/2016,1706,SAT,840 MILITARY HW S,100 Feet From,4.0,420.0,2,ON ROADWAY,SNOW,DARKNESS-ROAD LIGHTED,YES-WORKING,TRAFFIC LANES MARKED,STRAIGHT-LEVEL,SLUSH,"BLACKTOP, ASPHALT, BITUMINOUS","TWO-WAY, DIVIDED, UNPROTECTED MEDIAN",NO DEFECTS,NON-INTERSECTION,NOT AT INTERSECTION,NO,,,,NO,SIDESWIPE-SAME DIRECTION,"6500 INDIAN RIVER RD
VIRGINIA BEACH, VA
(36.817803, -76.215619)"
2016037559.0,09/09/2016,214,FRI,BALTIC AV,30 Feet From,2.0,227.0,2,ON ROADWAY,NO ADVERSE CONDITION (CLEAR/CLOUDY),DARKNESS-ROAD LIGHTED,NO TRAFFIC CONTROL DEVICE PRESENT,NO TRAFFIC CONTROL,STRAIGHT-LEVEL,DRY,"BLACKTOP, ASPHALT, BITUMINOUS","ONE-WAY, NOT DIVIDED",NO DEFECTS,MAIN-LINE ROADWAY,NOT AT INTERSECTION,NO,,,,NO,ANGLE,"22ND ST
VIRGINIA BEACH, VA
"
2016040317.0,09/28/2016,1342,WED,LONDON BRIDGE RD,200 Feet From,1.0,124.0,2,ON ROADWAY,NO ADVERSE CONDITION (CLEAR/CLOUDY),DAYLIGHT,YES-WORKING,TRAFFIC LANES MARKED,STRAIGHT-LEVEL,DRY,"BLACKTOP, ASPHALT, BITUMINOUS","TWO-WAY, DIVIDED, UNPROTECTED MEDIAN",NO DEFECTS,MAIN-LINE ROADWAY,NOT AT INTERSECTION,NO,,,,NO,ANGLE,"GENERAL BOOTH BL
VIRGINIA BEACH, VA
"
2016040722.0,09/30/2016,1940,FRI,BONNEY RD,500 Feet From,3.0,324.0,2,ON ROADWAY,NO ADVERSE CONDITION (CLEAR/CLOUDY),DUSK,YES-WORKING,TRAFFIC LANES MARKED,STRAIGHT-LEVEL,DRY,"BLACKTOP, ASPHALT, BITUMINOUS","TWO-WAY, DIVIDED, POSITIVE MEDIAN BARRIER",NO DEFECTS,MAIN-LINE ROADWAY,NOT AT INTERSECTION,NO,,,,NO,REAR END,"INDEPENDENCE BL S
VIRGINIA BEACH, VA
"
2016053120.0,12/31/2016,1240,SAT,2900 QUEEN CITY RD,999 Feet From,,,2,ON ROADWAY,NO ADVERSE CONDITION (CLEAR/CLOUDY),DAYLIGHT,NO TRAFFIC CONTROL DEVICE PRESENT,NO TRAFFIC CONTROL,STRAIGHT-LEVEL,DRY,CONCRETE,"TWO-WAY, DIVIDED, UNPROTECTED MEDIAN",NO DEFECTS,MAIN-LINE ROADWAY,NOT AT INTERSECTION,NO,,,,NO,ANGLE,"6628 PROVIDENCE RD
VIRGINIA BEACH, VA
(36.810957, -76.219316)"
2016011218.0,03/24/2016,1935,THU,OCEANA BL,00.20 Miles From,2.0,224.0,1,ON ROADWAY,NO ADVERSE CONDITION (CLEAR/CLOUDY),DUSK,YES-WORKING,TRAFFIC LANES MARKED,CURVE-LEVEL,DRY,"BLACKTOP, ASPHALT, BITUMINOUS","TWO-WAY, NOT DIVIDED",NO DEFECTS,NON-INTERSECTION,NOT AT INTERSECTION,NO,,,,NO,FIXED OBJECT-OFF ROAD,"FIRST COLONIAL RD S
VIRGINIA BEACH, VA
"
2016042317.0,10/12/2016,1845,WED,PLEASANT VALLEY RD,999 Feet From,4.0,425.0,3,ON ROADWAY,NO ADVERSE CONDITION (CLEAR/CLOUDY),DARKNESS-ROAD LIGHTED,YES-WORKING,TRAFFIC LANES MARKED,STRAIGHT-LEVEL,DRY,"BLACKTOP, ASPHALT, BITUMINOUS","TWO-WAY, DIVIDED, UNPROTECTED MEDIAN",NO DEFECTS,NON-INTERSECTION,NOT AT INTERSECTION,NO,,,,NO,REAR END,"FERRELL PW
VIRGINIA BEACH, VA
"
2016035746.0,08/28/2016,1525,SUN,NOTLEY DR,20 Feet From,4.0,425.0,2,ON ROADWAY,NO ADVERSE CONDITION (CLEAR/CLOUDY),DAYLIGHT,NO TRAFFIC CONTROL DEVICE PRESENT,NO TRAFFIC CONTROL,STRAIGHT-LEVEL,DRY,"BLACKTOP, ASPHALT, BITUMINOUS","TWO-WAY, NOT DIVIDED",NO DEFECTS,NON-INTERSECTION,NOT AT INTERSECTION,NO,,,,NO,ANGLE,"4600 BOXFORD RD
VIRGINIA BEACH, VA
(36.791485, -76.140259)"
2016047306.0,11/16/2016,1739,WED,GARFIELD AV,25 Feet From,4.0,428.0,2,ON ROADWAY,NO ADVERSE CONDITION (CLEAR/CLOUDY),DUSK,NO TRAFFIC CONTROL DEVICE PRESENT,NO TRAFFIC CONTROL,STRAIGHT-LEVEL,DRY,"BLACKTOP, ASPHALT, BITUMINOUS","TWO-WAY, DIVIDED, POSITIVE MEDIAN BARRIER",NO DEFECTS,NON-INTERSECTION,NOT AT INTERSECTION,NO,,,,NO,REAR END,"3571 HOLLAND RD
VIRGINIA BEACH, VA
(36.812499, -76.096551)"
2016004546.0,02/05/2016,1359,FRI,DAM NECK RD,2.00 Miles From,2.0,228.0,2,ON ROADWAY,NO ADVERSE CONDITION (CLEAR/CLOUDY),DAYLIGHT,NO TRAFFIC CONTROL DEVICE PRESENT,NO TRAFFIC CONTROL,STRAIGHT-LEVEL,DRY,"BLACKTOP, ASPHALT, BITUMINOUS","TWO-WAY, NOT DIVIDED",NO DEFECTS,NON-INTERSECTION,NOT AT INTERSECTION,NO,,,,NO,SIDESWIPE-OPPOSITE DIRECTION,"1735 HARPERS RD
VIRGINIA BEACH, VA
(36.794289, -76.025774)"
2016051450.0,12/17/2016,1122,SAT,HOLLAND RD,25 Feet From,1.0,128.0,3,ON ROADWAY,RAIN,DAYLIGHT,YES-WORKING,TRAFFIC SIGNAL,STRAIGHT-LEVEL,WET,CONCRETE,"TWO-WAY, DIVIDED, POSITIVE MEDIAN BARRIER",NO DEFECTS,INTERSECTION-RELATED-WITHIN 150`,FOUR APPROACHES,NO,,,,NO,REAR END,"1200 LYNNHAVENN PW
VIRGINIA BEACH, VA
"
2016019119.0,05/15/2016,450,SUN,PRINCESS ANNE RD,300 Feet From,1.0,125.0,1,ON ROADWAY,NO ADVERSE CONDITION (CLEAR/CLOUDY),DAWN,YES-WORKING,TRAFFIC LANES MARKED,STRAIGHT-LEVEL,DRY,CONCRETE,"TWO-WAY, NOT DIVIDED",NO DEFECTS,NON-INTERSECTION,NOT AT INTERSECTION,NO,,,,NO,FIXED OBJECT-OFF ROAD,"1700 COMMUNITY COLLEGE PL
VIRGINIA BEACH, VA
(36.785669, -76.106823)"
2016007869.0,03/01/2016,1255,TUE,RT 264 LONDON BRIDGE EXIT,25 Feet From,2.0,224.0,3,ON ROADWAY,NO ADVERSE CONDITION (CLEAR/CLOUDY),DAYLIGHT,YES-WORKING,TRAFFIC LANES MARKED,STRAIGHT-LEVEL,DRY,"BLACKTOP, ASPHALT, BITUMINOUS","TWO-WAY, DIVIDED, UNPROTECTED MEDIAN",NO DEFECTS,NON-INTERSECTION,NOT AT INTERSECTION,NO,,,,NO,REAR END,"136 LONDON BRIDGE RD
VIRGINIA BEACH, VA
(36.838376, -76.049422)"
2016006803.0,02/22/2016,1900,MON,3300 CLUBHOUSE RD,400 Feet From,1.0,129.0,2,ON ROADWAY,NO ADVERSE CONDITION (CLEAR/CLOUDY),DARKNESS-ROAD LIGHTED,YES-WORKING,OTHER,STRAIGHT-LEVEL,DRY,"BLACKTOP, ASPHALT, BITUMINOUS","TWO-WAY, NOT DIVIDED",NO DEFECTS,NON-INTERSECTION,NOT AT INTERSECTION,NO,,,,NO,SIDESWIPE-SAME DIRECTION,"456 TURF DR
VIRGINIA BEACH, VA
(36.822279, -76.084758)"
2016000557.0,01/05/2016,825,TUE,BLACKWATER LO,15 Feet From,1.0,120.0,2,ON ROADWAY,NO ADVERSE CONDITION (CLEAR/CLOUDY),DAYLIGHT,YES-WORKING,TRAFFIC LANES MARKED,STRAIGHT-LEVEL,DRY,"BLACKTOP, ASPHALT, BITUMINOUS","TWO-WAY, NOT DIVIDED",NO DEFECTS,NON-INTERSECTION,NOT AT INTERSECTION,NO,,,,NO,SIDESWIPE-SAME DIRECTION,"5399 BLACKWATER RD
VIRGINIA BEACH, VA
(36.615436, -76.085733)"
2016031305.0,07/29/2016,1741,FRI,DAM NECK RD,.50 Miles From,1.0,123.0,2,ON ROADWAY,NO ADVERSE CONDITION (CLEAR/CLOUDY),DAYLIGHT,YES-WORKING,TRAFFIC SIGNAL,STRAIGHT-LEVEL,DRY,"BLACKTOP, ASPHALT, BITUMINOUS","TWO-WAY, DIVIDED, POSITIVE MEDIAN BARRIER",NO DEFECTS,MAIN-LINE ROADWAY,NOT AT INTERSECTION,NO,,,,NO,REAR END,"1600 GENERAL BOOTH BL
VIRGINIA BEACH, VA
(36.786013, -75.999206)"
2016019076.0,05/14/2016,2350,SAT,27TH ST,50 Feet From,2.0,227.0,5,ON ROADWAY,NO ADVERSE CONDITION (CLEAR/CLOUDY),DARKNESS-ROAD LIGHTED,NO TRAFFIC CONTROL DEVICE PRESENT,NO TRAFFIC CONTROL,STRAIGHT-LEVEL,DRY,CONCRETE,"TWO-WAY, DIVIDED, UNPROTECTED MEDIAN",NO DEFECTS,NON-INTERSECTION,NOT AT INTERSECTION,NO,,,,NO,OTHER,"2700 ARCTIC AV
VIRGINIA BEACH, VA
(36.854939, -75.980146)"
2016040930.0,10/02/2016,429,SUN,MILL OAK DR,300 Feet From,4.0,425.0,2,ON ROADWAY,NO ADVERSE CONDITION (CLEAR/CLOUDY),DARKNESS-ROAD LIGHTED,NO TRAFFIC CONTROL DEVICE PRESENT,NO TRAFFIC CONTROL,STRAIGHT-LEVEL,DRY,"BLACKTOP, ASPHALT, BITUMINOUS","TWO-WAY, NOT DIVIDED",NO DEFECTS,NON-INTERSECTION,NOT AT INTERSECTION,NO,,,,NO,REAR END,"4799 RUGBY RD
VIRGINIA BEACH, VA
(36.790099, -76.154591)"
2016020996.0,05/26/2016,2120,THU,NAUTICUS CI,25 Feet From,1.0,123.0,1,ROADSIDE,NO ADVERSE CONDITION (CLEAR/CLOUDY),DARKNESS-ROAD LIGHTED,NO TRAFFIC CONTROL DEVICE PRESENT,NO TRAFFIC CONTROL,STRAIGHT-LEVEL,DRY,"BLACKTOP, ASPHALT, BITUMINOUS","TWO-WAY, NOT DIVIDED",NO DEFECTS,NON-INTERSECTION,NOT AT INTERSECTION,NO,,,,NO,FIXED OBJECT-OFF ROAD,"1469 HARPERS RD
VIRGINIA BEACH, VA
(36.799674, -76.013712)"
2016007753.0,02/29/2016,1700,MON,BAYHEAD DR,200 Feet From,1.0,126.0,1,ON ROADWAY,NO ADVERSE CONDITION (CLEAR/CLOUDY),DAYLIGHT,NO TRAFFIC CONTROL DEVICE PRESENT,NO TRAFFIC CONTROL,STRAIGHT-LEVEL,DRY,"BLACKTOP, ASPHALT, BITUMINOUS","TWO-WAY, DIVIDED, UNPROTECTED MEDIAN",NO DEFECTS,NON-INTERSECTION,NOT AT INTERSECTION,NO,,,,NO,FIXED OBJECT-OFF ROAD,"3000 HOLLAND RD
VIRGINIA BEACH, VA
(36.782004, -76.076346)"
2016019627.0,05/18/2016,1700,WED,SILINA DR,300 Feet From,4.0,427.0,2,ON ROADWAY,NO ADVERSE CONDITION (CLEAR/CLOUDY),DAYLIGHT,NO TRAFFIC CONTROL DEVICE PRESENT,TRAFFIC LANES MARKED,STRAIGHT-LEVEL,DRY,"BLACKTOP, ASPHALT, BITUMINOUS","TWO-WAY, DIVIDED, POSITIVE MEDIAN BARRIER",NO DEFECTS,NON-INTERSECTION,NOT AT INTERSECTION,NO,,,,NO,REAR END,"420 ROSEMONT RD S
VIRGINIA BEACH, VA
(36.826484, -76.096062)"
2016001887.0,01/15/2016,2003,FRI,1600 DRAKESMILE RD,100 Feet From,1.0,124.0,1,ON ROADWAY,RAIN,DARKNESS-ROAD LIGHTED,YES-WORKING,TRAFFIC LANES MARKED,STRAIGHT-LEVEL,WET,"BLACKTOP, ASPHALT, BITUMINOUS","TWO-WAY, DIVIDED, UNPROTECTED MEDIAN",NO DEFECTS,MAIN-LINE ROADWAY,NOT AT INTERSECTION,NO,,,,NO,FIXED OBJECT IN ROAD,"2700 DAM NECK RD
VIRGINIA BEACH, VA
(36.787322, -76.06454)"
2016041204.0,10/04/2016,1345,TUE,SHELL RD,300 Feet From,3.0,331.0,1,SEPARATOR,NO ADVERSE CONDITION (CLEAR/CLOUDY),DAYLIGHT,YES-WORKING,TRAFFIC LANES MARKED,STRAIGHT-LEVEL,DRY,"BLACKTOP, ASPHALT, BITUMINOUS","TWO-WAY, DIVIDED, POSITIVE MEDIAN BARRIER",NO DEFECTS,NON-INTERSECTION,NOT AT INTERSECTION,NO,,,,NO,OTHER,"5300 NORTHAMPTON BL
VIRGINIA BEACH, VA
(36.891313, -76.173976)"
2016017415.0,05/04/2016,46,WED,1200 BAKER RD,999 Feet From,3.0,331.0,0,ON ROADWAY,NO ADVERSE CONDITION (CLEAR/CLOUDY),DARKNESS-ROAD LIGHTED,YES-WORKING,TRAFFIC LANES MARKED,STRAIGHT-LEVEL,DRY,"BLACKTOP, ASPHALT, BITUMINOUS","TWO-WAY, DIVIDED, UNPROTECTED MEDIAN",NO DEFECTS,NON-INTERSECTION,NOT AT INTERSECTION,NO,,,,NO,SIDESWIPE-SAME DIRECTION,"5800 NORTHAMPTON BL
VIRGINIA BEACH, VA
(36.882286, -76.185245)"
2016005320.0,02/11/2016,1445,THU,WESLEYAN DR,200 Feet From,3.0,326.0,1,ON ROADWAY,NO ADVERSE CONDITION (CLEAR/CLOUDY),DAYLIGHT,NO TRAFFIC CONTROL DEVICE PRESENT,NO TRAFFIC CONTROL,STRAIGHT-LEVEL,DRY,"BLACKTOP, ASPHALT, BITUMINOUS","TWO-WAY, DIVIDED, UNPROTECTED MEDIAN",LOOSE MATERIAL,NON-INTERSECTION,NOT AT INTERSECTION,NO,,,,NO,FIXED OBJECT IN ROAD,"6250 NORTHAMPTON BL
VIRGINIA BEACH, VA
"
2016006364.0,02/19/2016,2131,FRI,NEW YORK AV,1.00 Miles From,2.0,224.0,3,ON ROADWAY,NO ADVERSE CONDITION (CLEAR/CLOUDY),DARKNESS-ROAD LIGHTED,NO TRAFFIC CONTROL DEVICE PRESENT,TRAFFIC LANES MARKED,CURVE-LEVEL,DRY,"BLACKTOP, ASPHALT, BITUMINOUS","TWO-WAY, DIVIDED, UNPROTECTED MEDIAN",NO DEFECTS,NON-INTERSECTION,NOT AT INTERSECTION,NO,,,,NO,ANGLE,"100 OCEANA BL
VIRGINIA BEACH, VA
(36.838155, -76.016814)"
2016038659.0,09/16/2016,1724,FRI,,999 Feet From,1.0,129.0,2,ON ROADWAY,NO ADVERSE CONDITION (CLEAR/CLOUDY),DAYLIGHT,YES-WORKING,TRAFFIC LANES MARKED,STRAIGHT-LEVEL,DRY,"BLACKTOP, ASPHALT, BITUMINOUS","TWO-WAY, DIVIDED, POSITIVE MEDIAN BARRIER",NO DEFECTS,MAIN-LINE ROADWAY,NOT AT INTERSECTION,NO,,,,NO,REAR END,"199 PLAZA TL S
VIRGINIA BEACH, VA
"