CASE Number,Accident Date,Accident Time,Day of Week,Nearest Street,At Intersection,Precinct,Zone ID,Number of Vehicles Involved,Location of First Harmful Event,Weather Condition,Light Conditions,Traffic Control Device,Traffic Control Type,Roadway Alignment,Roadway Surface Condition,Roadway Surface type,Roadway Description,Roadway defects,Relation to Roadway,Intersection Type,Work Zone Related,Workers Present in Work Zone,Work Zone Location,Work Zone Type,School Zone,Type of Collision,Location 1
2016051301.0,12/16/2016,1342,FRI,GUM BRIDGE RD,500 Feet From,1.0,121.0,2,ON ROADWAY,NO ADVERSE CONDITION (CLEAR/CLOUDY),DAYLIGHT,NO TRAFFIC CONTROL DEVICE PRESENT,NO TRAFFIC CONTROL,STRAIGHT-LEVEL,DRY,"BLACKTOP, ASPHALT, BITUMINOUS","TWO-WAY, NOT DIVIDED",NO DEFECTS,NON-INTERSECTION,NOT AT INTERSECTION,NO,,,,NO,SIDESWIPE-OPPOSITE DIRECTION,"4237 MUDDY CREEK RD
VIRGINIA BEACH, VA
(36.66332, -75.986606)"
2016000548.0,01/05/2016,708,TUE,WEST NECK RD,50 Feet From,1.0,121.0,4,ON ROADWAY,SNOW,DAYLIGHT,YES-WORKING,TRAFFIC SIGNAL,STRAIGHT-LEVEL,ICY,"BLACKTOP, ASPHALT, BITUMINOUS","TWO-WAY, NOT DIVIDED",SLICK PAVEMENT,INTERSECTION-RELATED-WITHIN 150`,FOUR APPROACHES,NO,,,,NO,REAR END,"3039 NORTH LANDING RD
VIRGINIA BEACH, VA
(36.742929, -76.07796)"
2016051628.0,12/18/2016,1845,SUN,WEST NECK RD,1.00 Miles From,1.0,121.0,1,ON ROADWAY,RAIN,DARKNESS-ROAD NOT LIGHTED,NO TRAFFIC CONTROL DEVICE PRESENT,NO TRAFFIC CONTROL,STRAIGHT-LEVEL,WET,"BLACKTOP, ASPHALT, BITUMINOUS","TWO-WAY, NOT DIVIDED",NO DEFECTS,NON-INTERSECTION,NOT AT INTERSECTION,NO,,,,NO,FIXED OBJECT-OFF ROAD,"2800 INDIAN RIVER RD
VIRGINIA BEACH, VA
(36.724931, -76.070534)"
2016007208.0,02/25/2016,1827,THU,1299 CULVER LN,100 Feet From,1.0,123.0,2,ON ROADWAY,NO ADVERSE CONDITION (CLEAR/CLOUDY),DARKNESS-ROAD LIGHTED,YES-WORKING,TRAFFIC LANES MARKED,STRAIGHT-LEVEL,DRY,"BLACKTOP, ASPHALT, BITUMINOUS","TWO-WAY, DIVIDED, UNPROTECTED MEDIAN",NO DEFECTS,INTERSECTION-RELATED-WITHIN 150`,FOUR APPROACHES,NO,,,,NO,REAR END,"1898 GENERAL BOOTH BL
VIRGINIA BEACH, VA
(36.775181, -76.006208)"
2016045548.0,11/03/2016,1808,THU,SIRINE AV,500 Feet From,3.0,323.0,2,ON ROADWAY,NO ADVERSE CONDITION (CLEAR/CLOUDY),DAYLIGHT,NO TRAFFIC CONTROL DEVICE PRESENT,NO TRAFFIC CONTROL,STRAIGHT-LEVEL,DRY,"BLACKTOP, ASPHALT, BITUMINOUS","TWO-WAY, NOT DIVIDED",NO DEFECTS,MAIN-LINE ROADWAY,NOT AT INTERSECTION,NO,,,,NO,SIDESWIPE-SAME DIRECTION,"4744 BUNKER HILL LN
VIRGINIA BEACH, VA
(36.850921, -76.143409)"
2016036893.0,09/04/2016,1237,SUN,1001 BLACKSTONE TL,150 Feet From,1.0,126.0,2,ON ROADWAY,NO ADVERSE CONDITION (CLEAR/CLOUDY),DAYLIGHT,NO TRAFFIC CONTROL DEVICE PRESENT,TRAFFIC LANES MARKED,STRAIGHT-LEVEL,DRY,"BLACKTOP, ASPHALT, BITUMINOUS","TWO-WAY, DIVIDED, UNPROTECTED MEDIAN",NO DEFECTS,INTERSECTION-RELATED-WITHIN 150`,THREE APPROACHES,NO,,,,NO,ANGLE,"900 LYNNHAVEN PW
VIRGINIA BEACH, VA
(36.810688, -76.072006)"
2016037279.0,09/07/2016,550,WED,SENTRA WY,900 Feet From,3.0,322.0,3,ON ROADWAY,NO ADVERSE CONDITION (CLEAR/CLOUDY),DAWN,YES-WORKING,TRAFFIC LANES MARKED,STRAIGHT-LEVEL,DRY,"BLACKTOP, ASPHALT, BITUMINOUS","TWO-WAY, DIVIDED, UNPROTECTED MEDIAN",NO DEFECTS,NON-INTERSECTION,NOT AT INTERSECTION,NO,,,,NO,REAR END,"216 ROSEMONT RD N
VIRGINIA BEACH, VA
(36.840977, -76.098184)"
2016018739.0,05/12/2016,1638,THU,BONNEY RD,100 Feet From,4.0,423.0,2,ON ROADWAY,NO ADVERSE CONDITION (CLEAR/CLOUDY),DAYLIGHT,NO TRAFFIC CONTROL DEVICE PRESENT,NO TRAFFIC CONTROL,STRAIGHT-LEVEL,DRY,"BLACKTOP, ASPHALT, BITUMINOUS","TWO-WAY, DIVIDED, UNPROTECTED MEDIAN",NO DEFECTS,NON-INTERSECTION,NOT AT INTERSECTION,NO,,,,NO,SIDESWIPE-SAME DIRECTION,"392 WITCHDUCK RD S
VIRGINIA BEACH, VA
(36.828301, -76.159705)"
2016028890.0,07/14/2016,920,THU,HOLLAND RD,300 Feet From,4.0,426.0,2,ON ROADWAY,NO ADVERSE CONDITION (CLEAR/CLOUDY),DAYLIGHT,YES-WORKING,TRAFFIC LANES MARKED,STRAIGHT-LEVEL,DRY,"BLACKTOP, ASPHALT, BITUMINOUS","TWO-WAY, DIVIDED, UNPROTECTED MEDIAN",NO DEFECTS,NON-INTERSECTION,NOT AT INTERSECTION,NO,,,,NO,REAR END,"600 INDEPENDENCE BL S
VIRGINIA BEACH, VA
"
2016051363.0,12/16/2016,1934,FRI,ROSEMONT RD,650 Feet From,3.0,322.0,2,ON ROADWAY,NO ADVERSE CONDITION (CLEAR/CLOUDY),DARKNESS-ROAD LIGHTED,YES-WORKING,TRAFFIC LANES MARKED,STRAIGHT-LEVEL,DRY,"BLACKTOP, ASPHALT, BITUMINOUS","TWO-WAY, DIVIDED, POSITIVE MEDIAN BARRIER",NO DEFECTS,MAIN-LINE ROADWAY,NOT AT INTERSECTION,NO,,,,NO,ANGLE,"3707 VIRGINIA BEACH BL
VIRGINIA BEACH, VA
(36.840021, -76.099747)"
2016046501.0,11/10/2016,1732,THU,ELSON GREEN AV,100 Feet From,1.0,122.0,2,ON ROADWAY,NO ADVERSE CONDITION (CLEAR/CLOUDY),DARKNESS-ROAD LIGHTED,YES-WORKING,TRAFFIC LANES MARKED,STRAIGHT-LEVEL,DRY,"BLACKTOP, ASPHALT, BITUMINOUS","TWO-WAY, DIVIDED, UNPROTECTED MEDIAN",NO DEFECTS,NON-INTERSECTION,NOT AT INTERSECTION,NO,,,,NO,SIDESWIPE-SAME DIRECTION,"2199 UPTON DR
VIRGINIA BEACH, VA
(36.756491, -76.00683)"
2016013157.0,04/06/2016,1815,WED,WOLFSNARE DR,Yes,2.0,222.0,2,ON ROADWAY,NO ADVERSE CONDITION (CLEAR/CLOUDY),DAYLIGHT,YES-WORKING,TRAFFIC LANES MARKED,STRAIGHT-LEVEL,DRY,"BLACKTOP, ASPHALT, BITUMINOUS","TWO-WAY, DIVIDED, POSITIVE MEDIAN BARRIER",NO DEFECTS,INTERSECTION-RELATED-WITHIN 150`,FOUR APPROACHES,NO,,,,NO,REAR END,"GREAT NECK RD N
VIRGINIA BEACH, VA
"
2016007283.0,02/26/2016,915,FRI,CHIMNEY HILL PW,200 Feet From,4.0,428.0,2,ON ROADWAY,NO ADVERSE CONDITION (CLEAR/CLOUDY),DAYLIGHT,YES-WORKING,OTHER,STRAIGHT-LEVEL,DRY,"BLACKTOP, ASPHALT, BITUMINOUS","TWO-WAY, NOT DIVIDED",NO DEFECTS,NON-INTERSECTION,NOT AT INTERSECTION,NO,,,,NO,HEAD ON,"3476 SMOKEY CHAMBER DR
VIRGINIA BEACH, VA
(36.812644, -76.103279)"
2016035194.0,08/24/2016,1034,WED,LONDON BRIDGE RD,Feet From,2.0,228.0,2,ON ROADWAY,NO ADVERSE CONDITION (CLEAR/CLOUDY),DAYLIGHT,YES-WORKING,TRAFFIC SIGNAL,STRAIGHT-LEVEL,DRY,"BLACKTOP, ASPHALT, BITUMINOUS","TWO-WAY, DIVIDED, UNPROTECTED MEDIAN",NO DEFECTS,INTERSECTION-RELATED-WITHIN 150`,FOUR APPROACHES,NO,,,,NO,REAR END,"2300 DM NECK RD
VIRGINIA BEACH, VA
(36.784861, -76.050607)"
2016046251.0,11/08/2016,1615,TUE,COLLEGE DR,500 Feet From,3.0,326.0,1,ON ROADWAY,NO ADVERSE CONDITION (CLEAR/CLOUDY),DAYLIGHT,YES-WORKING,TRAFFIC LANES MARKED,STRAIGHT-LEVEL,DRY,CONCRETE,"TWO-WAY, DIVIDED, UNPROTECTED MEDIAN",NO DEFECTS,MAIN-LINE ROADWAY,NOT AT INTERSECTION,NO,,,,NO,PEDESTRIAN,"5800 WESLEYAN DR
VIRGINIA BEACH, VA
(36.87183, -76.183858)"
2016052171.0,12/22/2016,1709,THU,WATERS DR,50 Feet From,4.0,426.0,1,ROADSIDE,NO ADVERSE CONDITION (CLEAR/CLOUDY),DUSK,YES-WORKING,TRAFFIC LANES MARKED,STRAIGHT-LEVEL,DRY,"BLACKTOP, ASPHALT, BITUMINOUS","TWO-WAY, DIVIDED, UNPROTECTED MEDIAN",NO DEFECTS,NON-INTERSECTION,NOT AT INTERSECTION,NO,,,,NO,FIXED OBJECT-OFF ROAD,"4137 HOLLAND RD
VIRGINIA BEACH, VA
(36.817478, -76.117189)"
2016040979.0,10/02/2016,1604,SUN,3301 HOLLAND RD,200 Feet From,1.0,126.0,2,ON ROADWAY,NO ADVERSE CONDITION (CLEAR/CLOUDY),DAYLIGHT,YES-WORKING,TRAFFIC SIGNAL,STRAIGHT-LEVEL,DRY,"BLACKTOP, ASPHALT, BITUMINOUS","TWO-WAY, DIVIDED, UNPROTECTED MEDIAN",NO DEFECTS,NON-INTERSECTION,NOT AT INTERSECTION,NO,,,,NO,REAR END,"1100 LYNNHAVEN PW
VIRGINIA BEACH, VA
(36.804285, -76.082413)"
2016002901.0,01/24/2016,730,SUN,GREEN HILL RD,478 Feet From,2.0,221.0,1,ON ROADWAY,SNOW,DAYLIGHT,YES-WORKING,TRAFFIC LANES MARKED,STRAIGHT-LEVEL,SNOWY,"BLACKTOP, ASPHALT, BITUMINOUS","TWO-WAY, DIVIDED, POSITIVE MEDIAN BARRIER",SLICK PAVEMENT,MAIN-LINE ROADWAY,NOT AT INTERSECTION,NO,,,,NO,FIXED OBJECT-OFF ROAD,"1700 GREAT NECK RD N
VIRGINIA BEACH, VA
(36.890596, -76.053152)"
2016000911.0,01/07/2016,2304,THU,PACIFIC AV,Yes,2.0,227.0,2,ON ROADWAY,NO ADVERSE CONDITION (CLEAR/CLOUDY),DARKNESS-ROAD LIGHTED,YES-WORKING,TRAFFIC SIGNAL,STRAIGHT-LEVEL,DRY,"BLACKTOP, ASPHALT, BITUMINOUS","TWO-WAY, DIVIDED, POSITIVE MEDIAN BARRIER",NO DEFECTS,WITHIN INTERSECTION,THREE APPROACHES,NO,,,,NO,ANGLE,"4100 ATLANTIC AV
VIRGINIA BEACH, VA
(36.869366, -75.982128)"
2016002401.0,01/19/2016,1914,TUE,KEMPSVILLE RD,200 Feet From,4.0,421.0,2,ON ROADWAY,NO ADVERSE CONDITION (CLEAR/CLOUDY),DARKNESS-ROAD LIGHTED,YES-WORKING,TRAFFIC LANES MARKED,STRAIGHT-LEVEL,DRY,"BLACKTOP, ASPHALT, BITUMINOUS","TWO-WAY, DIVIDED, POSITIVE MEDIAN BARRIER",NO DEFECTS,NON-INTERSECTION,NOT AT INTERSECTION,NO,,,,NO,ANGLE,"5224 INDIAN RIVER RD
VIRGINIA BEACH, VA
(36.796629, -76.173675)"
2016031994.0,08/03/2016,1055,WED,BASIN RD,600 Feet From,2.0,220.0,2,ON ROADWAY,NO ADVERSE CONDITION (CLEAR/CLOUDY),DAYLIGHT,NO TRAFFIC CONTROL DEVICE PRESENT,NO TRAFFIC CONTROL,STRAIGHT-LEVEL,DRY,"BLACKTOP, ASPHALT, BITUMINOUS","TWO-WAY, NOT DIVIDED",NO DEFECTS,MAIN-LINE ROADWAY,NOT AT INTERSECTION,NO,,,,NO,BACKED INTO,"3030 LYNNHAVEN DR
VIRGINIA BEACH, VA
(36.906251, -76.077333)"
2016050778.0,12/12/2016,1838,MON,PLAZA TL S,500 Feet From,4.0,427.0,2,ON ROADWAY,NO ADVERSE CONDITION (CLEAR/CLOUDY),DARKNESS-ROAD LIGHTED,NO TRAFFIC CONTROL DEVICE PRESENT,NO TRAFFIC CONTROL,STRAIGHT-LEVEL,DRY,"BLACKTOP, ASPHALT, BITUMINOUS","TWO-WAY, DIVIDED, UNPROTECTED MEDIAN",NO DEFECTS,MAIN-LINE ROADWAY,NOT AT INTERSECTION,NO,,,,NO,REAR END,"4224 HOLLAND RD
VIRGINIA BEACH, VA
(36.81866, -76.118858)"
2016008506.0,03/05/2016,2206,SAT,INDIAN RIVER RD,200 Feet From,1.0,121.0,1,ROADSIDE,NO ADVERSE CONDITION (CLEAR/CLOUDY),DARKNESS-ROAD LIGHTED,YES-WORKING,TRAFFIC LANES MARKED,STRAIGHT-LEVEL,DRY,"BLACKTOP, ASPHALT, BITUMINOUS","TWO-WAY, DIVIDED, UNPROTECTED MEDIAN",NO DEFECTS,NON-INTERSECTION,NOT AT INTERSECTION,NO,,,,NO,FIXED OBJECT-OFF ROAD,"3200 WEST NECK RD
VIRGINIA BEACH, VA
(36.721674, -76.051653)"
2016008830.0,03/08/2016,758,TUE,SHIPPS CORNER RD,0.50 Miles From,1.0,124.0,3,ON ROADWAY,NO ADVERSE CONDITION (CLEAR/CLOUDY),DAYLIGHT,NO TRAFFIC CONTROL DEVICE PRESENT,NO TRAFFIC CONTROL,STRAIGHT-LEVEL,DRY,"BLACKTOP, ASPHALT, BITUMINOUS","TWO-WAY, DIVIDED, POSITIVE MEDIAN BARRIER",NO DEFECTS,NON-INTERSECTION,NOT AT INTERSECTION,NO,,,,NO,REAR END,"3156 HOLLAND RD
VIRGINIA BEACH, VA
(36.789635, -76.0798)"
2016052661.0,12/27/2016,1917,TUE,INDEPENDENCE BL,100 Feet From,3.0,329.0,1,SHOULDER,NO ADVERSE CONDITION (CLEAR/CLOUDY),DARKNESS-ROAD LIGHTED,YES-WORKING,TRAFFIC LANES MARKED,STRAIGHT-LEVEL,DRY,"BLACKTOP, ASPHALT, BITUMINOUS","TWO-WAY, DIVIDED, POSITIVE MEDIAN BARRIER",NO DEFECTS,NON-INTERSECTION,NOT AT INTERSECTION,NO,,,,NO,FIXED OBJECT-OFF ROAD,"NORTHAMPTON BL
VIRGINIA BEACH, VA
"
2016042026.0,10/10/2016,1816,MON,HELICOPTER RD,100 Feet From,3.0,331.0,0,ON ROADWAY,NO ADVERSE CONDITION (CLEAR/CLOUDY),DAYLIGHT,YES-WORKING,TRAFFIC LANES MARKED,STRAIGHT-LEVEL,DRY,CONCRETE,"TWO-WAY, DIVIDED, UNPROTECTED MEDIAN",NO DEFECTS,NON-INTERSECTION,NOT AT INTERSECTION,NO,,,,NO,REAR END,"5300 SHORE DR
VIRGINIA BEACH, VA
(36.906995, -76.162662)"
2016001858.0,01/15/2016,1720,FRI,INDIAN LAKES BL,999 Feet From,4.0,425.0,2,ON ROADWAY,RAIN,DARKNESS-ROAD LIGHTED,YES-WORKING,TRAFFIC LANES MARKED,STRAIGHT-LEVEL,WET,"BLACKTOP, ASPHALT, BITUMINOUS","TWO-WAY, DIVIDED, UNPROTECTED MEDIAN",NO DEFECTS,NON-INTERSECTION,NOT AT INTERSECTION,NO,,,,NO,REAR END,"5000 FERRELL PW
VIRGINIA BEACH, VA
(36.795457, -76.165328)"
2016013891.0,04/11/2016,1128,MON,JEANNE ST,25 Feet From,3.0,323.0,4,ON ROADWAY,NO ADVERSE CONDITION (CLEAR/CLOUDY),DAYLIGHT,YES-WORKING,TRAFFIC SIGNAL,STRAIGHT-LEVEL,DRY,"BLACKTOP, ASPHALT, BITUMINOUS","TWO-WAY, DIVIDED, UNPROTECTED MEDIAN",NO DEFECTS,MAIN-LINE ROADWAY,NOT AT INTERSECTION,NO,,,,NO,REAR END,"INDEPENDENCE BL
VIRGINIA BEACH, VA
"
2016033142.0,08/10/2016,1550,WED,HOLLAND RD,150 Feet From,4.0,427.0,2,ON ROADWAY,NO ADVERSE CONDITION (CLEAR/CLOUDY),DAYLIGHT,NO TRAFFIC CONTROL DEVICE PRESENT,NO TRAFFIC CONTROL,STRAIGHT-LEVEL,DRY,"BLACKTOP, ASPHALT, BITUMINOUS","TWO-WAY, DIVIDED, UNPROTECTED MEDIAN",NO DEFECTS,NON-INTERSECTION,NOT AT INTERSECTION,NO,,,,NO,ANGLE,"798 ROSEMONT RD S
VIRGINIA BEACH, VA
(36.813477, -76.09802)"
2016026005.0,06/26/2016,1505,SUN,300 ROSEMONT RD,10 Feet From,4.0,427.0,2,ON ROADWAY,NO ADVERSE CONDITION (CLEAR/CLOUDY),DAYLIGHT,YES-WORKING,TRAFFIC LANES MARKED,STRAIGHT-LEVEL,DRY,"BLACKTOP, ASPHALT, BITUMINOUS","TWO-WAY, NOT DIVIDED",NO DEFECTS,NON-INTERSECTION,NOT AT INTERSECTION,NO,,,,NO,ANGLE,"3600 PLAZA TL S
VIRGINIA BEACH, VA
"
2016050372.0,12/09/2016,942,FRI,CONCERT DR,.25 Miles From,1.0,128.0,1,ON ROADWAY,NO ADVERSE CONDITION (CLEAR/CLOUDY),DAYLIGHT,YES-WORKING,TRAFFIC LANES MARKED,STRAIGHT-LEVEL,DRY,"BLACKTOP, ASPHALT, BITUMINOUS","TWO-WAY, DIVIDED, UNPROTECTED MEDIAN",NO DEFECTS,NON-INTERSECTION,NOT AT INTERSECTION,NO,,,,NO,FIXED OBJECT-OFF ROAD,"3500 PRINCESS ANNE RD
VIRGINIA BEACH, VA
(36.778383, -76.095374)"
2016034358.0,08/19/2016,112,FRI,PINE CONE CI,200 Feet From,4.0,428.0,1,ON ROADWAY,NO ADVERSE CONDITION (CLEAR/CLOUDY),DARKNESS-ROAD LIGHTED,YES-WORKING,TRAFFIC LANES MARKED,CURVE-LEVEL,DRY,"BLACKTOP, ASPHALT, BITUMINOUS","TWO-WAY, DIVIDED, UNPROTECTED MEDIAN",NO DEFECTS,NON-INTERSECTION,NOT AT INTERSECTION,NO,,,,NO,FIXED OBJECT-OFF ROAD,"1200 LYNNHAVEN PW
VIRGINIA BEACH, VA
(36.798358, -76.086688)"
2016033835.0,08/15/2016,949,MON,INDEPENDENCE BL S,150 Feet From,1.0,125.0,2,ON ROADWAY,NO ADVERSE CONDITION (CLEAR/CLOUDY),DAYLIGHT,YES-WORKING,TRAFFIC SIGNAL,STRAIGHT-LEVEL,DRY,"BLACKTOP, ASPHALT, BITUMINOUS","TWO-WAY, DIVIDED, UNPROTECTED MEDIAN",NO DEFECTS,INTERSECTION-RELATED-WITHIN 150`,TWO APPROACHES,NO,,,,NO,REAR END,"3900 PRINCESS ANNE RD
VIRGINIA BEACH, VA
(36.787635, -76.110035)"
2016013130.0,04/06/2016,1456,WED,WINDSOR OAKS BL,100 Feet From,4.0,428.0,2,ON ROADWAY,NO ADVERSE CONDITION (CLEAR/CLOUDY),DAYLIGHT,YES-WORKING AND OBSCURED,TRAFFIC SIGNAL,STRAIGHT-LEVEL,DRY,"BLACKTOP, ASPHALT, BITUMINOUS","TWO-WAY, DIVIDED, UNPROTECTED MEDIAN",NO DEFECTS,INTERSECTION-RELATED-WITHIN 150`,FOUR APPROACHES,NO,,,,NO,REAR END,"HOLLAND RD
VIRGINIA BEACH, VA
"
2016051886.0,12/20/2016,1512,TUE,DATON RD,50 Feet From,3.0,329.0,2,ON ROADWAY,NO ADVERSE CONDITION (CLEAR/CLOUDY),DAYLIGHT,NO TRAFFIC CONTROL DEVICE PRESENT,NO TRAFFIC CONTROL,CURVE-LEVEL,DRY,"BLACKTOP, ASPHALT, BITUMINOUS","TWO-WAY, NOT DIVIDED",NO DEFECTS,MAIN-LINE ROADWAY,NOT AT INTERSECTION,NO,,,,NO,HEAD ON,"4401 DELMAR CI
VIRGINIA BEACH, VA
(36.903862, -76.122516)"
2016007086.0,02/24/2016,1913,WED,LEVEL GREEN BL,300 Feet From,4.0,420.0,3,ON ROADWAY,RAIN,DARKNESS-ROAD LIGHTED,NO TRAFFIC CONTROL DEVICE PRESENT,NO TRAFFIC CONTROL,STRAIGHT-LEVEL,WET,"BLACKTOP, ASPHALT, BITUMINOUS","TWO-WAY, DIVIDED, UNPROTECTED MEDIAN",NO DEFECTS,MAIN-LINE ROADWAY,NOT AT INTERSECTION,NO,,,,NO,REAR END,"6081 INDIAN RIVER RD
VIRGINIA BEACH, VA
(36.811982, -76.204917)"
2016039067.0,09/19/2016,1440,MON,264 NO,25 Feet From,1.0,127.0,1,ROADSIDE,RAIN,DAYLIGHT,YES-WORKING,TRAFFIC SIGNAL,CURVE-LEVEL,WET,CONCRETE,"TWO-WAY, DIVIDED, UNPROTECTED MEDIAN",NO DEFECTS,OTHER LOCATION NOT LISTED ABOVE W/I AN INTERC,NOT AT INTERSECTION,NO,,,,NO,NON-COLLISION,"LONDON BRIDGE RD
VIRGINIA BEACH, VA
"
2016022239.0,06/03/2016,1050,FRI,400 DAVIS ST,500 Feet From,3.0,325.0,2,ON ROADWAY,NO ADVERSE CONDITION (CLEAR/CLOUDY),DAYLIGHT,YES-WORKING,TRAFFIC LANES MARKED,STRAIGHT-LEVEL,DRY,CONCRETE,"TWO-WAY, DIVIDED, POSITIVE MEDIAN BARRIER",NO DEFECTS,MAIN-LINE ROADWAY,NOT AT INTERSECTION,NO,,,,NO,ANGLE,"550 VIRGINIA BEACH
VIRGINIA BEACH, VA
(36.844313, -75.980202)"
2016014512.0,04/15/2016,1310,FRI,OLD GREAT NECK RD,200 Feet From,2.0,222.0,2,ON ROADWAY,NO ADVERSE CONDITION (CLEAR/CLOUDY),DAYLIGHT,YES-WORKING,STOP SIGN,STRAIGHT-LEVEL,DRY,"BLACKTOP, ASPHALT, BITUMINOUS","TWO-WAY, DIVIDED, UNPROTECTED MEDIAN",NO DEFECTS,NON-INTERSECTION,NOT AT INTERSECTION,NO,,,,NO,REAR END,"369 GREAT NECK RD
VIRGINIA BEACH, VA
(36.844336, -76.048049)"
2016013156.0,04/06/2016,1759,WED,RIDGLEY MANOR BL,800 Feet From,3.0,327.0,1,SHOULDER,NO ADVERSE CONDITION (CLEAR/CLOUDY),DAYLIGHT,NO TRAFFIC CONTROL DEVICE PRESENT,NO TRAFFIC CONTROL,CURVE-LEVEL,DRY,"BLACKTOP, ASPHALT, BITUMINOUS","TWO-WAY, NOT DIVIDED",NO DEFECTS,NON-INTERSECTION,NOT AT INTERSECTION,NO,,,,NO,FIXED OBJECT-OFF ROAD,"1113 KNIGHTS BRIDGE LA
VIRGINIA BEACH, VA
(36.87677, -76.155244)"
2016036551.0,09/01/2016,2312,THU,ROBERVAL DR,20 Feet From,1.0,123.0,2,ON ROADWAY,RAIN,DARKNESS-ROAD LIGHTED,NO TRAFFIC CONTROL DEVICE PRESENT,NO TRAFFIC CONTROL,STRAIGHT-LEVEL,WET,"BLACKTOP, ASPHALT, BITUMINOUS","TWO-WAY, NOT DIVIDED",NO DEFECTS,NON-INTERSECTION,NOT AT INTERSECTION,NO,,,,NO,ANGLE,"1721 DA VINCI DR
VIRGINIA BEACH, VA
(36.773521, -75.985449)"
2016048647.0,11/27/2016,1736,SUN,2799 DAM NECK RD,300 Feet From,1.0,124.0,1,ON ROADWAY,NO ADVERSE CONDITION (CLEAR/CLOUDY),DUSK,YES-WORKING,TRAFFIC LANES MARKED,CURVE-LEVEL,DRY,"BLACKTOP, ASPHALT, BITUMINOUS","TWO-WAY, DIVIDED, UNPROTECTED MEDIAN",NO DEFECTS,WITHIN INTERSECTION,NOT AT INTERSECTION,NO,,,,NO,DEER,"1698 DRAKESMILE RD
VIRGINIA BEACH, VA
(36.788185, -76.067929)"
2016040694.0,09/30/2016,1607,FRI,OLD CLUBHOUSE RD,25 Feet From,1.0,124.0,2,ON ROADWAY,NO ADVERSE CONDITION (CLEAR/CLOUDY),DAYLIGHT,NO TRAFFIC CONTROL DEVICE PRESENT,NO TRAFFIC CONTROL,STRAIGHT-LEVEL,DRY,"BLACKTOP, ASPHALT, BITUMINOUS","TWO-WAY, NOT DIVIDED",NO DEFECTS,NON-INTERSECTION,NOT AT INTERSECTION,NO,,,,NO,REAR END,"2800 SHIPPS CORNER RD
VIRGINIA BEACH, VA
(36.792891, -76.068241)"
2016041078.0,10/03/2016,1318,MON,800 NEWTOWN RD,20 Feet From,4.0,423.0,2,ON ROADWAY,NO ADVERSE CONDITION (CLEAR/CLOUDY),DAYLIGHT,YES-WORKING,TRAFFIC SIGNAL,STRAIGHT-LEVEL,DRY,"BLACKTOP, ASPHALT, BITUMINOUS","TWO-WAY, NOT DIVIDED",NO DEFECTS,MAIN-LINE ROADWAY,NOT AT INTERSECTION,NO,,,,NO,REAR END,"800 NEWTOWN RD
VIRGINIA BEACH, VA
(36.865005, -76.169621)"
2016016129.0,04/25/2016,1443,MON,BAKER RD,800 Feet From,3.0,331.0,2,ON ROADWAY,NO ADVERSE CONDITION (CLEAR/CLOUDY),DAYLIGHT,YES-WORKING,TRAFFIC LANES MARKED,STRAIGHT-LEVEL,DRY,"BLACKTOP, ASPHALT, BITUMINOUS","TWO-WAY, DIVIDED, UNPROTECTED MEDIAN",NO DEFECTS,NON-INTERSECTION,NOT AT INTERSECTION,NO,,,,NO,REAR END,"5785 NORTHAMPTON BLVD
VIRGINIA BEACH, VA
(36.882501, -76.184534)"
2016024524.0,06/17/2016,1649,FRI,15TH ST,Feet From,2.0,227.0,2,ON ROADWAY,RAIN,DAYLIGHT,YES-WORKING,TRAFFIC SIGNAL,STRAIGHT-LEVEL,WET,"BLACKTOP, ASPHALT, BITUMINOUS","TWO-WAY, NOT DIVIDED",NO DEFECTS,NON-INTERSECTION,NOT AT INTERSECTION,NO,,,,NO,REAR END,"1499 PACIFIC AV
VIRGINIA BEACH, VA
(36.843214, -75.974976)"
2016004705.0,02/06/2016,1440,SAT,SEA PINES RD,Yes,2.0,226.0,2,ON ROADWAY,NO ADVERSE CONDITION (CLEAR/CLOUDY),DAYLIGHT,YES-WORKING,TRAFFIC LANES MARKED,STRAIGHT-LEVEL,DRY,"BLACKTOP, ASPHALT, BITUMINOUS","TWO-WAY, DIVIDED, UNPROTECTED MEDIAN",NO DEFECTS,MAIN-LINE ROADWAY,THREE APPROACHES,NO,,,,NO,ANGLE,"PACIFIC AV
VIRGINIA BEACH, VA
"
2016007360.0,02/26/2016,1815,FRI,ARAGONA BL,400 Feet From,3.0,328.0,2,ON ROADWAY,NO ADVERSE CONDITION (CLEAR/CLOUDY),DARKNESS-ROAD LIGHTED,NO TRAFFIC CONTROL DEVICE PRESENT,NO TRAFFIC CONTROL,STRAIGHT-LEVEL,DRY,"BLACKTOP, ASPHALT, BITUMINOUS","TWO-WAY, NOT DIVIDED",NO DEFECTS,NON-INTERSECTION,NOT AT INTERSECTION,NO,,,,NO,ANGLE,"4900 HAYGOOD RD
VIRGINIA BEACH, VA
(36.870032, -76.147633)"