CASE Number,Accident Date,Accident Time,Day of Week,Nearest Street,At Intersection,Precinct,Zone ID,Number of Vehicles Involved,Location of First Harmful Event,Weather Condition,Light Conditions,Traffic Control Device,Traffic Control Type,Roadway Alignment,Roadway Surface Condition,Roadway Surface type,Roadway Description,Roadway defects,Relation to Roadway,Intersection Type,Work Zone Related,Workers Present in Work Zone,Work Zone Location,Work Zone Type,School Zone,Type of Collision,Location 1
2016024511.0,06/17/2016,1600,FRI,1798 LACROSSE DR,50 Feet From,4.0,421.0,2,ON ROADWAY,RAIN,DAYLIGHT,NO TRAFFIC CONTROL DEVICE PRESENT,NO TRAFFIC CONTROL,STRAIGHT-LEVEL,WET,"BLACKTOP, ASPHALT, BITUMINOUS","TWO-WAY, NOT DIVIDED",NO DEFECTS,INTERSECTION-RELATED-WITHIN 150`,THREE APPROACHES,NO,,,,NO,REAR END,"5149 INDIAN RIVER RD
VIRGINIA BEACH, VA
(36.791856, -76.16751)"
2016016530.0,04/28/2016,1100,THU,CLUB HOUSE RD S,70 Feet From,1.0,126.0,1,ROADSIDE,NO ADVERSE CONDITION (CLEAR/CLOUDY),DAYLIGHT,YES-WORKING,TRAFFIC LANES MARKED,STRAIGHT-LEVEL,DRY,"BLACKTOP, ASPHALT, BITUMINOUS","TWO-WAY, NOT DIVIDED",NO DEFECTS,NON-INTERSECTION,NOT AT INTERSECTION,NO,,,,NO,FIXED OBJECT-OFF ROAD,"3200 BOW CREEK BL
VIRGINIA BEACH, VA
(36.814386, -76.082715)"
2016034441.0,08/19/2016,1545,FRI,1500 OLD BAY CT,150 Feet From,2.0,223.0,1,ON ROADWAY,RAIN,DAYLIGHT,NO TRAFFIC CONTROL DEVICE PRESENT,NO TRAFFIC CONTROL,CURVE-LEVEL,WET,"BLACKTOP, ASPHALT, BITUMINOUS","TWO-WAY, NOT DIVIDED",NO DEFECTS,NON-INTERSECTION,NOT AT INTERSECTION,NO,,,,NO,FIXED OBJECT-OFF ROAD,"1070 CATON DR
VIRGINIA BEACH, VA
(36.86754, -76.021153)"
2016002299.0,01/19/2016,849,TUE,PRINCESS ANNE RD,200 Feet From,1.0,125.0,2,ON ROADWAY,NO ADVERSE CONDITION (CLEAR/CLOUDY),DAYLIGHT,NO TRAFFIC CONTROL DEVICE PRESENT,NO TRAFFIC CONTROL,STRAIGHT-LEVEL,DRY,"BLACKTOP, ASPHALT, BITUMINOUS","TWO-WAY, DIVIDED, POSITIVE MEDIAN BARRIER",NO DEFECTS,NON-INTERSECTION,NOT AT INTERSECTION,NO,,,,NO,SIDESWIPE-SAME DIRECTION,"2400 NIMMO PW
VIRGINIA BEACH, VA
(36.755972, -76.061489)"
2016022254.0,06/03/2016,1328,FRI,TIMBERLAKE DR,25 Feet From,4.0,426.0,2,ON ROADWAY,NO ADVERSE CONDITION (CLEAR/CLOUDY),DAYLIGHT,YES-WORKING,TRAFFIC LANES MARKED,STRAIGHT-LEVEL,DRY,CONCRETE,"TWO-WAY, DIVIDED, UNPROTECTED MEDIAN",NO DEFECTS,NON-INTERSECTION,NOT AT INTERSECTION,NO,,,,NO,BACKED INTO,"4660 PRINCESS ANNE RD
VIRGINIA BEACH, VA
(36.810652, -76.138203)"
2016025942.0,06/26/2016,313,SUN,GALVANI RD,200 Feet From,1.0,123.0,1,SHOULDER,NO ADVERSE CONDITION (CLEAR/CLOUDY),DARKNESS-UNKNOWN ROAD LIGHTING,YES-WORKING,TRAFFIC LANES MARKED,STRAIGHT-LEVEL,DRY,"BLACKTOP, ASPHALT, BITUMINOUS","TWO-WAY, DIVIDED, POSITIVE MEDIAN BARRIER",NO DEFECTS,MAIN-LINE ROADWAY,NOT AT INTERSECTION,NO,,,,NO,FIXED OBJECT-OFF ROAD,"600 DAM NECK RD
VIRGINIA BEACH, VA
(36.785242, -75.974865)"
2016000087.0,01/01/2016,1314,FRI,KING GEORGE RD,200 Feet From,3.0,323.0,2,ON ROADWAY,NO ADVERSE CONDITION (CLEAR/CLOUDY),DAYLIGHT,NO TRAFFIC CONTROL DEVICE PRESENT,TRAFFIC LANES MARKED,STRAIGHT-LEVEL,DRY,"BLACKTOP, ASPHALT, BITUMINOUS","TWO-WAY, NOT DIVIDED",NO DEFECTS,NON-INTERSECTION,NOT AT INTERSECTION,NO,,,,NO,REAR END,"4532 JEANNE ST
VIRGINIA BEACH, VA
(36.848007, -76.134979)"
2016031448.0,07/30/2016,1410,SAT,EUCLID RD,100 Feet From,3.0,324.0,0,ON ROADWAY,NO ADVERSE CONDITION (CLEAR/CLOUDY),DAYLIGHT,NO TRAFFIC CONTROL DEVICE PRESENT,NO TRAFFIC CONTROL,STRAIGHT-LEVEL,DRY,"BLACKTOP, ASPHALT, BITUMINOUS","TWO-WAY, DIVIDED, POSITIVE MEDIAN BARRIER",NO DEFECTS,NON-INTERSECTION,NOT AT INTERSECTION,NO,,,,NO,REAR END,"INDEPENDENCE BL S
VIRGINIA BEACH, VA
"
2016038195.0,09/13/2016,1100,TUE,NEWTOWN RD,60 Feet From,3.0,325.0,2,ON ROADWAY,NO ADVERSE CONDITION (CLEAR/CLOUDY),DAYLIGHT,YES-WORKING,TRAFFIC SIGNAL,STRAIGHT-LEVEL,DRY,"BLACKTOP, ASPHALT, BITUMINOUS","TWO-WAY, DIVIDED, UNPROTECTED MEDIAN",NO DEFECTS,MAIN-LINE ROADWAY,NOT AT INTERSECTION,NO,,,,NO,REAR END,"VIRGINIA BEACH BL
VIRGINIA BEACH, VA
"
2016030832.0,07/26/2016,1444,TUE,TAYLOR FARM RD,500 Feet From,1.0,124.0,1,ON ROADWAY,NO ADVERSE CONDITION (CLEAR/CLOUDY),DAYLIGHT,YES-WORKING,TRAFFIC LANES MARKED,CURVE-LEVEL,DRY,"BLACKTOP, ASPHALT, BITUMINOUS","TWO-WAY, NOT DIVIDED",NO DEFECTS,NON-INTERSECTION,NOT AT INTERSECTION,NO,,,,NO,OTHER,"1500 LONDON BRIDGE RD
VIRGINIA BEACH, VA
(36.789047, -76.061481)"
2016021742.0,05/31/2016,955,TUE,CONCERT DR,30 Feet From,1.0,128.0,2,ON ROADWAY,NO ADVERSE CONDITION (CLEAR/CLOUDY),DAYLIGHT,YES-WORKING,TRAFFIC SIGNAL,STRAIGHT-LEVEL,DRY,"BLACKTOP, ASPHALT, BITUMINOUS","TWO-WAY, DIVIDED, UNPROTECTED MEDIAN",NO DEFECTS,INTERSECTION-RELATED-WITHIN 150`,FOUR APPROACHES,NO,,,,NO,SIDESWIPE-SAME DIRECTION,"3519 PRINCESS ANNE RD
VIRGINIA BEACH, VA
(36.778988, -76.096653)"
2016051690.0,12/19/2016,950,MON,VIRGINIA BEACH BL,100 Feet From,3.0,321.0,2,ON ROADWAY,RAIN,DAYLIGHT,YES-WORKING,TRAFFIC SIGNAL,STRAIGHT-LEVEL,WET,"BLACKTOP, ASPHALT, BITUMINOUS","TWO-WAY, DIVIDED, POSITIVE MEDIAN BARRIER",NO DEFECTS,MAIN-LINE ROADWAY,NOT AT INTERSECTION,NO,,,,NO,REAR END,"LITTLE NECK RD
VIRGINIA BEACH, VA
"
2016042624.0,10/14/2016,1722,FRI,,20 Feet From,3.0,321.0,2,ON ROADWAY,NO ADVERSE CONDITION (CLEAR/CLOUDY),DAYLIGHT,NO TRAFFIC CONTROL DEVICE PRESENT,NO TRAFFIC CONTROL,STRAIGHT-LEVEL,DRY,"BLACKTOP, ASPHALT, BITUMINOUS","TWO-WAY, DIVIDED, POSITIVE MEDIAN BARRIER",NO DEFECTS,MAIN-LINE ROADWAY,NOT AT INTERSECTION,NO,,,,NO,REAR END,"3600 VIRGINIA BEACH BL
VIRGINIA BEACH, VA
(36.840796, -76.095958)"
2016039303.0,09/22/2016,1500,THU,NEWSTEAD DR,100 Feet From,1.0,122.0,2,ON ROADWAY,RAIN,DAYLIGHT,YES-WORKING,TRAFFIC LANES MARKED,STRAIGHT-LEVEL,WET,"BLACKTOP, ASPHALT, BITUMINOUS","TWO-WAY, DIVIDED, UNPROTECTED MEDIAN",NO DEFECTS,NON-INTERSECTION,NOT AT INTERSECTION,NO,,,,NO,REAR END,"1199 NIMMO PW
VIRGINIA BEACH, VA
(36.762802, -76.010358)"
2016032718.0,08/07/2016,2240,SUN,1398 SALEM RD,100 Feet From,4.0,425.0,2,ON ROADWAY,NO ADVERSE CONDITION (CLEAR/CLOUDY),DARKNESS-ROAD LIGHTED,NO TRAFFIC CONTROL DEVICE PRESENT,NO TRAFFIC CONTROL,GRADE-CURVE,DRY,"BLACKTOP, ASPHALT, BITUMINOUS","ONE-WAY, NOT DIVIDED",NO DEFECTS,ON ENTRANCE/EXIT RAMP,NOT AT INTERSECTION,NO,,,,NO,SIDESWIPE-SAME DIRECTION,"4632 FERRELL PW
VIRGINIA BEACH, VA
"
2016015621.0,04/22/2016,2112,FRI,POTTERS RD,500 Feet From,1.0,127.0,3,ON ROADWAY,RAIN,DARKNESS-ROAD LIGHTED,YES-WORKING,TRAFFIC LANES MARKED,STRAIGHT-LEVEL,WET,"BLACKTOP, ASPHALT, BITUMINOUS","TWO-WAY, DIVIDED, POSITIVE MEDIAN BARRIER",NO DEFECTS,NON-INTERSECTION,NOT AT INTERSECTION,NO,,,,NO,REAR END,"500 LYNNHAVEN PW
VIRGINIA BEACH, VA
(36.832803, -76.067296)"
2016025002.0,06/20/2016,1800,MON,PRINCESS ANNE RD,.10 Miles From,1.0,122.0,2,ON ROADWAY,NO ADVERSE CONDITION (CLEAR/CLOUDY),DAYLIGHT,NO TRAFFIC CONTROL DEVICE PRESENT,TRAFFIC LANES MARKED,STRAIGHT-LEVEL,DRY,"BLACKTOP, ASPHALT, BITUMINOUS","TWO-WAY, NOT DIVIDED",NO DEFECTS,NON-INTERSECTION,NOT AT INTERSECTION,NO,,,,NO,ANGLE,"2321 ELSON GREEN AV
VIRGINIA BEACH, VA
(36.756789, -76.009772)"
2016034425.0,08/19/2016,1344,FRI,HOLLAND RD,5 Feet From,4.0,426.0,2,ON ROADWAY,RAIN,DAYLIGHT,YES-WORKING,TRAFFIC SIGNAL,CURVE-LEVEL,WET,CONCRETE,"TWO-WAY, DIVIDED, UNPROTECTED MEDIAN",NO DEFECTS,NON-INTERSECTION,NOT AT INTERSECTION,NO,,,,NO,REAR END,"1300 INDEPENDENCE BL S
VIRGINIA BEACH, VA
(36.823099, -76.127194)"
2016026527.0,06/29/2016,1625,WED,CONSTITUTION DR,100 Feet From,3.0,324.0,4,ON ROADWAY,NO ADVERSE CONDITION (CLEAR/CLOUDY),DAYLIGHT,YES-WORKING,TRAFFIC SIGNAL,STRAIGHT-LEVEL,DRY,"BLACKTOP, ASPHALT, BITUMINOUS","TWO-WAY, DIVIDED, UNPROTECTED MEDIAN",NO DEFECTS,INTERSECTION-RELATED-WITHIN 150`,FOUR APPROACHES,NO,,,,NO,REAR END,"4499 VIRGINIA BEACH BL
VIRGINIA BEACH, VA
(36.843359, -76.131012)"
2016001685.0,01/14/2016,1101,THU,EDWIN DR,100 Feet From,4.0,427.0,2,ON ROADWAY,NO ADVERSE CONDITION (CLEAR/CLOUDY),DAYLIGHT,YES-WORKING,TRAFFIC LANES MARKED,STRAIGHT-LEVEL,DRY,"BLACKTOP, ASPHALT, BITUMINOUS","TWO-WAY, NOT DIVIDED",NO DEFECTS,NON-INTERSECTION,NOT AT INTERSECTION,NO,,,,NO,SIDESWIPE-OPPOSITE DIRECTION,"4400 SOUTH BL
VIRGINIA BEACH, VA
(36.832688, -76.126857)"
2016012618.0,04/03/2016,1521,SUN,POTTERS RD,500 Feet From,1.0,127.0,2,ON ROADWAY,RAIN,DAYLIGHT,YES-WORKING,TRAFFIC LANES MARKED,STRAIGHT-LEVEL,WET,"BLACKTOP, ASPHALT, BITUMINOUS","TWO-WAY, DIVIDED, UNPROTECTED MEDIAN",NO DEFECTS,NON-INTERSECTION,NOT AT INTERSECTION,NO,,,,NO,REAR END,"560 LYNNHAVEN PW
VIRGINIA BEACH, VA
(36.831402, -76.067266)"
2016031266.0,07/29/2016,1315,FRI,REGENCY DR,620 Feet From,2.0,223.0,1,SHOULDER,NO ADVERSE CONDITION (CLEAR/CLOUDY),DAYLIGHT,YES-WORKING,TRAFFIC LANES MARKED,STRAIGHT-LEVEL,DRY,"BLACKTOP, ASPHALT, BITUMINOUS","TWO-WAY, NOT DIVIDED",NO DEFECTS,MAIN-LINE ROADWAY,NOT AT INTERSECTION,NO,,,,NO,FIXED OBJECT-OFF ROAD,"1926 WOLFSNARE RD
VIRGINIA BEACH, VA
(36.854325, -76.034738)"
2016037120.0,09/06/2016,742,TUE,DAHLIA DR,200 Feet From,4.0,424.0,2,ON ROADWAY,NO ADVERSE CONDITION (CLEAR/CLOUDY),DAYLIGHT,NO TRAFFIC CONTROL DEVICE PRESENT,NO TRAFFIC CONTROL,STRAIGHT-LEVEL,DRY,"BLACKTOP, ASPHALT, BITUMINOUS","TWO-WAY, DIVIDED, UNPROTECTED MEDIAN",NO DEFECTS,NON-INTERSECTION,NOT AT INTERSECTION,NO,,,,NO,REAR END,"1938 LYNNHAVEN PW
VIRGINIA BEACH, VA
(36.794612, -76.117597)"
2016052138.0,12/22/2016,1311,THU,HILBER ST,50 Feet From,4.0,427.0,2,ON ROADWAY,NO ADVERSE CONDITION (CLEAR/CLOUDY),DAYLIGHT,YES-WORKING,TRAFFIC SIGNAL,STRAIGHT-LEVEL,DRY,CONCRETE,"TWO-WAY, DIVIDED, UNPROTECTED MEDIAN",NO DEFECTS,NON-INTERSECTION,NOT AT INTERSECTION,NO,,,,NO,REAR END,"166 ROSEMONT RD S
VIRGINIA BEACH, VA
(36.83576, -76.095848)"
2016052987.0,12/30/2016,1142,FRI,,Yes,4.0,422.0,2,ON ROADWAY,NO ADVERSE CONDITION (CLEAR/CLOUDY),DAYLIGHT,YES-WORKING,TRAFFIC SIGNAL,STRAIGHT-LEVEL,DRY,CONCRETE,"TWO-WAY, DIVIDED, UNPROTECTED MEDIAN",NO DEFECTS,WITHIN INTERSECTION,THREE APPROACHES,NO,,,,NO,ANGLE,"5020 FERRELL PW
VIRGINIA BEACH, VA
(36.795648, -76.164378)"
2016011859.0,03/29/2016,924,TUE,INDIAN RIVER RD,1.00 Miles From,1.0,121.0,1,ON ROADWAY,NO ADVERSE CONDITION (CLEAR/CLOUDY),DAYLIGHT,NO TRAFFIC CONTROL DEVICE PRESENT,NO TRAFFIC CONTROL,CURVE-LEVEL,DRY,"BLACKTOP, ASPHALT, BITUMINOUS","TWO-WAY, NOT DIVIDED",NO DEFECTS,NON-INTERSECTION,NOT AT INTERSECTION,NO,,,,NO,NON-COLLISION,"3100 NEW BRIDGE RD
VIRGINIA BEACH, VA
(36.723581, -75.993119)"
2016030176.0,07/22/2016,1501,FRI,GREENWICH RD,200 Feet From,4.0,423.0,2,ON ROADWAY,NO ADVERSE CONDITION (CLEAR/CLOUDY),DAYLIGHT,NO TRAFFIC CONTROL DEVICE PRESENT,NO TRAFFIC CONTROL,STRAIGHT-LEVEL,DRY,"BLACKTOP, ASPHALT, BITUMINOUS","TWO-WAY, DIVIDED, UNPROTECTED MEDIAN",NO DEFECTS,NON-INTERSECTION,NOT AT INTERSECTION,NO,,,,NO,REAR END,"200 WITCHDUCK RD S
VIRGINIA BEACH, VA
(36.836532, -76.159549)"
2016050105.0,10/11/2016,1053,TUE,PARKWAY MARKET,20 Feet From,4.0,422.0,1,IN PARKING LANE OR ZONE,NO ADVERSE CONDITION (CLEAR/CLOUDY),DAYLIGHT,NO TRAFFIC CONTROL DEVICE PRESENT,NO TRAFFIC CONTROL,STRAIGHT-LEVEL,DRY,"BLACKTOP, ASPHALT, BITUMINOUS","TWO-WAY, NOT DIVIDED",NO DEFECTS,NON-INTERSECTION,NOT AT INTERSECTION,NO,,,,NO,OTHER,"5043 FERRELL PW
VIRGINIA BEACH, VA
(36.795375, -76.166393)"
2016027712.0,07/06/2016,1325,WED,PROVIDENCE RD,200 Feet From,4.0,422.0,2,ON ROADWAY,NO ADVERSE CONDITION (CLEAR/CLOUDY),DAYLIGHT,NO TRAFFIC CONTROL DEVICE PRESENT,NO TRAFFIC CONTROL,STRAIGHT-LEVEL,DRY,"BLACKTOP, ASPHALT, BITUMINOUS","TWO-WAY, DIVIDED, UNPROTECTED MEDIAN",NO DEFECTS,NON-INTERSECTION,NOT AT INTERSECTION,NO,,,,YES,SIDESWIPE-SAME DIRECTION,"899 CHURCHILL DR
VIRGINIA BEACH, VA
(36.810284, -76.156086)"
2016008325.0,03/04/2016,1708,FRI,PROVIDENCE RD,150 Feet From,4.0,420.0,2,ON ROADWAY,NO ADVERSE CONDITION (CLEAR/CLOUDY),DAYLIGHT,NO TRAFFIC CONTROL DEVICE PRESENT,NO TRAFFIC CONTROL,STRAIGHT-LEVEL,DRY,"BLACKTOP, ASPHALT, BITUMINOUS","TWO-WAY, DIVIDED, UNPROTECTED MEDIAN",NO DEFECTS,MAIN-LINE ROADWAY,NOT AT INTERSECTION,NO,,,,NO,REAR END,"6099 INDIAN RIVER RD
VIRGINIA BEACH, VA
(36.812391, -76.205656)"
2016024128.0,06/15/2016,745,WED,BAKER RD,75 Feet From,3.0,326.0,2,ON ROADWAY,NO ADVERSE CONDITION (CLEAR/CLOUDY),DAYLIGHT,YES-WORKING,TRAFFIC LANES MARKED,STRAIGHT-LEVEL,DRY,"BLACKTOP, ASPHALT, BITUMINOUS","TWO-WAY, DIVIDED, UNPROTECTED MEDIAN",NO DEFECTS,NON-INTERSECTION,NOT AT INTERSECTION,NO,,,,NO,REAR END,"5699 WESLEYAN DR
VIRGINIA BEACH, VA
(36.871367, -76.181066)"
2016011688.0,03/28/2016,814,MON,FIRST COLONIAL RD S,500 Feet From,2.0,224.0,1,MEDIAN,RAIN,DAYLIGHT,NO TRAFFIC CONTROL DEVICE PRESENT,NO TRAFFIC CONTROL,CURVE-LEVEL,WET,"BLACKTOP, ASPHALT, BITUMINOUS","TWO-WAY, DIVIDED, UNPROTECTED MEDIAN",NO DEFECTS,NON-INTERSECTION,NOT AT INTERSECTION,NO,,,,NO,FIXED OBJECT-OFF ROAD,"1 OCEANA BL
VIRGINIA BEACH, VA
(36.840373, -76.021174)"
2016048542.0,11/25/2016,1941,FRI,OLD CLUBHOUSE RD,250 Feet From,1.0,124.0,1,ON ROADWAY,FOG,DARKNESS-ROAD NOT LIGHTED,YES-WORKING,TRAFFIC LANES MARKED,GRADE-CURVE,DRY,"BLACKTOP, ASPHALT, BITUMINOUS","TWO-WAY, NOT DIVIDED",NO DEFECTS,NON-INTERSECTION,NOT AT INTERSECTION,NO,,,,NO,DEER,"2899 SHIPPS CORNER RD
VIRGINIA BEACH, VA
(36.793484, -76.069381)"
2016025357.0,06/22/2016,1720,WED,LONDON BRIDGE RD,250 Feet From,1.0,124.0,2,ON ROADWAY,NO ADVERSE CONDITION (CLEAR/CLOUDY),DAYLIGHT,YES-WORKING,TRAFFIC LANES MARKED,STRAIGHT-LEVEL,DRY,CONCRETE,"TWO-WAY, NOT DIVIDED",NO DEFECTS,NON-INTERSECTION,NOT AT INTERSECTION,NO,,,,NO,ANGLE,"TAYLOR FARM RD
VIRGINIA BEACH, VA
"
2016017396.0,05/03/2016,2200,TUE,TIM RD,80 Feet From,3.0,331.0,1,ON ROADWAY,RAIN,DARKNESS-ROAD LIGHTED,NO TRAFFIC CONTROL DEVICE PRESENT,NO TRAFFIC CONTROL,STRAIGHT-LEVEL,WET,"BLACKTOP, ASPHALT, BITUMINOUS","TWO-WAY, NOT DIVIDED",NO DEFECTS,NON-INTERSECTION,NOT AT INTERSECTION,NO,,,,NO,FIXED OBJECT-OFF ROAD,"BURTON STATION RD
VIRGINIA BEACH, VA
"
2016032215.0,08/04/2016,1747,THU,LYNNHAVEN PW,200 Feet From,4.0,424.0,2,ON ROADWAY,NO ADVERSE CONDITION (CLEAR/CLOUDY),DAYLIGHT,YES-WORKING,TRAFFIC LANES MARKED,STRAIGHT-LEVEL,DRY,"BLACKTOP, ASPHALT, BITUMINOUS","TWO-WAY, DIVIDED, UNPROTECTED MEDIAN",NO DEFECTS,NON-INTERSECTION,NOT AT INTERSECTION,NO,,,,NO,REAR END,"4000 PRINCESS ANNE RD
VIRGINIA BEACH, VA
(36.789891, -76.113574)"
2016032693.0,08/07/2016,1952,SUN,CORPORATE LANDING PW,150 Feet From,1.0,123.0,1,MEDIAN,NO ADVERSE CONDITION (CLEAR/CLOUDY),DUSK,YES-WORKING,TRAFFIC LANES MARKED,STRAIGHT-LEVEL,DRY,"BLACKTOP, ASPHALT, BITUMINOUS","TWO-WAY, DIVIDED, UNPROTECTED MEDIAN",NO DEFECTS,NON-INTERSECTION,NOT AT INTERSECTION,NO,,,,NO,FIXED OBJECT-OFF ROAD,"DAM NECK RD
VIRGINIA BEACH, VA
"
2016016822.0,04/30/2016,920,SAT,FALCON CR,150 Feet From,2.0,221.0,2,ON ROADWAY,NO ADVERSE CONDITION (CLEAR/CLOUDY),DAYLIGHT,NO TRAFFIC CONTROL DEVICE PRESENT,NO TRAFFIC CONTROL,STRAIGHT-LEVEL,DRY,CONCRETE,"TWO-WAY, NOT DIVIDED",NO DEFECTS,MAIN-LINE ROADWAY,NOT AT INTERSECTION,NO,,,,NO,BACKED INTO,"1652 TETHER KEEP
VIRGINIA BEACH, VA
(36.889697, -76.050935)"
2016029466.0,07/18/2016,725,MON,DAHLIA DR,Yes,4.0,426.0,3,ON ROADWAY,NO ADVERSE CONDITION (CLEAR/CLOUDY),DAYLIGHT,NO TRAFFIC CONTROL DEVICE PRESENT,NO TRAFFIC CONTROL,STRAIGHT-LEVEL,DRY,"BLACKTOP, ASPHALT, BITUMINOUS","TWO-WAY, DIVIDED, POSITIVE MEDIAN BARRIER",NO DEFECTS,NON-INTERSECTION,NOT AT INTERSECTION,NO,,,,NO,REAR END,"INDEPENDENCE BL S
VIRGINIA BEACH, VA
"
2016044762.0,10/29/2016,110,SAT,MINNEAPOLIS DR,25 Feet From,4.0,426.0,1,ROADSIDE,NO ADVERSE CONDITION (CLEAR/CLOUDY),DARKNESS-ROAD LIGHTED,NO TRAFFIC CONTROL DEVICE PRESENT,NO TRAFFIC CONTROL,CURVE-LEVEL,DRY,"BLACKTOP, ASPHALT, BITUMINOUS","TWO-WAY, NOT DIVIDED",NO DEFECTS,MAIN-LINE ROADWAY,NOT AT INTERSECTION,NO,,,,NO,FIXED OBJECT-OFF ROAD,"WINDSOR OAKS BL
VIRGINIA BEACH, VA
"
2016048505.0,11/25/2016,1426,FRI,WHITEHURST LANDING RD,15 Feet From,4.0,422.0,2,ON ROADWAY,NO ADVERSE CONDITION (CLEAR/CLOUDY),DAYLIGHT,YES-WORKING,TRAFFIC LANES MARKED,STRAIGHT-LEVEL,DRY,"BLACKTOP, ASPHALT, BITUMINOUS","TWO-WAY, NOT DIVIDED",NO DEFECTS,INTERSECTION-RELATED-WITHIN 150`,THREE APPROACHES,NO,,,,NO,SIDESWIPE-SAME DIRECTION,"900 THOMPSON WY
VIRGINIA BEACH, VA
(36.810936, -76.178293)"
2016046409.0,11/10/2016,607,THU,PLEASURE HOUSE RD,200 Feet From,3.0,329.0,2,ON ROADWAY,NO ADVERSE CONDITION (CLEAR/CLOUDY),DAWN,YES-WORKING,TRAFFIC SIGNAL,STRAIGHT-LEVEL,DRY,"BLACKTOP, ASPHALT, BITUMINOUS","TWO-WAY, DIVIDED, POSITIVE MEDIAN BARRIER",NO DEFECTS,INTERSECTION-RELATED-OUTSIDE 150`,FOUR APPROACHES,NO,,,,NO,ANGLE,"NORTHAMPTON BL
VIRGINIA BEACH, VA
"
2016030288.0,07/23/2016,240,SAT,BELLAMY MANOR DR,150 Feet From,4.0,422.0,1,ON ROADWAY,NO ADVERSE CONDITION (CLEAR/CLOUDY),DARKNESS-ROAD LIGHTED,YES-WORKING,TRAFFIC LANES MARKED,STRAIGHT-LEVEL,DRY,"BLACKTOP, ASPHALT, BITUMINOUS","TWO-WAY, DIVIDED, UNPROTECTED MEDIAN",NO DEFECTS,MAIN-LINE ROADWAY,NOT AT INTERSECTION,NO,,,,NO,FIXED OBJECT IN ROAD,"CHURCHILL DR
VIRGINIA BEACH, VA
"
2016041824.0,10/08/2016,2120,SAT,INDIAN PLANTATION DR,0.05 Miles From,1.0,121.0,1,ROADSIDE,RAIN,DARKNESS-ROAD LIGHTED,YES-WORKING,TRAFFIC LANES MARKED,STRAIGHT-LEVEL,WET,"BLACKTOP, ASPHALT, BITUMINOUS","TWO-WAY, NOT DIVIDED",NO DEFECTS,NON-INTERSECTION,NOT AT INTERSECTION,NO,,,,NO,FIXED OBJECT-OFF ROAD,"2604 INDIAN RIVER RD
VIRGINIA BEACH, VA
(36.722766, -76.057747)"
2016006568.0,02/21/2016,750,SUN,MONUMENT DR,.30 Miles From,4.0,421.0,1,SHOULDER,NO ADVERSE CONDITION (CLEAR/CLOUDY),DAYLIGHT,NO TRAFFIC CONTROL DEVICE PRESENT,NO TRAFFIC CONTROL,STRAIGHT-LEVEL,DRY,"BLACKTOP, ASPHALT, BITUMINOUS","TWO-WAY, DIVIDED, POSITIVE MEDIAN BARRIER",NO DEFECTS,NON-INTERSECTION,NOT AT INTERSECTION,NO,,,,NO,FIXED OBJECT-OFF ROAD,"2000 KEMPSVILLE RD
VIRGINIA BEACH, VA
(36.776616, -76.198237)"
2016000826.0,01/07/2016,918,THU,3100 DAM NECK RD,75 Feet From,1.0,124.0,2,ON ROADWAY,NO ADVERSE CONDITION (CLEAR/CLOUDY),DAYLIGHT,YES-WORKING,TRAFFIC LANES MARKED,STRAIGHT-LEVEL,DRY,"BLACKTOP, ASPHALT, BITUMINOUS","TWO-WAY, DIVIDED, UNPROTECTED MEDIAN",NO DEFECTS,INTERSECTION-RELATED-WITHIN 150`,FOUR APPROACHES,YES,NO WORKERS PRESENT,ADVANCE WARNING AREA,WORK ON SHOULDER OR MEDIAN,NO,SIDESWIPE-SAME DIRECTION,"3100 HOLLAND RD
VIRGINIA BEACH, VA
(36.786683, -76.079204)"
2016005941.0,02/16/2016,1337,TUE,BLACKSTONE TL,70 Feet From,1.0,127.0,2,ON ROADWAY,NO ADVERSE CONDITION (CLEAR/CLOUDY),DAYLIGHT,NO TRAFFIC CONTROL DEVICE PRESENT,NO TRAFFIC CONTROL,STRAIGHT-LEVEL,DRY,"BLACKTOP, ASPHALT, BITUMINOUS","TWO-WAY, NOT DIVIDED",NO DEFECTS,NON-INTERSECTION,NOT AT INTERSECTION,NO,,,,NO,ANGLE,"3000 BLACKSTONE CT
VIRGINIA BEACH, VA
(36.805931, -76.073443)"
2016034282.0,08/18/2016,1504,THU,GENERAL BOOTH BL,100 Feet From,1.0,123.0,2,ON ROADWAY,NO ADVERSE CONDITION (CLEAR/CLOUDY),DAYLIGHT,YES-WORKING,TRAFFIC LANES MARKED,STRAIGHT-LEVEL,DRY,"BLACKTOP, ASPHALT, BITUMINOUS","TWO-WAY, DIVIDED, UNPROTECTED MEDIAN",NO DEFECTS,INTERSECTION-RELATED-WITHIN 150`,FOUR APPROACHES,NO,,,,NO,REAR END,"OCEANA BL
VIRGINIA BEACH, VA
"
2016021449.0,05/29/2016,1015,SUN,,,2.0,227.0,2,ON ROADWAY,NO ADVERSE CONDITION (CLEAR/CLOUDY),DAYLIGHT,YES-WORKING,TRAFFIC SIGNAL,STRAIGHT-LEVEL,DRY,"BLACKTOP, ASPHALT, BITUMINOUS","TWO-WAY, NOT DIVIDED",NO DEFECTS,WITHIN INTERSECTION,FOUR APPROACHES,NO,,,,NO,ANGLE,"PACIFIC AV/17TH ST
VIRGINIA BEACH, VA
"