CASE Number,Accident Date,Accident Time,Day of Week,Nearest Street,At Intersection,Precinct,Zone ID,Number of Vehicles Involved,Location of First Harmful Event,Weather Condition,Light Conditions,Traffic Control Device,Traffic Control Type,Roadway Alignment,Roadway Surface Condition,Roadway Surface type,Roadway Description,Roadway defects,Relation to Roadway,Intersection Type,Work Zone Related,Workers Present in Work Zone,Work Zone Location,Work Zone Type,School Zone,Type of Collision,Location 1
2016035024.0,08/23/2016,906,TUE,GLEN RD,20 Feet From,3.0,322.0,0,ON ROADWAY,NO ADVERSE CONDITION (CLEAR/CLOUDY),DAYLIGHT,NO TRAFFIC CONTROL DEVICE PRESENT,NO TRAFFIC CONTROL,STRAIGHT-LEVEL,DRY,"BLACKTOP, ASPHALT, BITUMINOUS","TWO-WAY, NOT DIVIDED",NO DEFECTS,NON-INTERSECTION,NOT AT INTERSECTION,YES,WITH NO LAW ENFORCEMENT,ADVANCE WARNING AREA,OTHER,NO,BACKED INTO,"4019 THALIA DR
VIRGINIA BEACH, VA
(36.851261, -76.114223)"
2016001692.0,01/14/2016,1215,THU,SIR LESLIE CT,100 Feet From,4.0,422.0,2,ON ROADWAY,NO ADVERSE CONDITION (CLEAR/CLOUDY),DAYLIGHT,YES-WORKING,OFFICER OR FLAGGER,STRAIGHT-LEVEL,DRY,"BLACKTOP, ASPHALT, BITUMINOUS","TWO-WAY, NOT DIVIDED",UNDER REPAIR,NON-INTERSECTION,NOT AT INTERSECTION,YES,WITH NO LAW ENFORCEMENT,ACTIVITY AREA,LANE CLOSURE,NO,SIDESWIPE-SAME DIRECTION,"5700 NORMANDY AV
VIRGINIA BEACH, VA
(36.824021, -76.188224)"
2016003434.0,01/28/2016,1630,THU,GUM AV S,300 Feet From,3.0,322.0,2,ON ROADWAY,NO ADVERSE CONDITION (CLEAR/CLOUDY),DAYLIGHT,YES-WORKING,TRAFFIC LANES MARKED,STRAIGHT-LEVEL,DRY,"BLACKTOP, ASPHALT, BITUMINOUS","TWO-WAY, NOT DIVIDED",NO DEFECTS,NON-INTERSECTION,NOT AT INTERSECTION,YES,WITH NO LAW ENFORCEMENT,TRANSITION AREA,LANE CLOSURE,NO,REAR END,"4356 BONNEY RD
VIRGINIA BEACH, VA
(36.836559, -76.125373)"
2016017111.0,05/02/2016,725,MON,264 NO,100 Feet From,3.0,324.0,2,ON ROADWAY,NO ADVERSE CONDITION (CLEAR/CLOUDY),DAYLIGHT,NO TRAFFIC CONTROL DEVICE PRESENT,TRAFFIC LANES MARKED,STRAIGHT-LEVEL,DRY,"BLACKTOP, ASPHALT, BITUMINOUS","TWO-WAY, DIVIDED, UNPROTECTED MEDIAN",NO DEFECTS,MAIN-LINE ROADWAY,NOT AT INTERSECTION,NO,,,,NO,REAR END,"INDEPENDENCE BL S
VIRGINIA BEACH, VA
"
2016009670.0,03/13/2016,2019,SUN,BERNADOTTE ST,1.00 Miles From,1.0,122.0,1,ROADSIDE,RAIN,DARKNESS-ROAD NOT LIGHTED,YES-WORKING,TRAFFIC LANES MARKED,CURVE-LEVEL,WET,"BLACKTOP, ASPHALT, BITUMINOUS","TWO-WAY, DIVIDED, UNPROTECTED MEDIAN",NO DEFECTS,NON-INTERSECTION,NOT AT INTERSECTION,NO,,,,NO,FIXED OBJECT-OFF ROAD,"2665 SEABOARD RD
VIRGINIA BEACH, VA
(36.745908, -76.027474)"
2016005036.0,02/09/2016,720,TUE,HOLLAND RD,300 Feet From,1.0,128.0,2,ON ROADWAY,NO ADVERSE CONDITION (CLEAR/CLOUDY),DAYLIGHT,NO TRAFFIC CONTROL DEVICE PRESENT,NO TRAFFIC CONTROL,STRAIGHT-LEVEL,DRY,"BLACKTOP, ASPHALT, BITUMINOUS","TWO-WAY, DIVIDED, UNPROTECTED MEDIAN",NO DEFECTS,NON-INTERSECTION,NOT AT INTERSECTION,NO,,,,NO,SIDESWIPE-SAME DIRECTION,"3199 DAM NECK RD
VIRGINIA BEACH, VA
(36.786136, -76.07901)"
2016049809.0,11/28/2016,2045,MON,LYNNHAVEN RD S,.25 Miles From,1.0,127.0,2,IN PARKING LANE OR ZONE,NO ADVERSE CONDITION (CLEAR/CLOUDY),DARKNESS-ROAD LIGHTED,YES-WORKING,OTHER,STRAIGHT-LEVEL,DRY,"BLACKTOP, ASPHALT, BITUMINOUS","TWO-WAY, NOT DIVIDED",NO DEFECTS,NON-INTERSECTION,NOT AT INTERSECTION,NO,,,,NO,ANGLE,"500 LYNNHAVEN PW
VIRGINIA BEACH, VA
(36.832803, -76.067296)"
2016029169.0,07/16/2016,619,SAT,1500 GENERAL BOOTH BL,10 Feet From,1.0,123.0,2,ON ROADWAY,NO ADVERSE CONDITION (CLEAR/CLOUDY),DAYLIGHT,NO TRAFFIC CONTROL DEVICE PRESENT,TRAFFIC LANES MARKED,STRAIGHT-LEVEL,DRY,"BLACKTOP, ASPHALT, BITUMINOUS","TWO-WAY, NOT DIVIDED",NO DEFECTS,NON-INTERSECTION,NOT AT INTERSECTION,NO,,,,NO,SIDESWIPE-SAME DIRECTION,"1000 DAM NECK RD
VIRGINIA BEACH, VA
(36.785966, -75.993112)"
2016019334.0,05/16/2016,1739,MON,FIRST COLONIAL RD,5 Feet From,2.0,224.0,2,ON ROADWAY,NO ADVERSE CONDITION (CLEAR/CLOUDY),DAYLIGHT,YES-WORKING,TRAFFIC SIGNAL,STRAIGHT-LEVEL,DRY,"BLACKTOP, ASPHALT, BITUMINOUS","TWO-WAY, DIVIDED, UNPROTECTED MEDIAN",NO DEFECTS,MAIN-LINE ROADWAY,FOUR APPROACHES,NO,,,,NO,REAR END,"1701 VIRGINIA BEACH BL
VIRGINIA BEACH, VA
(36.842408, -76.021232)"
2016041390.0,10/06/2016,509,THU,MIZZEN LA,0020 Feet From,1.0,123.0,1,ON ROADWAY,NO ADVERSE CONDITION (CLEAR/CLOUDY),DARKNESS-ROAD LIGHTED,NO TRAFFIC CONTROL DEVICE PRESENT,NO TRAFFIC CONTROL,STRAIGHT-LEVEL,DRY,"BLACKTOP, ASPHALT, BITUMINOUS","TWO-WAY, NOT DIVIDED",NO DEFECTS,NON-INTERSECTION,NOT AT INTERSECTION,NO,,,,NO,OTHER,"1213 GUN HALL DR
VIRGINIA BEACH, VA
(36.776627, -76.001454)"
2016008829.0,03/08/2016,815,TUE,DAM NECK RD,700 Feet From,1.0,124.0,3,ON ROADWAY,NO ADVERSE CONDITION (CLEAR/CLOUDY),DAYLIGHT,YES-WORKING,TRAFFIC LANES MARKED,STRAIGHT-LEVEL,DRY,"BLACKTOP, ASPHALT, BITUMINOUS","TWO-WAY, DIVIDED, POSITIVE MEDIAN BARRIER",NO DEFECTS,NON-INTERSECTION,NOT AT INTERSECTION,NO,,,,NO,REAR END,"3100 HOLLAND RD
VIRGINIA BEACH, VA
(36.786683, -76.079204)"
2016000482.0,01/04/2016,1544,MON,OLD RIDGE RD,25 Feet From,4.0,421.0,1,"OFF ROADWAY, LOCATION UNKNOWN",NO ADVERSE CONDITION (CLEAR/CLOUDY),DAYLIGHT,YES-WORKING,TRAFFIC LANES MARKED,STRAIGHT-LEVEL,DRY,"BLACKTOP, ASPHALT, BITUMINOUS","TWO-WAY, NOT DIVIDED",NO DEFECTS,NON-INTERSECTION,NOT AT INTERSECTION,NO,,,,NO,OTHER,"1959 CENTERVILLE TP
VIRGINIA BEACH, VA
(36.777994, -76.191318)"
2016039755.0,09/24/2016,1139,SAT,NIMMO PW,1.00 Miles From,1.0,125.0,2,ON ROADWAY,NO ADVERSE CONDITION (CLEAR/CLOUDY),DAYLIGHT,YES-WORKING,TRAFFIC LANES MARKED,STRAIGHT-LEVEL,DRY,"BLACKTOP, ASPHALT, BITUMINOUS","TWO-WAY, DIVIDED, POSITIVE MEDIAN BARRIER",NO DEFECTS,NON-INTERSECTION,NOT AT INTERSECTION,NO,,,,NO,SIDESWIPE-SAME DIRECTION,"PRINCESS ANNE RD
VIRGINIA BEACH, VA
"
2016048459.0,11/25/2016,150,FRI,WHISTLER LA,225 Feet From,3.0,328.0,1,ON ROADWAY,NO ADVERSE CONDITION (CLEAR/CLOUDY),DARKNESS-ROAD LIGHTED,NO TRAFFIC CONTROL DEVICE PRESENT,NO TRAFFIC CONTROL,STRAIGHT-LEVEL,DRY,"BLACKTOP, ASPHALT, BITUMINOUS","TWO-WAY, NOT DIVIDED",NO DEFECTS,NON-INTERSECTION,NOT AT INTERSECTION,NO,,,,NO,FIXED OBJECT IN ROAD,"900 FERRY PLANTATION RD
VIRGINIA BEACH, VA
(36.865363, -76.134976)"
2016009329.0,03/11/2016,1641,FRI,FORDHAM DR,Yes,4.0,422.0,2,ON ROADWAY,NO ADVERSE CONDITION (CLEAR/CLOUDY),DAYLIGHT,YES-WORKING,STOP SIGN,STRAIGHT-LEVEL,DRY,"BLACKTOP, ASPHALT, BITUMINOUS","TWO-WAY, DIVIDED, UNPROTECTED MEDIAN",NO DEFECTS,WITHIN INTERSECTION,FOUR APPROACHES,NO,,,,NO,ANGLE,"KEMPS RIVER DR
VIRGINIA BEACH, VA
"
2016026226.0,06/27/2016,2200,MON,27 1/2 ST,Feet From,2.0,227.0,2,ON ROADWAY,NO ADVERSE CONDITION (CLEAR/CLOUDY),DAYLIGHT,YES-WORKING,TRAFFIC LANES MARKED,STRAIGHT-LEVEL,DRY,"BLACKTOP, ASPHALT, BITUMINOUS","TWO-WAY, NOT DIVIDED",NO DEFECTS,NON-INTERSECTION,NOT AT INTERSECTION,NO,,,,NO,REAR END,"2700 ARCTIC AV
VIRGINIA BEACH, VA
(36.854939, -75.980146)"
2016006570.0,02/21/2016,803,SUN,HOLLAND RD,200 Feet From,4.0,427.0,1,ROADSIDE,NO ADVERSE CONDITION (CLEAR/CLOUDY),DAYLIGHT,NO TRAFFIC CONTROL DEVICE PRESENT,NO TRAFFIC CONTROL,STRAIGHT-LEVEL,DRY,"BLACKTOP, ASPHALT, BITUMINOUS","TWO-WAY, DIVIDED, UNPROTECTED MEDIAN",NO DEFECTS,MAIN-LINE ROADWAY,NOT AT INTERSECTION,NO,,,,NO,FIXED OBJECT-OFF ROAD,"721 CHIMNEY HILL PW
VIRGINIA BEACH, VA
(36.812907, -76.102738)"
2016025968.0,06/26/2016,1000,SUN,3400 CRIMSON HOLLY LA,500 Feet From,1.0,128.0,2,ON ROADWAY,NO ADVERSE CONDITION (CLEAR/CLOUDY),DAYLIGHT,NO TRAFFIC CONTROL DEVICE PRESENT,NO TRAFFIC CONTROL,STRAIGHT-LEVEL,DRY,"BLACKTOP, ASPHALT, BITUMINOUS","TWO-WAY, DIVIDED, POSITIVE MEDIAN BARRIER",NO DEFECTS,NON-INTERSECTION,NOT AT INTERSECTION,NO,,,,NO,ANGLE,"1200 GREEN CEDAR LN
VIRGINIA BEACH, VA
(36.797074, -76.085788)"
2016047020.0,11/14/2016,1356,MON,DINWIDDLE RD,15 Feet From,3.0,330.0,1,ON ROADWAY,NO ADVERSE CONDITION (CLEAR/CLOUDY),DAYLIGHT,YES-WORKING,TRAFFIC LANES MARKED,STRAIGHT-LEVEL,DRY,"BLACKTOP, ASPHALT, BITUMINOUS","TWO-WAY, NOT DIVIDED","HOLES, RUTS, BUMPS",NON-INTERSECTION,NOT AT INTERSECTION,YES,WITH NO LAW ENFORCEMENT,TRANSITION AREA,LANE SHIFT/CROSSOVER,NO,FIXED OBJECT-OFF ROAD,"3641 SHORE DR
VIRGINIA BEACH, VA
(36.907869, -76.098521)"
2016032304.0,08/05/2016,940,FRI,PAIGE AVE,600 Feet From,2.0,220.0,3,ON ROADWAY,NO ADVERSE CONDITION (CLEAR/CLOUDY),DAYLIGHT,NO TRAFFIC CONTROL DEVICE PRESENT,NO TRAFFIC CONTROL,STRAIGHT-LEVEL,DRY,"BLACKTOP, ASPHALT, BITUMINOUS","TWO-WAY, DIVIDED, POSITIVE MEDIAN BARRIER",NO DEFECTS,MAIN-LINE ROADWAY,NOT AT INTERSECTION,NO,,,,NO,ANGLE,"3400 SHORE DR
VIRGINIA BEACH, VA
(36.907679, -76.093845)"
2016034727.0,08/21/2016,500,SUN,NORTHAMPTON BL,800 Feet From,3.0,326.0,1,ON ROADWAY,NO ADVERSE CONDITION (CLEAR/CLOUDY),DARKNESS-ROAD NOT LIGHTED,NO TRAFFIC CONTROL DEVICE PRESENT,NO TRAFFIC CONTROL,STRAIGHT-LEVEL,DRY,"BLACKTOP, ASPHALT, BITUMINOUS","TWO-WAY, NOT DIVIDED",NO DEFECTS,MAIN-LINE ROADWAY,NOT AT INTERSECTION,NO,,,,NO,PEDESTRIAN,"1100 BAKER RD
VIRGINIA BEACH, VA
(36.879433, -76.182551)"
2016001659.0,01/14/2016,710,THU,FIREFALL DR,200 Feet From,1.0,123.0,2,ON ROADWAY,NO ADVERSE CONDITION (CLEAR/CLOUDY),DAYLIGHT,NO TRAFFIC CONTROL DEVICE PRESENT,NO TRAFFIC CONTROL,STRAIGHT-LEVEL,DRY,"BLACKTOP, ASPHALT, BITUMINOUS","TWO-WAY, NOT DIVIDED",NO DEFECTS,NON-INTERSECTION,NOT AT INTERSECTION,NO,,,,NO,REAR END,"SCHUMANN DR
VIRGINIA BEACH, VA
"
2016045440.0,11/02/2016,2356,WED,HOLLAND RD,20 Feet From,1.0,121.0,1,ON ROADWAY,NO ADVERSE CONDITION (CLEAR/CLOUDY),DARKNESS-ROAD LIGHTED,YES-WORKING,TRAFFIC LANES MARKED,CURVE-LEVEL,DRY,"BLACKTOP, ASPHALT, BITUMINOUS","TWO-WAY, NOT DIVIDED",NO DEFECTS,INTERSECTION-RELATED-WITHIN 150`,THREE APPROACHES,NO,,,,NO,FIXED OBJECT-OFF ROAD,"2372 PRINCESS ANNE RD
VIRGINIA BEACH, VA
(36.754566, -76.051192)"
2016001178.0,01/09/2016,2210,SAT,PEMBRPOKE BL,100 Feet From,3.0,328.0,2,ON ROADWAY,RAIN,DARKNESS-ROAD LIGHTED,YES-WORKING,TRAFFIC LANES MARKED,STRAIGHT-LEVEL,WET,"BLACKTOP, ASPHALT, BITUMINOUS","TWO-WAY, DIVIDED, POSITIVE MEDIAN BARRIER",NO DEFECTS,NON-INTERSECTION,NOT AT INTERSECTION,NO,,,,NO,SIDESWIPE-SAME DIRECTION,"700 INDEPENDENCE BL
VIRGINIA BEACH, VA
(36.861813, -76.132232)"
2016012401.0,04/01/2016,918,FRI,LYNNHAVEN PW,750 Feet From,4.0,425.0,3,ON ROADWAY,NO ADVERSE CONDITION (CLEAR/CLOUDY),DAYLIGHT,NO TRAFFIC CONTROL DEVICE PRESENT,NO TRAFFIC CONTROL,STRAIGHT-LEVEL,DRY,"BLACKTOP, ASPHALT, BITUMINOUS","TWO-WAY, NOT DIVIDED",NO DEFECTS,NON-INTERSECTION,NOT AT INTERSECTION,NO,,,,NO,ANGLE,"BRIDLE CREEK BL
VIRGINIA BEACH, VA
"
2016023380.0,06/10/2016,1448,FRI,EUCLID RD,Yes,3.0,324.0,0,ON ROADWAY,NO ADVERSE CONDITION (CLEAR/CLOUDY),DAYLIGHT,NO TRAFFIC CONTROL DEVICE PRESENT,NO TRAFFIC CONTROL,STRAIGHT-LEVEL,DRY,"BLACKTOP, ASPHALT, BITUMINOUS","TWO-WAY, DIVIDED, UNPROTECTED MEDIAN",NO DEFECTS,WITHIN INTERSECTION,TWO APPROACHES,NO,,,,NO,REAR END,"INDEPENDENCE BL S
VIRGINIA BEACH, VA
"
2016042910.0,10/08/2016,1500,SAT,POCONO PL,10 Feet From,4.0,421.0,2,ON ROADWAY,RAIN,DARKNESS-UNKNOWN ROAD LIGHTING,NO TRAFFIC CONTROL DEVICE PRESENT,NO TRAFFIC CONTROL,STRAIGHT-LEVEL,WET,"BLACKTOP, ASPHALT, BITUMINOUS","TWO-WAY, NOT DIVIDED",NO DEFECTS,INTERSECTION-RELATED-WITHIN 150`,TWO APPROACHES,NO,,,,NO,REAR END,"1843 OLD RIDGE RD
VIRGINIA BEACH, VA
(36.780667, -76.188156)"
2016042890.0,10/16/2016,1620,SUN,SHIPPS CORNER RD,200 Feet From,1.0,124.0,2,ON ROADWAY,NO ADVERSE CONDITION (CLEAR/CLOUDY),DAYLIGHT,NO TRAFFIC CONTROL DEVICE PRESENT,NO TRAFFIC CONTROL,STRAIGHT-LEVEL,DRY,"BLACKTOP, ASPHALT, BITUMINOUS","TWO-WAY, DIVIDED, POSITIVE MEDIAN BARRIER",NO DEFECTS,MAIN-LINE ROADWAY,NOT AT INTERSECTION,NO,,,,NO,SIDESWIPE-SAME DIRECTION,"3200 HOLLAND RD
VIRGINIA BEACH, VA
(36.792344, -76.080683)"
2016013912.0,04/11/2016,1315,MON,NORTHAMPTON BL,300 Feet From,3.0,326.0,3,ON ROADWAY,NO ADVERSE CONDITION (CLEAR/CLOUDY),DAYLIGHT,NO TRAFFIC CONTROL DEVICE PRESENT,TRAFFIC LANES MARKED,STRAIGHT-LEVEL,DRY,"BLACKTOP, ASPHALT, BITUMINOUS","ONE-WAY, NOT DIVIDED",NO DEFECTS,MAIN-LINE ROADWAY,NOT AT INTERSECTION,NO,,,,NO,ANGLE,"1236 BAKER RD
VIRGINIA BEACH, VA
(36.885668, -76.183534)"
2016046825.0,11/12/2016,2010,SAT,GRAYSON RD,100 Feet From,4.0,423.0,2,ON ROADWAY,NO ADVERSE CONDITION (CLEAR/CLOUDY),DARKNESS-ROAD LIGHTED,YES-WORKING,YIELD SIGN,ON/OFF RAMP,WET,"BLACKTOP, ASPHALT, BITUMINOUS","TWO-WAY, DIVIDED, UNPROTECTED MEDIAN",NO DEFECTS,ON ENTRANCE/EXIT RAMP,NOT AT INTERSECTION,NO,,,,NO,REAR END,"WITCHDUCK RD S
VIRGINIA BEACH, VA
"
2016022532.0,06/04/2016,2300,SAT,PARKS AV,50 Feet From,2.0,227.0,2,ON ROADWAY,NO ADVERSE CONDITION (CLEAR/CLOUDY),DARKNESS-ROAD LIGHTED,YES-WORKING,TRAFFIC LANES MARKED,STRAIGHT-LEVEL,DRY,"BLACKTOP, ASPHALT, BITUMINOUS","ONE-WAY, NOT DIVIDED",NO DEFECTS,MAIN-LINE ROADWAY,NOT AT INTERSECTION,NO,,,,NO,REAR END,"799 22ND ST
VIRGINIA BEACH, VA
(36.848345, -75.9862)"
2016046794.0,11/12/2016,1551,SAT,GUARDIAN LA,50 Feet From,1.0,127.0,3,ON ROADWAY,NO ADVERSE CONDITION (CLEAR/CLOUDY),DAYLIGHT,YES-WORKING,TRAFFIC LANES MARKED,STRAIGHT-LEVEL,DRY,"BLACKTOP, ASPHALT, BITUMINOUS","TWO-WAY, NOT DIVIDED",NO DEFECTS,NON-INTERSECTION,NOT AT INTERSECTION,NO,,,,NO,REAR END,"641 LYNNHAVEN PW
VIRGINIA BEACH, VA
(36.825401, -76.067234)"
2016024515.0,06/17/2016,1618,FRI,MAGIC HOLLOW BL,.25 Miles From,1.0,127.0,3,ON ROADWAY,RAIN,DAYLIGHT,YES-WORKING,TRAFFIC LANES MARKED,STRAIGHT-LEVEL,WET,"BLACKTOP, ASPHALT, BITUMINOUS","TWO-WAY, DIVIDED, UNPROTECTED MEDIAN",NO DEFECTS,NON-INTERSECTION,NOT AT INTERSECTION,NO,,,,NO,REAR END,"1000 LYNNHAVEN PW
VIRGINIA BEACH, VA
(36.80737, -76.077239)"
2016016192.0,04/25/2016,2034,MON,CENTER DRIVE,300 Feet From,4.0,421.0,1,ON ROADWAY,NO ADVERSE CONDITION (CLEAR/CLOUDY),DARKNESS-ROAD LIGHTED,NO TRAFFIC CONTROL DEVICE PRESENT,NO TRAFFIC CONTROL,CURVE-LEVEL,"SAND, DIRT, GRAVEL","BLACKTOP, ASPHALT, BITUMINOUS","TWO-WAY, NOT DIVIDED",LOOSE MATERIAL,MAIN-LINE ROADWAY,NOT AT INTERSECTION,NO,,,,NO,NON-COLLISION,"1000 CENTERVILLE TP
VIRGINIA BEACH, VA
(36.799276, -76.190172)"
2016036139.0,08/30/2016,710,TUE,PINE VIEW CT,75 Feet From,1.0,124.0,2,ON ROADWAY,NO ADVERSE CONDITION (CLEAR/CLOUDY),DAYLIGHT,NO TRAFFIC CONTROL DEVICE PRESENT,NO TRAFFIC CONTROL,STRAIGHT-LEVEL,DRY,"BLACKTOP, ASPHALT, BITUMINOUS","TWO-WAY, NOT DIVIDED",NO DEFECTS,NON-INTERSECTION,NOT AT INTERSECTION,NO,,,,NO,ANGLE,"1939 PIINE VIEW RD
VIRGINIA BEACH, VA
"
2016011626.0,03/27/2016,1544,SUN,2700 POTTERS RD,300 Feet From,1.0,127.0,3,ON ROADWAY,RAIN,DAYLIGHT,YES-MISSING,TRAFFIC LANES MARKED,STRAIGHT-LEVEL,WET,"BLACKTOP, ASPHALT, BITUMINOUS","TWO-WAY, DIVIDED, UNPROTECTED MEDIAN",NO DEFECTS,NON-INTERSECTION,NOT AT INTERSECTION,NO,,,,NO,REAR END,"500 LYNNHAVEN PW
VIRGINIA BEACH, VA
(36.832803, -76.067296)"
2016004416.0,02/04/2016,1230,THU,BONNEY RD,Yes,3.0,322.0,2,ON ROADWAY,RAIN,DAYLIGHT,YES-WORKING,TRAFFIC SIGNAL,STRAIGHT-LEVEL,WET,"BLACKTOP, ASPHALT, BITUMINOUS","TWO-WAY, DIVIDED, UNPROTECTED MEDIAN",NO DEFECTS,MAIN-LINE ROADWAY,FOUR APPROACHES,NO,,,,NO,SIDESWIPE-SAME DIRECTION,"ROSEMONT RD S
VIRGINIA BEACH, VA
"
2016035586.0,08/26/2016,1534,FRI,,100 Feet From,2.0,223.0,2,ON ROADWAY,NO ADVERSE CONDITION (CLEAR/CLOUDY),DAYLIGHT,NO TRAFFIC CONTROL DEVICE PRESENT,NO TRAFFIC CONTROL,STRAIGHT-LEVEL,DRY,"BLACKTOP, ASPHALT, BITUMINOUS","TWO-WAY, DIVIDED, UNPROTECTED MEDIAN",NO DEFECTS,NON-INTERSECTION,NOT AT INTERSECTION,NO,,,,NO,SIDESWIPE-SAME DIRECTION,"FIRST COLONIAL RD/DONNA DR
VIRGINIA BEACH, VA
"
2016047891.0,11/20/2016,1346,SUN,LYNNHAVEN PW,150 Feet From,4.0,426.0,1,ON ROADWAY,NO ADVERSE CONDITION (CLEAR/CLOUDY),DAYLIGHT,YES-WORKING,STOP SIGN,STRAIGHT-LEVEL,DRY,"BLACKTOP, ASPHALT, BITUMINOUS","TWO-WAY, NOT DIVIDED",NO DEFECTS,INTERSECTION-RELATED-WITHIN 150`,THREE APPROACHES,NO,,,,NO,PEDESTRIAN,"1999 DAHLIA DR
VIRGINIA BEACH, VA
(36.795104, -76.117279)"
2016014114.0,04/12/2016,1619,TUE,AVALON AV,999 Feet From,4.0,422.0,2,ON ROADWAY,RAIN,DAYLIGHT,YES-WORKING,TRAFFIC LANES MARKED,GRADE-STRAIGHT,WET,"BLACKTOP, ASPHALT, BITUMINOUS","TWO-WAY, DIVIDED, POSITIVE MEDIAN BARRIER",SLICK PAVEMENT,NON-INTERSECTION,NOT AT INTERSECTION,NO,,,,NO,REAR END,"5699 PROVIDENCE RD
VIRGINIA BEACH, VA
(36.813992, -76.190334)"
2016049828.0,12/06/2016,800,TUE,VIRGINIA BEACH BL,150 Feet From,3.0,321.0,3,ON ROADWAY,RAIN,DAYLIGHT,YES-WORKING,TRAFFIC SIGNAL,STRAIGHT-LEVEL,WET,"BLACKTOP, ASPHALT, BITUMINOUS","TWO-WAY, DIVIDED, UNPROTECTED MEDIAN",NO DEFECTS,MAIN-LINE ROADWAY,NOT AT INTERSECTION,NO,,,,NO,REAR END,"LITTLE NECK RD
VIRGINIA BEACH, VA
"
2016051393.0,12/17/2016,31,SAT,35TH ST,100 Feet From,2.0,227.0,0,ON ROADWAY,NO ADVERSE CONDITION (CLEAR/CLOUDY),DARKNESS-ROAD NOT LIGHTED,NO TRAFFIC CONTROL DEVICE PRESENT,TRAFFIC LANES MARKED,STRAIGHT-LEVEL,DRY,"BLACKTOP, ASPHALT, BITUMINOUS","TWO-WAY, DIVIDED, UNPROTECTED MEDIAN",NO DEFECTS,INTERSECTION-RELATED-WITHIN 150`,FOUR APPROACHES,NO,,,,NO,SIDESWIPE-SAME DIRECTION,"3500 PACIFIC AVENUE
VIRGINIA BEACH, VA
(36.863145, -75.980395)"
2016041556.0,10/07/2016,850,FRI,PRINCESS ANNE RD,150 Feet From,1.0,124.0,2,ON ROADWAY,NO ADVERSE CONDITION (CLEAR/CLOUDY),DAYLIGHT,YES-WORKING,TRAFFIC LANES MARKED,STRAIGHT-LEVEL,DRY,"BLACKTOP, ASPHALT, BITUMINOUS","TWO-WAY, DIVIDED, POSITIVE MEDIAN BARRIER",NO DEFECTS,NON-INTERSECTION,NOT AT INTERSECTION,NO,,,,NO,REAR END,"4800 BAXTER RD
VIRGINIA BEACH, VA
(36.826413, -76.1452)"
2016008196.0,03/03/2016,1618,THU,CLUB HOUSE RD S,50 Feet From,1.0,126.0,2,ON ROADWAY,NO ADVERSE CONDITION (CLEAR/CLOUDY),DAYLIGHT,NO TRAFFIC CONTROL DEVICE PRESENT,NO TRAFFIC CONTROL,STRAIGHT-LEVEL,DRY,"BLACKTOP, ASPHALT, BITUMINOUS","TWO-WAY, DIVIDED, UNPROTECTED MEDIAN",NO DEFECTS,NON-INTERSECTION,NOT AT INTERSECTION,NO,,,,NO,HEAD ON,"3200 LAKECREST RD
VIRGINIA BEACH, VA
(36.813266, -76.083416)"
2016046107.0,11/07/2016,1447,MON,INDEPENDENCE BL,700 Feet From,3.0,331.0,2,ON ROADWAY,NO ADVERSE CONDITION (CLEAR/CLOUDY),DAYLIGHT,YES-WORKING,TRAFFIC LANES MARKED,STRAIGHT-LEVEL,DRY,"BLACKTOP, ASPHALT, BITUMINOUS","TWO-WAY, DIVIDED, UNPROTECTED MEDIAN",NO DEFECTS,MAIN-LINE ROADWAY,NOT AT INTERSECTION,NO,,,,NO,ANGLE,"5101 SHORE DR
VIRGINIA BEACH, VA
(36.905588, -76.145113)"
2016004305.0,02/03/2016,1747,WED,SALEM RD,500 Feet From,4.0,425.0,2,ON ROADWAY,RAIN,DARKNESS-ROAD LIGHTED,YES-WORKING,TRAFFIC LANES MARKED,STRAIGHT-LEVEL,WET,"BLACKTOP, ASPHALT, BITUMINOUS","TWO-WAY, DIVIDED, UNPROTECTED MEDIAN",NO DEFECTS,MAIN-LINE ROADWAY,TWO APPROACHES,NO,,,,NO,ANGLE,"2000 LYNNHAVEN PW
VIRGINIA BEACH, VA
(36.793076, -76.119071)"
2016019118.0,05/15/2016,244,SUN,SHORE DR,150 Feet From,3.0,330.0,0,ROADSIDE,NO ADVERSE CONDITION (CLEAR/CLOUDY),DARKNESS-ROAD LIGHTED,NO TRAFFIC CONTROL DEVICE PRESENT,TRAFFIC LANES MARKED,STRAIGHT-LEVEL,WET,"BLACKTOP, ASPHALT, BITUMINOUS","TWO-WAY, DIVIDED, UNPROTECTED MEDIAN",NO DEFECTS,"DRIVEWAY, ALLEY-ACCESS-RELATED",NOT AT INTERSECTION,NO,,,,NO,ANGLE,"2104 GREENWELL RD
VIRGINIA BEACH, VA
(36.903344, -76.126612)"