CASE Number,Accident Date,Accident Time,Day of Week,Nearest Street,At Intersection,Precinct,Zone ID,Number of Vehicles Involved,Location of First Harmful Event,Weather Condition,Light Conditions,Traffic Control Device,Traffic Control Type,Roadway Alignment,Roadway Surface Condition,Roadway Surface type,Roadway Description,Roadway defects,Relation to Roadway,Intersection Type,Work Zone Related,Workers Present in Work Zone,Work Zone Location,Work Zone Type,School Zone,Type of Collision,Location 1
2016033069.0,08/10/2016,209,WED,,100 Feet From,4.0,427.0,2,ON ROADWAY,NO ADVERSE CONDITION (CLEAR/CLOUDY),DARKNESS-ROAD LIGHTED,NO TRAFFIC CONTROL DEVICE PRESENT,NO TRAFFIC CONTROL,STRAIGHT-LEVEL,DRY,"BLACKTOP, ASPHALT, BITUMINOUS","TWO-WAY, NOT DIVIDED",NO DEFECTS,NON-INTERSECTION,NOT AT INTERSECTION,NO,,,,NO,REAR END,"PLAZA TRAIL CT
VIRGINIA BEACH, VA
"
2016009790.0,03/14/2016,1641,MON,VAN BUREN DR,200 Feet From,4.0,427.0,2,ON ROADWAY,NO ADVERSE CONDITION (CLEAR/CLOUDY),DAYLIGHT,NO TRAFFIC CONTROL DEVICE PRESENT,NO TRAFFIC CONTROL,STRAIGHT-LEVEL,DRY,"BLACKTOP, ASPHALT, BITUMINOUS","TWO-WAY, DIVIDED, UNPROTECTED MEDIAN",NO DEFECTS,MAIN-LINE ROADWAY,NOT AT INTERSECTION,NO,,,,NO,REAR END,"500 ROSEMONT RD S
VIRGINIA BEACH, VA
(36.825377, -76.096385)"
2016047798.0,11/19/2016,1750,SAT,RUSTWOOD LA,50 Feet From,2.0,222.0,2,ON ROADWAY,NO ADVERSE CONDITION (CLEAR/CLOUDY),DARKNESS-ROAD LIGHTED,NO TRAFFIC CONTROL DEVICE PRESENT,NO TRAFFIC CONTROL,STRAIGHT-LEVEL,DRY,"BLACKTOP, ASPHALT, BITUMINOUS","TWO-WAY, DIVIDED, UNPROTECTED MEDIAN",NO DEFECTS,NON-INTERSECTION,NOT AT INTERSECTION,NO,,,,NO,REAR END,"398 GREAT NECK RD N
VIRGINIA BEACH, VA
(36.84542, -76.048044)"
2016015767.0,04/23/2016,1534,SAT,LYNNHAVEN PW,100 Feet From,4.0,421.0,2,ON ROADWAY,RAIN,DAYLIGHT,YES-WORKING,TRAFFIC LANES MARKED,STRAIGHT-LEVEL,WET,"BLACKTOP, ASPHALT, BITUMINOUS","TWO-WAY, NOT DIVIDED",NO DEFECTS,NON-INTERSECTION,NOT AT INTERSECTION,NO,,,,NO,REAR END,"2100 CENTERVILLE TP
VIRGINIA BEACH, VA
(36.766872, -76.187954)"
2016011344.0,03/25/2016,1502,FRI,PLEASANT VALLEY RD,30 Feet From,4.0,425.0,3,ON ROADWAY,NO ADVERSE CONDITION (CLEAR/CLOUDY),DAYLIGHT,YES-WORKING,TRAFFIC SIGNAL,STRAIGHT-LEVEL,DRY,CONCRETE,"TWO-WAY, NOT DIVIDED",NO DEFECTS,MAIN-LINE ROADWAY,FOUR APPROACHES,NO,,,,NO,REAR END,"4800 FERRELL PW
VIRGINIA BEACH, VA
(36.796804, -76.143652)"
2016048439.0,11/24/2016,2140,THU,SEABOARD RD,.25 Miles From,1.0,121.0,1,SHOULDER,NO ADVERSE CONDITION (CLEAR/CLOUDY),DARKNESS-ROAD LIGHTED,NO TRAFFIC CONTROL DEVICE PRESENT,NO TRAFFIC CONTROL,STRAIGHT-LEVEL,OTHER,CONCRETE,"TWO-WAY, NOT DIVIDED",NO DEFECTS,NON-INTERSECTION,NOT AT INTERSECTION,NO,,,,NO,OTHER,"2310 PRINCESS ANNE RD
VIRGINIA BEACH, VA
(36.754212, -76.03458)"
2016009449.0,03/12/2016,940,SAT,CYPRESS AV,Yes,2.0,227.0,2,ON ROADWAY,NO ADVERSE CONDITION (CLEAR/CLOUDY),DAYLIGHT,YES-WORKING,STOP SIGN,STRAIGHT-LEVEL,DRY,"BLACKTOP, ASPHALT, BITUMINOUS","TWO-WAY, NOT DIVIDED",NO DEFECTS,WITHIN INTERSECTION,FOUR APPROACHES,NO,,,,NO,ANGLE,"19TH ST
VIRGINIA BEACH, VA
"
2016047953.0,11/21/2016,117,MON,,20 Feet From,1.0,125.0,1,SHOULDER,NO ADVERSE CONDITION (CLEAR/CLOUDY),DARKNESS-ROAD NOT LIGHTED,YES-WORKING,SLOW OR WARNING SIGN,DIP-CURVE,DRY,CONCRETE,"TWO-WAY, DIVIDED, UNPROTECTED MEDIAN",NO DEFECTS,MAIN-LINE ROADWAY,NOT AT INTERSECTION,NO,,,,NO,FIXED OBJECT-OFF ROAD,"4369 ELBOW RD
VIRGINIA BEACH, VA
(36.758357, -76.141301)"
2016048068.0,11/21/2016,1728,MON,264,300 Feet From,4.0,423.0,2,ON ROADWAY,NO ADVERSE CONDITION (CLEAR/CLOUDY),DARKNESS-ROAD LIGHTED,YES-WORKING,TRAFFIC LANES MARKED,STRAIGHT-LEVEL,DRY,"BLACKTOP, ASPHALT, BITUMINOUS","TWO-WAY, DIVIDED, POSITIVE MEDIAN BARRIER",NO DEFECTS,MAIN-LINE ROADWAY,NOT AT INTERSECTION,NO,,,,NO,REAR END,"217 INDEPENDENCE BL S
VIRGINIA BEACH, VA
(36.836342, -76.137343)"
2016012754.0,04/03/2016,1818,SUN,BLACKWATER LOOP,100 Feet From,1.0,120.0,1,SHOULDER,NO ADVERSE CONDITION (CLEAR/CLOUDY),DAYLIGHT,YES-WORKING,TRAFFIC LANES MARKED,STRAIGHT-LEVEL,DRY,"BLACKTOP, ASPHALT, BITUMINOUS","TWO-WAY, NOT DIVIDED",NO DEFECTS,NON-INTERSECTION,NOT AT INTERSECTION,NO,,,,NO,OTHER,"5372 BLACKWATER RD
VIRGINIA BEACH, VA
(36.616072, -76.086255)"
2016020309.0,05/22/2016,1757,SUN,HAYGOOD RD,50 Feet From,3.0,328.0,2,ON ROADWAY,RAIN,DAYLIGHT,NO TRAFFIC CONTROL DEVICE PRESENT,TRAFFIC LANES MARKED,STRAIGHT-LEVEL,WET,"BLACKTOP, ASPHALT, BITUMINOUS","TWO-WAY, DIVIDED, UNPROTECTED MEDIAN",NO DEFECTS,NON-INTERSECTION,NOT AT INTERSECTION,NO,,,,NO,SIDESWIPE-SAME DIRECTION,"INDEPENDENCE BL
VIRGINIA BEACH, VA
"
2016019976.0,05/20/2016,1742,FRI,VIKING DR,200 Feet From,1.0,127.0,2,ON ROADWAY,NO ADVERSE CONDITION (CLEAR/CLOUDY),DAYLIGHT,YES-WORKING,TRAFFIC SIGNAL,STRAIGHT-LEVEL,DRY,"BLACKTOP, ASPHALT, BITUMINOUS","TWO-WAY, DIVIDED, POSITIVE MEDIAN BARRIER",NO DEFECTS,MAIN-LINE ROADWAY,NOT AT INTERSECTION,NO,,,,NO,ANGLE,"599 LYNNHAVEN PW
VIRGINIA BEACH, VA
(36.829429, -76.067368)"
2016013091.0,04/06/2016,940,WED,WICKLOW PL,20 Feet From,4.0,427.0,3,ON ROADWAY,NO ADVERSE CONDITION (CLEAR/CLOUDY),DAYLIGHT,YES-WORKING,TRAFFIC LANES MARKED,STRAIGHT-LEVEL,DRY,"BLACKTOP, ASPHALT, BITUMINOUS","TWO-WAY, DIVIDED, POSITIVE MEDIAN BARRIER",NO DEFECTS,NON-INTERSECTION,NOT AT INTERSECTION,NO,,,,NO,REAR END,"400 INDEPENDENCE BL S
VIRGINIA BEACH, VA
(36.828632, -76.134522)"
2016012600.0,04/02/2016,1244,SAT,LYNNHAVEN PW,.50 Miles From,4.0,424.0,2,ON ROADWAY,RAIN,DAYLIGHT,YES-WORKING,TRAFFIC LANES MARKED,STRAIGHT-LEVEL,WET,"BLACKTOP, ASPHALT, BITUMINOUS","TWO-WAY, NOT DIVIDED",NO DEFECTS,MAIN-LINE ROADWAY,NOT AT INTERSECTION,NO,,,,NO,REAR END,"4801 INDIAN RIVER RD
VIRGINIA BEACH, VA
(36.772095, -76.154088)"
2016002822.0,01/23/2016,1345,SAT,BYRD LA,50 Feet From,2.0,222.0,2,ON ROADWAY,RAIN,DAYLIGHT,YES-WORKING,TRAFFIC SIGNAL,STRAIGHT-LEVEL,WET,"BLACKTOP, ASPHALT, BITUMINOUS","TWO-WAY, DIVIDED, UNPROTECTED MEDIAN",NO DEFECTS,MAIN-LINE ROADWAY,FOUR APPROACHES,NO,,,,NO,REAR END,"2371 VIRGINIA BEACH BL
VIRGINIA BEACH, VA
(36.841749, -76.051339)"
2016029107.0,07/15/2016,2039,FRI,WITCHDUCK RD S,300 Feet From,4.0,423.0,2,ON ROADWAY,RAIN,DARKNESS-ROAD LIGHTED,NO TRAFFIC CONTROL DEVICE PRESENT,NO TRAFFIC CONTROL,STRAIGHT-LEVEL,WET,"BLACKTOP, ASPHALT, BITUMINOUS","TWO-WAY, DIVIDED, UNPROTECTED MEDIAN",NO DEFECTS,NON-INTERSECTION,NOT AT INTERSECTION,NO,,,,NO,SIDESWIPE-SAME DIRECTION,"5116 BONNEY RD
VIRGINIA BEACH, VA
(36.830205, -76.157377)"
2016031592.0,07/31/2016,1130,SUN,HONEYCUTT WY,50 Feet From,4.0,424.0,1,ROADSIDE,NO ADVERSE CONDITION (CLEAR/CLOUDY),DAYLIGHT,NO TRAFFIC CONTROL DEVICE PRESENT,NO TRAFFIC CONTROL,STRAIGHT-LEVEL,DRY,CONCRETE,"TWO-WAY, NOT DIVIDED",NO DEFECTS,NON-INTERSECTION,NOT AT INTERSECTION,NO,,,,NO,FIXED OBJECT-OFF ROAD,"1083 BELSPRING DR
VIRGINIA BEACH, VA
(36.782119, -76.139673)"
2016011402.0,03/25/2016,2153,FRI,2799 POTTERS RD,100 Feet From,1.0,127.0,2,ON ROADWAY,NO ADVERSE CONDITION (CLEAR/CLOUDY),DARKNESS-ROAD LIGHTED,NO TRAFFIC CONTROL DEVICE PRESENT,NO TRAFFIC CONTROL,STRAIGHT-LEVEL,DRY,"BLACKTOP, ASPHALT, BITUMINOUS","TWO-WAY, DIVIDED, POSITIVE MEDIAN BARRIER",NO DEFECTS,NON-INTERSECTION,NOT AT INTERSECTION,NO,,,,NO,REAR END,"500 LYNNHAVEN PW
VIRGINIA BEACH, VA
(36.832803, -76.067296)"
2016015709.0,04/23/2016,945,SAT,JAKE SEARS RD,25 Feet From,4.0,421.0,2,ON ROADWAY,NO ADVERSE CONDITION (CLEAR/CLOUDY),DAYLIGHT,YES-WORKING,TRAFFIC LANES MARKED,STRAIGHT-LEVEL,DRY,"BLACKTOP, ASPHALT, BITUMINOUS","TWO-WAY, NOT DIVIDED",NO DEFECTS,NON-INTERSECTION,NOT AT INTERSECTION,NO,,,,NO,ANGLE,"1400 CENTERVILLE TP
VIRGINIA BEACH, VA
(36.791751, -76.196792)"
2016037451.0,09/08/2016,1230,THU,DAVIS ST,2.00 Miles From,3.0,325.0,2,ON ROADWAY,NO ADVERSE CONDITION (CLEAR/CLOUDY),DAYLIGHT,NO TRAFFIC CONTROL DEVICE PRESENT,NO TRAFFIC CONTROL,STRAIGHT-LEVEL,DRY,"BLACKTOP, ASPHALT, BITUMINOUS","TWO-WAY, DIVIDED, POSITIVE MEDIAN BARRIER",NO DEFECTS,NON-INTERSECTION,NOT AT INTERSECTION,NO,,,,NO,REAR END,"5549 VIRGINIA BEACH
VIRGINIA BEACH, VA
(36.852537, -76.173667)"
2016023404.0,06/10/2016,1613,FRI,GREEN MEADOWS DR,150 Feet From,4.0,426.0,2,ON ROADWAY,NO ADVERSE CONDITION (CLEAR/CLOUDY),DAYLIGHT,YES-WORKING,TRAFFIC LANES MARKED,STRAIGHT-LEVEL,DRY,"BLACKTOP, ASPHALT, BITUMINOUS","TWO-WAY, DIVIDED, UNPROTECTED MEDIAN",NO DEFECTS,MAIN-LINE ROADWAY,NOT AT INTERSECTION,NO,,,,YES,REAR END,"4696 PRINCESS ANNE RD
VIRGINIA BEACH, VA
(36.813418, -76.142038)"
2016041503.0,10/06/2016,1925,THU,ROSEMONT RD S,200 Feet From,4.0,427.0,2,ON ROADWAY,RAIN,DARKNESS-ROAD LIGHTED,NO TRAFFIC CONTROL DEVICE PRESENT,NO TRAFFIC CONTROL,STRAIGHT-LEVEL,WET,"BLACKTOP, ASPHALT, BITUMINOUS","TWO-WAY, DIVIDED, POSITIVE MEDIAN BARRIER",NO DEFECTS,MAIN-LINE ROADWAY,NOT AT INTERSECTION,NO,,,,NO,ANGLE,"HOLLAND RD
VIRGINIA BEACH, VA
"
2016032980.0,08/09/2016,1517,TUE,1300 INDEPENDENCE BL S,.50 Miles From,4.0,427.0,2,ON ROADWAY,RAIN,DAYLIGHT,YES-WORKING,TRAFFIC LANES MARKED,STRAIGHT-LEVEL,WET,"BLACKTOP, ASPHALT, BITUMINOUS","TWO-WAY, DIVIDED, POSITIVE MEDIAN BARRIER",NO DEFECTS,NON-INTERSECTION,NOT AT INTERSECTION,NO,,,,NO,REAR END,"4200 HOLLAND RD
VIRGINIA BEACH, VA
(36.818269, -76.118235)"
2016020758.0,05/25/2016,1430,WED,GREEN MEADOWS BL,200 Feet From,4.0,426.0,2,ON ROADWAY,NO ADVERSE CONDITION (CLEAR/CLOUDY),DAYLIGHT,YES-WORKING,TRAFFIC LANES MARKED,STRAIGHT-LEVEL,DRY,"BLACKTOP, ASPHALT, BITUMINOUS","TWO-WAY, DIVIDED, UNPROTECTED MEDIAN",NO DEFECTS,NON-INTERSECTION,NOT AT INTERSECTION,NO,,,,NO,REAR END,"1480 INDEPENDENCE BL S
VIRGINIA BEACH, VA
(36.816905, -76.126812)"
2016005602.0,02/13/2016,1648,SAT,,Yes,1.0,127.0,2,ON ROADWAY,NO ADVERSE CONDITION (CLEAR/CLOUDY),DAYLIGHT,NO TRAFFIC CONTROL DEVICE PRESENT,NO TRAFFIC CONTROL,CURVE-LEVEL,DRY,"BLACKTOP, ASPHALT, BITUMINOUS","TWO-WAY, NOT DIVIDED",NO DEFECTS,WITHIN INTERSECTION,THREE APPROACHES,NO,,,,NO,ANGLE,"1000 LYNNHAVEN MALL LO
VIRGINIA BEACH, VA
(36.814385, -76.073415)"
2016005409.0,02/12/2016,815,FRI,LIVINGSTON OAK DR,200 Feet From,4.0,421.0,2,ON ROADWAY,NO ADVERSE CONDITION (CLEAR/CLOUDY),DAYLIGHT,YES-WORKING,TRAFFIC LANES MARKED,STRAIGHT-LEVEL,DRY,"BLACKTOP, ASPHALT, BITUMINOUS","TWO-WAY, NOT DIVIDED",NO DEFECTS,NON-INTERSECTION,NOT AT INTERSECTION,NO,,,,NO,REAR END,"CENTERVILLE TP
VIRGINIA BEACH, VA
"
2016036475.0,09/01/2016,1411,THU,HOLLAND RD,100 Feet From,4.0,427.0,3,ON ROADWAY,NO ADVERSE CONDITION (CLEAR/CLOUDY),DAYLIGHT,NO TRAFFIC CONTROL DEVICE PRESENT,NO TRAFFIC CONTROL,STRAIGHT-LEVEL,DRY,"BLACKTOP, ASPHALT, BITUMINOUS","TWO-WAY, DIVIDED, UNPROTECTED MEDIAN",NO DEFECTS,NON-INTERSECTION,NOT AT INTERSECTION,NO,,,,NO,REAR END,"700 CHIMNEY HILL PW
VIRGINIA BEACH, VA
(36.813639, -76.102175)"
2016013760.0,04/10/2016,1320,SUN,REPUBLIC RD,200 Feet From,2.0,222.0,2,ON ROADWAY,NO ADVERSE CONDITION (CLEAR/CLOUDY),DAYLIGHT,YES-WORKING,TRAFFIC LANES MARKED,STRAIGHT-LEVEL,DRY,"BLACKTOP, ASPHALT, BITUMINOUS","TWO-WAY, DIVIDED, UNPROTECTED MEDIAN",NO DEFECTS,MAIN-LINE ROADWAY,NOT AT INTERSECTION,NO,,,,NO,REAR END,"700 FIRST COLONIAL RD
VIRGINIA BEACH, VA
(36.850949, -76.022142)"
2016041490.0,10/06/2016,1807,THU,INDEPENDENCE BL,300 Feet From,3.0,324.0,2,ON ROADWAY,RAIN,DUSK,YES-WORKING,TRAFFIC LANES MARKED,STRAIGHT-LEVEL,WET,"BLACKTOP, ASPHALT, BITUMINOUS","TWO-WAY, NOT DIVIDED",NO DEFECTS,NON-INTERSECTION,NOT AT INTERSECTION,NO,,,,NO,ANGLE,"4600 BONNEY RD BLK
VIRGINIA BEACH, VA
(36.836177, -76.135398)"
2016035259.0,08/24/2016,1714,WED,EDWIN DR,200 Feet From,4.0,427.0,2,ON ROADWAY,NO ADVERSE CONDITION (CLEAR/CLOUDY),DAYLIGHT,NO TRAFFIC CONTROL DEVICE PRESENT,NO TRAFFIC CONTROL,STRAIGHT-LEVEL,DRY,"BLACKTOP, ASPHALT, BITUMINOUS","TWO-WAY, NOT DIVIDED",NO DEFECTS,NON-INTERSECTION,NOT AT INTERSECTION,NO,,,,YES,ANGLE,"4400 EXPRESSWAY DR
VIRGINIA BEACH, VA
(36.829677, -76.127671)"
2016018577.0,05/11/2016,1542,WED,INDEPENDENCE BL,20 Feet From,3.0,328.0,2,ON ROADWAY,NO ADVERSE CONDITION (CLEAR/CLOUDY),DAYLIGHT,YES-WORKING,TRAFFIC LANES MARKED,STRAIGHT-LEVEL,DRY,"BLACKTOP, ASPHALT, BITUMINOUS","TWO-WAY, NOT DIVIDED",NO DEFECTS,"OTHER CROSSING (CRSG FOR BIKES, SCHOOL, ETC)",NOT AT INTERSECTION,NO,,,,NO,REAR END,"INDEPENDENCE CI
VIRGINIA BEACH, VA
"
2016051700.0,12/19/2016,1102,MON,6499 INDIAN RIVER RD,20 Feet From,4.0,420.0,2,ON ROADWAY,NO ADVERSE CONDITION (CLEAR/CLOUDY),DAYLIGHT,NO TRAFFIC CONTROL DEVICE PRESENT,NO TRAFFIC CONTROL,STRAIGHT-LEVEL,DRY,CONCRETE,"TWO-WAY, DIVIDED, POSITIVE MEDIAN BARRIER",NO DEFECTS,MAIN-LINE ROADWAY,NOT AT INTERSECTION,NO,,,,NO,REAR END,"840 MILITARY HY S
VIRGINIA BEACH, VA
(36.818672, -76.213492)"
2016018700.0,05/12/2016,1255,THU,BAXTER RD,100 Feet From,4.0,427.0,4,ON ROADWAY,NO ADVERSE CONDITION (CLEAR/CLOUDY),DAYLIGHT,YES-WORKING,TRAFFIC LANES MARKED,STRAIGHT-LEVEL,DRY,"BLACKTOP, ASPHALT, BITUMINOUS","TWO-WAY, DIVIDED, POSITIVE MEDIAN BARRIER",NO DEFECTS,NON-INTERSECTION,NOT AT INTERSECTION,NO,,,,NO,REAR END,"348 INDEPENDENCE BL S
VIRGINIA BEACH, VA
(36.830414, -76.136967)"
2016016480.0,04/27/2016,2305,WED,VIRGINIA BEACH BL,50 Feet From,3.0,323.0,2,ON ROADWAY,RAIN,DARKNESS-ROAD LIGHTED,YES-WORKING,TRAFFIC LANES MARKED,STRAIGHT-LEVEL,WET,"BLACKTOP, ASPHALT, BITUMINOUS","TWO-WAY, DIVIDED, UNPROTECTED MEDIAN",NO DEFECTS,NON-INTERSECTION,NOT AT INTERSECTION,NO,,,,NO,SIDESWIPE-SAME DIRECTION,"200 INDEPENDENCE BL
VIRGINIA BEACH, VA
(36.842019, -76.136705)"
2016025662.0,06/24/2016,1524,FRI,BAKER RD,100 Feet From,3.0,331.0,0,ON ROADWAY,NO ADVERSE CONDITION (CLEAR/CLOUDY),DAYLIGHT,NO TRAFFIC CONTROL DEVICE PRESENT,TRAFFIC LANES MARKED,STRAIGHT-LEVEL,DRY,"BLACKTOP, ASPHALT, BITUMINOUS","TWO-WAY, DIVIDED, POSITIVE MEDIAN BARRIER",NO DEFECTS,INTERSECTION-RELATED-WITHIN 150`,FOUR APPROACHES,NO,,,,NO,REAR END,"5700 NIORTHAMPTON BLVD
VIRGINIA BEACH, VA
(36.885299, -76.180844)"
2016050398.0,12/09/2016,1445,FRI,ONONDAGA RD,200 Feet From,3.0,324.0,2,ON ROADWAY,NO ADVERSE CONDITION (CLEAR/CLOUDY),DAYLIGHT,NO TRAFFIC CONTROL DEVICE PRESENT,NO TRAFFIC CONTROL,STRAIGHT-LEVEL,DRY,"BLACKTOP, ASPHALT, BITUMINOUS","TWO-WAY, DIVIDED, UNPROTECTED MEDIAN",NO DEFECTS,MAIN-LINE ROADWAY,NOT AT INTERSECTION,NO,,,,NO,REAR END,"121 INDEPENDENCE BL S
VIRGINIA BEACH, VA
(36.838266, -76.137105)"
2016032242.0,08/04/2016,2103,THU,800 DIAMOND SPRINGS RD,100 Feet From,3.0,326.0,0,ON ROADWAY,NO ADVERSE CONDITION (CLEAR/CLOUDY),DARKNESS-ROAD LIGHTED,YES-WORKING,TRAFFIC SIGNAL,STRAIGHT-LEVEL,DRY,"BLACKTOP, ASPHALT, BITUMINOUS","TWO-WAY, DIVIDED, UNPROTECTED MEDIAN",NO DEFECTS,NON-INTERSECTION,NOT AT INTERSECTION,NO,,,,NO,REAR END,"5400 WESLEYAN DR
VIRGINIA BEACH, VA
(36.870089, -76.165832)"
2016017722.0,05/06/2016,1037,FRI,CENTERVILLE TP,500 Feet From,4.0,421.0,2,ON ROADWAY,RAIN,DAWN,YES-WORKING,TRAFFIC SIGNAL,STRAIGHT-LEVEL,WET,"BLACKTOP, ASPHALT, BITUMINOUS","TWO-WAY, DIVIDED, POSITIVE MEDIAN BARRIER",NO DEFECTS,MAIN-LINE ROADWAY,NOT AT INTERSECTION,NO,,,,NO,REAR END,"INDIAN RIVER RD
VIRGINIA BEACH, VA
"
2016036427.0,09/01/2016,825,THU,4198 PLAZA TL S,800 Feet From,4.0,427.0,2,ON ROADWAY,NO ADVERSE CONDITION (CLEAR/CLOUDY),DAYLIGHT,NO TRAFFIC CONTROL DEVICE PRESENT,NO TRAFFIC CONTROL,STRAIGHT-LEVEL,DRY,"BLACKTOP, ASPHALT, BITUMINOUS","TWO-WAY, DIVIDED, UNPROTECTED MEDIAN",NO DEFECTS,MAIN-LINE ROADWAY,NOT AT INTERSECTION,NO,,,,NO,REAR END,"4200 HOLLAND RD
VIRGINIA BEACH, VA
(36.818269, -76.118235)"
2016050405.0,12/09/2016,1605,FRI,ARCTIC AV,Yes,2.0,226.0,2,ON ROADWAY,NO ADVERSE CONDITION (CLEAR/CLOUDY),DAYLIGHT,YES-WORKING,STOP SIGN,STRAIGHT-LEVEL,DRY,"BLACKTOP, ASPHALT, BITUMINOUS","TWO-WAY, NOT DIVIDED",NO DEFECTS,WITHIN INTERSECTION,FOUR APPROACHES,NO,,,,NO,SIDESWIPE-SAME DIRECTION,"32ND ST
VIRGINIA BEACH, VA
"
2016017196.0,05/02/2016,1708,MON,PLEASURE HOUSE RD,300 Feet From,3.0,330.0,2,ON ROADWAY,NO ADVERSE CONDITION (CLEAR/CLOUDY),DAYLIGHT,YES-WORKING,TRAFFIC LANES MARKED,STRAIGHT-LEVEL,DRY,CONCRETE,"TWO-WAY, DIVIDED, UNPROTECTED MEDIAN",NO DEFECTS,NON-INTERSECTION,NOT AT INTERSECTION,NO,,,,NO,REAR END,"4798 SHORE DR
VIRGINIA BEACH, VA
(36.904414, -76.135548)"
2016005796.0,02/15/2016,1300,MON,300 CLEARFIELD AV,5.00 Miles From,3.0,325.0,2,ON ROADWAY,RAIN,DAYLIGHT,NO TRAFFIC CONTROL DEVICE PRESENT,NO TRAFFIC CONTROL,STRAIGHT-LEVEL,WET,"BLACKTOP, ASPHALT, BITUMINOUS","TWO-WAY, DIVIDED, UNPROTECTED MEDIAN",NO DEFECTS,NON-INTERSECTION,NOT AT INTERSECTION,NO,,,,NO,ANGLE,"5300 VIRGINIA BEACH BL
VIRGINIA BEACH, VA
(36.848414, -76.162942)"
2016014223.0,04/13/2016,1250,WED,INDIAN RIVER RD,100 Feet From,4.0,422.0,2,ON ROADWAY,NO ADVERSE CONDITION (CLEAR/CLOUDY),DAYLIGHT,YES-WORKING,TRAFFIC SIGNAL,STRAIGHT-LEVEL,DRY,"BLACKTOP, ASPHALT, BITUMINOUS","TWO-WAY, DIVIDED, POSITIVE MEDIAN BARRIER",NO DEFECTS,INTERSECTION-RELATED-WITHIN 150`,FOUR APPROACHES,NO,,,,NO,REAR END,"1349 KEMPSVILLE RD
VIRGINIA BEACH, VA
(36.798027, -76.174699)"
2016027981.0,07/07/2016,2300,THU,DIANA LEE DR,200 Feet From,1.0,126.0,2,ON ROADWAY,NO ADVERSE CONDITION (CLEAR/CLOUDY),DARKNESS-ROAD LIGHTED,NO TRAFFIC CONTROL DEVICE PRESENT,NO TRAFFIC CONTROL,STRAIGHT-LEVEL,DRY,"BLACKTOP, ASPHALT, BITUMINOUS","TWO-WAY, DIVIDED, UNPROTECTED MEDIAN",NO DEFECTS,NON-INTERSECTION,NOT AT INTERSECTION,NO,,,,NO,ANGLE,"HOLLAND RD
VIRGINIA BEACH, VA
"
2016035765.0,08/27/2016,1828,SAT,ARCTIC AV,Yes,2.0,227.0,2,ON ROADWAY,NO ADVERSE CONDITION (CLEAR/CLOUDY),DAYLIGHT,YES-WORKING,STOP SIGN,STRAIGHT-LEVEL,DRY,"BLACKTOP, ASPHALT, BITUMINOUS","TWO-WAY, NOT DIVIDED",NO DEFECTS,WITHIN INTERSECTION,FOUR APPROACHES,NO,,,,NO,ANGLE,"18TH ST
VIRGINIA BEACH, VA
"
2016040505.0,09/29/2016,1515,THU,ARAGONA BL,500 Feet From,3.0,324.0,1,ON ROADWAY,NO ADVERSE CONDITION (CLEAR/CLOUDY),DAYLIGHT,YES-WORKING,TRAFFIC LANES MARKED,STRAIGHT-LEVEL,DRY,CONCRETE,"TWO-WAY, DIVIDED, POSITIVE MEDIAN BARRIER",NO DEFECTS,MAIN-LINE ROADWAY,NOT AT INTERSECTION,NO,,,,NO,PEDESTRIAN,"4899 VIRGINIA BEACH BL
VIRGINIA BEACH, VA
(36.84357, -76.145907)"
2016019540.0,05/18/2016,655,WED,CORPORATE LANDING PW,1.00 Miles From,1.0,123.0,3,ON ROADWAY,NO ADVERSE CONDITION (CLEAR/CLOUDY),DAYLIGHT,YES-WORKING,TRAFFIC LANES MARKED,STRAIGHT-LEVEL,DRY,"BLACKTOP, ASPHALT, BITUMINOUS","TWO-WAY, NOT DIVIDED",NO DEFECTS,NON-INTERSECTION,NOT AT INTERSECTION,NO,,,,NO,REAR END,"1300 DAM NECK RD
VIRGINIA BEACH, VA
(36.786235, -76.008779)"
2016000231.0,01/02/2016,1716,SAT,MUNDEN FARMS LA,100 Feet From,1.0,122.0,1,SHOULDER,NO ADVERSE CONDITION (CLEAR/CLOUDY),DUSK,NO TRAFFIC CONTROL DEVICE PRESENT,NO TRAFFIC CONTROL,STRAIGHT-LEVEL,DRY,"BLACKTOP, ASPHALT, BITUMINOUS","TWO-WAY, NOT DIVIDED",NO DEFECTS,NON-INTERSECTION,NOT AT INTERSECTION,NO,,,,NO,FIXED OBJECT-OFF ROAD,"2080 PRINCESS ANNE RD
VIRGINIA BEACH, VA
(36.748617, -76.012821)"
2016051316.0,12/16/2016,1520,FRI,4501 HAYGOOD RD,30 Feet From,3.0,328.0,2,ON ROADWAY,NO ADVERSE CONDITION (CLEAR/CLOUDY),DAYLIGHT,YES-WORKING,TRAFFIC SIGNAL,STRAIGHT-LEVEL,DRY,"BLACKTOP, ASPHALT, BITUMINOUS","TWO-WAY, DIVIDED, UNPROTECTED MEDIAN",NO DEFECTS,INTERSECTION-RELATED-WITHIN 150`,FOUR APPROACHES,NO,,,,NO,REAR END,"1100 INDEPENDENCE BL
VIRGINIA BEACH, VA
(36.875976, -76.134126)"
2016051485.0,12/17/2016,1618,SAT,264 NO,Yes,2.0,225.0,3,ON ROADWAY,NO ADVERSE CONDITION (CLEAR/CLOUDY),DAYLIGHT,YES-WORKING,TRAFFIC LANES MARKED,STRAIGHT-LEVEL,DRY,"BLACKTOP, ASPHALT, BITUMINOUS","TWO-WAY, DIVIDED, POSITIVE MEDIAN BARRIER",NO DEFECTS,MAIN-LINE ROADWAY,NOT AT INTERSECTION,NO,,,,NO,REAR END,"BIRDNECK RD N
VIRGINIA BEACH, VA
"