CASE Number,Accident Date,Accident Time,Day of Week,Nearest Street,At Intersection,Precinct,Zone ID,Number of Vehicles Involved,Location of First Harmful Event,Weather Condition,Light Conditions,Traffic Control Device,Traffic Control Type,Roadway Alignment,Roadway Surface Condition,Roadway Surface type,Roadway Description,Roadway defects,Relation to Roadway,Intersection Type,Work Zone Related,Workers Present in Work Zone,Work Zone Location,Work Zone Type,School Zone,Type of Collision,Location 1
2016049458.0,12/02/2016,1144,FRI,BAKER RD,Yes,3.0,326.0,3,ON ROADWAY,NO ADVERSE CONDITION (CLEAR/CLOUDY),DAYLIGHT,NO TRAFFIC CONTROL DEVICE PRESENT,NO TRAFFIC CONTROL,STRAIGHT-LEVEL,DRY,"BLACKTOP, ASPHALT, BITUMINOUS","TWO-WAY, NOT DIVIDED",NO DEFECTS,INTERSECTION-RELATED-WITHIN 150`,FOUR APPROACHES,NO,,,,NO,REAR END,"NEWTOWN RD
VIRGINIA BEACH, VA
"
2016049210.0,11/30/2016,2200,WED,VIRGINIA BEACH BL,Yes,2.0,224.0,2,ON ROADWAY,NO ADVERSE CONDITION (CLEAR/CLOUDY),DARKNESS-ROAD LIGHTED,YES-WORKING,TRAFFIC SIGNAL,STRAIGHT-LEVEL,DRY,"BLACKTOP, ASPHALT, BITUMINOUS","TWO-WAY, NOT DIVIDED",NO DEFECTS,WITHIN INTERSECTION,FOUR APPROACHES,NO,,,,NO,ANGLE,"FIRST COLONIAL RD
VIRGINIA BEACH, VA
"
2016049666.0,12/01/2016,2236,THU,LYNNHAVEN RD S,Yes,1.0,127.0,2,ON ROADWAY,NO ADVERSE CONDITION (CLEAR/CLOUDY),DARKNESS-ROAD LIGHTED,YES-WORKING,TRAFFIC SIGNAL,STRAIGHT-LEVEL,DRY,"BLACKTOP, ASPHALT, BITUMINOUS","TWO-WAY, NOT DIVIDED",NO DEFECTS,WITHIN INTERSECTION,FOUR APPROACHES,NO,,,,NO,ANGLE,"LYNNHAVEN PW
VIRGINIA BEACH, VA
"
2016049838.0,12/05/2016,852,MON,WATERFRONT DR,Yes,2.0,226.0,2,ON ROADWAY,RAIN,DAWN,YES-WORKING,TRAFFIC SIGNAL,STRAIGHT-LEVEL,WET,"BLACKTOP, ASPHALT, BITUMINOUS","TWO-WAY, DIVIDED, UNPROTECTED MEDIAN",NO DEFECTS,WITHIN INTERSECTION,FOUR APPROACHES,NO,,,,NO,ANGLE,"BIRDNECK RD N
VIRGINIA BEACH, VA
"
2016049829.0,12/05/2016,800,MON,MINDEN RD,Yes,4.0,422.0,2,ON ROADWAY,RAIN,DAYLIGHT,YES-WORKING,TRAFFIC LANES MARKED,STRAIGHT-LEVEL,WET,"BLACKTOP, ASPHALT, BITUMINOUS","TWO-WAY, DIVIDED, UNPROTECTED MEDIAN",NO DEFECTS,WITHIN INTERSECTION,FOUR APPROACHES,NO,,,,NO,REAR END,"KEMPSVILLE RD 1000 BLOCK
VIRGINIA BEACH, VA
"
2016049288.0,12/01/2016,1227,THU,ELSON GREEN AV,Yes,1.0,122.0,2,ON ROADWAY,NO ADVERSE CONDITION (CLEAR/CLOUDY),DAYLIGHT,YES-WORKING,TRAFFIC SIGNAL,STRAIGHT-LEVEL,DRY,"BLACKTOP, ASPHALT, BITUMINOUS","TWO-WAY, DIVIDED, UNPROTECTED MEDIAN",NO DEFECTS,WITHIN INTERSECTION,FOUR APPROACHES,NO,,,,NO,ANGLE,"UPTON DR
VIRGINIA BEACH, VA
"
2016049615.0,12/03/2016,1321,SAT,HOLLAND RD,Yes,1.0,128.0,2,ON ROADWAY,NO ADVERSE CONDITION (CLEAR/CLOUDY),DAYLIGHT,YES-WORKING,TRAFFIC SIGNAL,STRAIGHT-LEVEL,DRY,CONCRETE,"TWO-WAY, DIVIDED, POSITIVE MEDIAN BARRIER",NO DEFECTS,INTERSECTION-RELATED-WITHIN 150`,FOUR APPROACHES,NO,,,,NO,REAR END,"LYNNHAVEN PW
VIRGINIA BEACH, VA
"
2016049968.0,12/06/2016,951,TUE,BROAD ST,Yes,3.0,323.0,2,ON ROADWAY,RAIN,DAYLIGHT,YES-WORKING,STOP SIGN,STRAIGHT-LEVEL,WET,"BLACKTOP, ASPHALT, BITUMINOUS","TWO-WAY, NOT DIVIDED",NO DEFECTS,WITHIN INTERSECTION,FOUR APPROACHES,NO,,,,NO,ANGLE,"KELLAM RD
VIRGINIA BEACH, VA
"
2016048837.0,11/28/2016,1138,MON,LITTLE NECK RD,Yes,3.0,321.0,2,ON ROADWAY,NO ADVERSE CONDITION (CLEAR/CLOUDY),DAYLIGHT,YES-WORKING,TRAFFIC SIGNAL,STRAIGHT-LEVEL,DRY,"BLACKTOP, ASPHALT, BITUMINOUS","TWO-WAY, DIVIDED, UNPROTECTED MEDIAN",NO DEFECTS,WITHIN INTERSECTION,FOUR APPROACHES,NO,,,,NO,ANGLE,"VIRGINIA BEACH BL
VIRGINIA BEACH, VA
"
2016049957.0,12/06/2016,741,TUE,PLEASURE HOUSE RD,Yes,3.0,329.0,2,ON ROADWAY,RAIN,DAYLIGHT,YES-WORKING,TRAFFIC SIGNAL,STRAIGHT-LEVEL,WET,"BLACKTOP, ASPHALT, BITUMINOUS","TWO-WAY, DIVIDED, UNPROTECTED MEDIAN",NO DEFECTS,MAIN-LINE ROADWAY,FOUR APPROACHES,NO,,,,NO,ANGLE,"NORTHAMPTON BL
VIRGINIA BEACH, VA
"
2016048832.0,11/28/2016,730,MON,WAKEFIELD DR,Yes,3.0,329.0,2,ON ROADWAY,NO ADVERSE CONDITION (CLEAR/CLOUDY),DAYLIGHT,NO TRAFFIC CONTROL DEVICE PRESENT,NO TRAFFIC CONTROL,STRAIGHT-LEVEL,DRY,"BLACKTOP, ASPHALT, BITUMINOUS","TWO-WAY, NOT DIVIDED",NO DEFECTS,NON-INTERSECTION,NOT AT INTERSECTION,NO,,,,NO,SIDESWIPE-SAME DIRECTION,"CAPTAIN ADAMS CT
VIRGINIA BEACH, VA
"
2016049927.0,12/05/2016,2100,MON,STRATFORD RD E,Yes,3.0,330.0,2,ON ROADWAY,NO ADVERSE CONDITION (CLEAR/CLOUDY),DARKNESS-ROAD LIGHTED,YES-WORKING,TRAFFIC LANES MARKED,HILLCREST-STRAIGHT,DRY,"BLACKTOP, ASPHALT, BITUMINOUS","TWO-WAY, NOT DIVIDED",NO DEFECTS,INTERSECTION-RELATED-WITHIN 150`,FOUR APPROACHES,NO,,,,NO,FIXED OBJECT-OFF ROAD,"SHORE DR
VIRGINIA BEACH, VA
"
2016050098.0,12/07/2016,847,WED,GREENWICH RD,Yes,4.0,423.0,2,ON ROADWAY,NO ADVERSE CONDITION (CLEAR/CLOUDY),DAYLIGHT,NO TRAFFIC CONTROL DEVICE PRESENT,NO TRAFFIC CONTROL,STRAIGHT-LEVEL,DRY,"BLACKTOP, ASPHALT, BITUMINOUS","TWO-WAY, DIVIDED, UNPROTECTED MEDIAN",NO DEFECTS,MAIN-LINE ROADWAY,NOT AT INTERSECTION,NO,,,,NO,ANGLE,"WITCHDUCK RD S
VIRGINIA BEACH, VA
"
2016050011.0,12/06/2016,1600,TUE,LONDON BRIDGE RD,Yes,1.0,127.0,1,ON ROADWAY,RAIN,DUSK,YES-WORKING,TRAFFIC SIGNAL,STRAIGHT-LEVEL,WET,"BLACKTOP, ASPHALT, BITUMINOUS","TWO-WAY, DIVIDED, UNPROTECTED MEDIAN",NO DEFECTS,WITHIN INTERSECTION,THREE APPROACHES,NO,,,,NO,FIXED OBJECT-OFF ROAD,"INTERNATIONAL PW
VIRGINIA BEACH, VA
"
2016049999.0,12/07/2016,1337,WED,JEFFERSON AVE,Yes,,,2,ON ROADWAY,NO ADVERSE CONDITION (CLEAR/CLOUDY),DAYLIGHT,YES-WORKING,TRAFFIC SIGNAL,STRAIGHT-LEVEL,DRY,"BLACKTOP, ASPHALT, BITUMINOUS","TWO-WAY, NOT DIVIDED",NO DEFECTS,WITHIN INTERSECTION,FOUR APPROACHES,NO,,,,NO,ANGLE,"19TH ST
VIRGINIA BEACH, VA
"
2016050091.0,12/07/2016,745,WED,HOLLAND RD,Yes,1.0,128.0,2,ON ROADWAY,NO ADVERSE CONDITION (CLEAR/CLOUDY),DAYLIGHT,YES-WORKING,TRAFFIC SIGNAL,STRAIGHT-LEVEL,DRY,"BLACKTOP, ASPHALT, BITUMINOUS","TWO-WAY, DIVIDED, POSITIVE MEDIAN BARRIER",NO DEFECTS,INTERSECTION-RELATED-WITHIN 150`,FOUR APPROACHES,NO,,,,NO,REAR END,"LYNNHAVEN PW
VIRGINIA BEACH, VA
"
2016050139.0,12/07/2016,1401,WED,INDIAN LAKES BL,00.50 Miles From,4.0,422.0,1,SHOULDER,NO ADVERSE CONDITION (CLEAR/CLOUDY),DAYLIGHT,NO TRAFFIC CONTROL DEVICE PRESENT,NO TRAFFIC CONTROL,STRAIGHT-LEVEL,DRY,"BLACKTOP, ASPHALT, BITUMINOUS","TWO-WAY, DIVIDED, POSITIVE MEDIAN BARRIER",UNDER REPAIR,MAIN-LINE ROADWAY,NOT AT INTERSECTION,YES,NO WORKERS PRESENT,ACTIVITY AREA,OTHER,NO,FIXED OBJECT-OFF ROAD,"FERRELL PW
VIRGINIA BEACH, VA
"
2016050274.0,12/08/2016,1335,THU,DIAMOND SPRINGS RD,Yes,3.0,331.0,2,ON ROADWAY,NO ADVERSE CONDITION (CLEAR/CLOUDY),DAYLIGHT,YES-WORKING,TRAFFIC SIGNAL,STRAIGHT-LEVEL,DRY,"BLACKTOP, ASPHALT, BITUMINOUS","TWO-WAY, DIVIDED, UNPROTECTED MEDIAN",NO DEFECTS,WITHIN INTERSECTION,FOUR APPROACHES,NO,,,,NO,REAR END,"NORTHAMPTON BL
VIRGINIA BEACH, VA
"
2016050407.0,12/09/2016,1637,FRI,SECOND ST,Yes,3.0,323.0,2,ON ROADWAY,NO ADVERSE CONDITION (CLEAR/CLOUDY),DAYLIGHT,YES-WORKING,STOP SIGN,STRAIGHT-LEVEL,DRY,"BLACKTOP, ASPHALT, BITUMINOUS","TWO-WAY, DIVIDED, UNPROTECTED MEDIAN",NO DEFECTS,WITHIN INTERSECTION,FOUR APPROACHES,NO,,,,NO,ANGLE,"VIRGINIA BEACH BL
VIRGINIA BEACH, VA
"
2016050397.0,12/09/2016,1453,FRI,BUDDING AV S,Yes,3.0,322.0,2,ON ROADWAY,NO ADVERSE CONDITION (CLEAR/CLOUDY),DAYLIGHT,YES-WORKING,TRAFFIC LANES MARKED,STRAIGHT-LEVEL,DRY,"BLACKTOP, ASPHALT, BITUMINOUS","TWO-WAY, NOT DIVIDED",NO DEFECTS,WITHIN INTERSECTION,FOUR APPROACHES,NO,,,,NO,ANGLE,"BONNEY RD
VIRGINIA BEACH, VA
"
2016050326.0,12/08/2016,2130,THU,POTTERS RD,Yes,1.0,127.0,2,ON ROADWAY,NO ADVERSE CONDITION (CLEAR/CLOUDY),DARKNESS-ROAD LIGHTED,YES-WORKING,TRAFFIC LANES MARKED,STRAIGHT-LEVEL,DRY,"BLACKTOP, ASPHALT, BITUMINOUS","TWO-WAY, DIVIDED, UNPROTECTED MEDIAN",NO DEFECTS,INTERSECTION-RELATED-WITHIN 150`,THREE APPROACHES,NO,,,,NO,REAR END,"LYNNHAVEN PW
VIRGINIA BEACH, VA
"
2016050464.0,12/10/2016,2,SAT,BLACKWATER RD,Yes,1.0,120.0,1,ON ROADWAY,NO ADVERSE CONDITION (CLEAR/CLOUDY),DARKNESS-ROAD LIGHTED,YES-WORKING,TRAFFIC LANES MARKED,STRAIGHT-LEVEL,DRY,"BLACKTOP, ASPHALT, BITUMINOUS","TWO-WAY, DIVIDED, UNPROTECTED MEDIAN",NO DEFECTS,INTERSECTION-RELATED-WITHIN 150`,THREE APPROACHES,NO,,,,NO,FIXED OBJECT-OFF ROAD,"PUNGO FERRY RD
VIRGINIA BEACH, VA
"
2016050519.0,12/10/2016,1445,SAT,29TH ST,Yes,2.0,227.0,2,ON ROADWAY,NO ADVERSE CONDITION (CLEAR/CLOUDY),DAYLIGHT,YES-WORKING,STOP SIGN,STRAIGHT-LEVEL,DRY,"BLACKTOP, ASPHALT, BITUMINOUS","TWO-WAY, NOT DIVIDED",NO DEFECTS,WITHIN INTERSECTION,FOUR APPROACHES,NO,,,,NO,ANGLE,"PACIFIC AV
VIRGINIA BEACH, VA
"
2016050468.0,12/10/2016,159,SAT,HILLTOP NORTH SC,Yes,2.0,223.0,2,ON ROADWAY,NO ADVERSE CONDITION (CLEAR/CLOUDY),DARKNESS-ROAD LIGHTED,YES-WORKING,TRAFFIC SIGNAL,STRAIGHT-LEVEL,DRY,"BLACKTOP, ASPHALT, BITUMINOUS","TWO-WAY, DIVIDED, UNPROTECTED MEDIAN",NO DEFECTS,MAIN-LINE ROADWAY,FOUR APPROACHES,NO,,,,NO,REAR END,"LASKIN RD
VIRGINIA BEACH, VA
"
2016050525.0,12/10/2016,1530,SAT,MEDITERRANEAN AV,Yes,2.0,227.0,2,ON ROADWAY,NO ADVERSE CONDITION (CLEAR/CLOUDY),DAYLIGHT,YES-WORKING,STOP SIGN,STRAIGHT-LEVEL,DRY,"BLACKTOP, ASPHALT, BITUMINOUS","TWO-WAY, NOT DIVIDED",NO DEFECTS,WITHIN INTERSECTION,FOUR APPROACHES,NO,,,,NO,ANGLE,"NORFOLK AV
VIRGINIA BEACH, VA
"
2016050014.0,12/06/2016,1635,TUE,EAST MALL DR,Yes,1.0,127.0,2,ON ROADWAY,RAIN,DUSK,YES-WORKING,STOP SIGN,STRAIGHT-LEVEL,WET,"BLACKTOP, ASPHALT, BITUMINOUS","TWO-WAY, DIVIDED, UNPROTECTED MEDIAN",NO DEFECTS,WITHIN INTERSECTION,THREE APPROACHES,NO,,,,NO,HEAD ON,"LYNNHAVEN MALL LO
VIRGINIA BEACH, VA
"
2016050025.0,12/06/2016,1700,TUE,INDEPENDENCE BL S,Yes,4.0,426.0,2,ON ROADWAY,RAIN,DAYLIGHT,YES-WORKING,TRAFFIC SIGNAL,STRAIGHT-LEVEL,WET,"BLACKTOP, ASPHALT, BITUMINOUS","TWO-WAY, DIVIDED, UNPROTECTED MEDIAN",NO DEFECTS,INTERSECTION-RELATED-WITHIN 150`,FOUR APPROACHES,NO,,,,NO,REAR END,"BAXTER RD
VIRGINIA BEACH, VA
"
2016050010.0,12/06/2016,1555,TUE,BROAD ST,Yes,3.0,323.0,2,ON ROADWAY,RAIN,DAYLIGHT,YES-WORKING,STOP SIGN,STRAIGHT-LEVEL,WET,"BLACKTOP, ASPHALT, BITUMINOUS","TWO-WAY, NOT DIVIDED",SLICK PAVEMENT,WITHIN INTERSECTION,FOUR APPROACHES,NO,,,,NO,ANGLE,"ARAGONA BL
VIRGINIA BEACH, VA
"
2016050694.0,12/12/2016,918,MON,GREEN RUN BL,Yes,4.0,428.0,2,ON ROADWAY,NO ADVERSE CONDITION (CLEAR/CLOUDY),DAYLIGHT,NO TRAFFIC CONTROL DEVICE PRESENT,NO TRAFFIC CONTROL,STRAIGHT-LEVEL,WET,"BLACKTOP, ASPHALT, BITUMINOUS","TWO-WAY, DIVIDED, UNPROTECTED MEDIAN",NO DEFECTS,NON-INTERSECTION,NOT AT INTERSECTION,NO,,,,NO,REAR END,"HOLLAND RD
VIRGINIA BEACH, VA
"
2016050517.0,12/10/2016,1427,SAT,264 NO,Yes,3.0,325.0,3,ON ROADWAY,NO ADVERSE CONDITION (CLEAR/CLOUDY),DAYLIGHT,YES-WORKING,YIELD SIGN,ON/OFF RAMP,DRY,CONCRETE,"ONE-WAY, NOT DIVIDED",NO DEFECTS,WITHIN INTERSECTION,THREE APPROACHES,NO,,,,NO,REAR END,"WITCHDUCK RD N
VIRGINIA BEACH, VA
"
2016050822.0,12/13/2016,550,TUE,EDWIN DR,00.15 Miles From,4.0,427.0,1,ON ROADWAY,NO ADVERSE CONDITION (CLEAR/CLOUDY),DAWN,NO TRAFFIC CONTROL DEVICE PRESENT,NO TRAFFIC CONTROL,STRAIGHT-LEVEL,DRY,"BLACKTOP, ASPHALT, BITUMINOUS","TWO-WAY, NOT DIVIDED",,MAIN-LINE ROADWAY,NOT AT INTERSECTION,NO,,,,NO,OTHER,"EXPRESSWAY DR
VIRGINIA BEACH, VA
"
2016050819.0,12/13/2016,425,TUE,FERRELL PW,,4.0,425.0,1,ON ROADWAY,NO ADVERSE CONDITION (CLEAR/CLOUDY),DARKNESS-ROAD LIGHTED,NO TRAFFIC CONTROL DEVICE PRESENT,NO TRAFFIC CONTROL,STRAIGHT-LEVEL,DRY,"BLACKTOP, ASPHALT, BITUMINOUS","TWO-WAY, NOT DIVIDED",NO DEFECTS,NON-INTERSECTION,NOT AT INTERSECTION,NO,,,,NO,FIXED OBJECT-OFF ROAD,"INDIAN RIVER RD
VIRGINIA BEACH, VA
"
2016050385.0,12/09/2016,1254,FRI,ROSEMONT RD N,Yes,3.0,322.0,2,ON ROADWAY,NO ADVERSE CONDITION (CLEAR/CLOUDY),DAYLIGHT,YES-WORKING AND OBSCURED,TRAFFIC SIGNAL,STRAIGHT-LEVEL,DRY,"BLACKTOP, ASPHALT, BITUMINOUS","TWO-WAY, DIVIDED, UNPROTECTED MEDIAN",NO DEFECTS,INTERSECTION-RELATED-WITHIN 150`,FOUR APPROACHES,NO,,,,NO,REAR END,"VIRGINIA BEACH BL
VIRGINIA BEACH, VA
"
2016050813.0,12/13/2016,151,TUE,HINSDALE ST,,3.0,323.0,1,ROADSIDE,NO ADVERSE CONDITION (CLEAR/CLOUDY),DARKNESS-ROAD LIGHTED,YES-WORKING,TRAFFIC LANES MARKED,STRAIGHT-LEVEL,DRY,"BLACKTOP, ASPHALT, BITUMINOUS","TWO-WAY, DIVIDED, POSITIVE MEDIAN BARRIER",NO DEFECTS,MAIN-LINE ROADWAY,NOT AT INTERSECTION,NO,,,,NO,FIXED OBJECT-OFF ROAD,"INDEPENDENCE
VIRGINIA BEACH, VA
"
2016050765.0,12/12/2016,1820,MON,NIMMO PW,Yes,1.0,122.0,2,ON ROADWAY,NO ADVERSE CONDITION (CLEAR/CLOUDY),DARKNESS-ROAD LIGHTED,YES-WORKING,TRAFFIC SIGNAL,STRAIGHT-LEVEL,DRY,"BLACKTOP, ASPHALT, BITUMINOUS","TWO-WAY, DIVIDED, UNPROTECTED MEDIAN",NO DEFECTS,WITHIN INTERSECTION,FOUR APPROACHES,NO,,,,NO,ANGLE,"UPTON DR
VIRGINIA BEACH, VA
"
2016050789.0,12/12/2016,2010,MON,CAVALIER STADIUM DR,Yes,3.0,324.0,3,ON ROADWAY,NO ADVERSE CONDITION (CLEAR/CLOUDY),DARKNESS-ROAD LIGHTED,YES-WORKING,TRAFFIC SIGNAL,STRAIGHT-LEVEL,DRY,"BLACKTOP, ASPHALT, BITUMINOUS","TWO-WAY, DIVIDED, UNPROTECTED MEDIAN",NO DEFECTS,INTERSECTION-RELATED-WITHIN 150`,FOUR APPROACHES,NO,,,,NO,REAR END,"VIRGINIA BEACH BL
VIRGINIA BEACH, VA
"
2016051133.0,12/15/2016,1030,THU,PLEASURE HOUSE RD,Yes,3.0,329.0,2,ON ROADWAY,NO ADVERSE CONDITION (CLEAR/CLOUDY),DAYLIGHT,YES-WORKING,TRAFFIC SIGNAL,STRAIGHT-LEVEL,DRY,"BLACKTOP, ASPHALT, BITUMINOUS","TWO-WAY, DIVIDED, POSITIVE MEDIAN BARRIER",NO DEFECTS,MAIN-LINE ROADWAY,FOUR APPROACHES,NO,,,,NO,REAR END,"NORTHAMPTON BL
VIRGINIA BEACH, VA
"
2016051061.0,12/14/2016,1730,WED,HOLLAND RD,00.25 Miles From,1.0,128.0,2,ON ROADWAY,NO ADVERSE CONDITION (CLEAR/CLOUDY),DARKNESS-ROAD LIGHTED,YES-WORKING,TRAFFIC LANES MARKED,STRAIGHT-LEVEL,DRY,"BLACKTOP, ASPHALT, BITUMINOUS","TWO-WAY, DIVIDED, UNPROTECTED MEDIAN",NO DEFECTS,NON-INTERSECTION,NOT AT INTERSECTION,NO,,,,NO,ANGLE,"LYNNHAVEN PW
VIRGINIA BEACH, VA
"
2016051183.0,12/15/2016,1605,THU,BAKER RD,Yes,3.0,327.0,2,ON ROADWAY,NO ADVERSE CONDITION (CLEAR/CLOUDY),DAYLIGHT,YES-WORKING,TRAFFIC SIGNAL,STRAIGHT-LEVEL,DRY,"BLACKTOP, ASPHALT, BITUMINOUS","TWO-WAY, DIVIDED, UNPROTECTED MEDIAN",NO DEFECTS,WITHIN INTERSECTION,FOUR APPROACHES,NO,,,,NO,ANGLE,"WITCHDUCK RD
VIRGINIA BEACH, VA
"
2016051144.0,12/15/2016,1211,THU,BUDDING AV S,Yes,3.0,322.0,2,ON ROADWAY,NO ADVERSE CONDITION (CLEAR/CLOUDY),DAYLIGHT,NO TRAFFIC CONTROL DEVICE PRESENT,NO TRAFFIC CONTROL,STRAIGHT-LEVEL,DRY,"BLACKTOP, ASPHALT, BITUMINOUS","TWO-WAY, DIVIDED, UNPROTECTED MEDIAN",NO DEFECTS,MAIN-LINE ROADWAY,FOUR APPROACHES,NO,,,,NO,ANGLE,"BONNEY RD
VIRGINIA BEACH, VA
"
2016051128.0,12/15/2016,1015,THU,GOTHAM RD,Yes,3.0,322.0,2,ON ROADWAY,NO ADVERSE CONDITION (CLEAR/CLOUDY),DAYLIGHT,NO TRAFFIC CONTROL DEVICE PRESENT,NO TRAFFIC CONTROL,STRAIGHT-LEVEL,DRY,"BLACKTOP, ASPHALT, BITUMINOUS","TWO-WAY, NOT DIVIDED",NO DEFECTS,MAIN-LINE ROADWAY,FOUR APPROACHES,NO,,,,NO,ANGLE,"EDINBURGH DR
VIRGINIA BEACH, VA
"
2016049510.0,12/02/2016,1613,FRI,SHOREHAVEN DR,Yes,2.0,221.0,2,ON ROADWAY,NO ADVERSE CONDITION (CLEAR/CLOUDY),DAYLIGHT,YES-WORKING,TRAFFIC SIGNAL,STRAIGHT-LEVEL,DRY,CONCRETE,"TWO-WAY, DIVIDED, UNPROTECTED MEDIAN",NO DEFECTS,WITHIN INTERSECTION,FOUR APPROACHES,NO,,,,NO,SIDESWIPE-SAME DIRECTION,"GREAT NECK RD N
VIRGINIA BEACH, VA
"
2016051171.0,12/15/2016,1454,THU,1200 BROCKMAN LA,Yes,4.0,420.0,2,ON ROADWAY,NO ADVERSE CONDITION (CLEAR/CLOUDY),DAYLIGHT,YES-WORKING,TRAFFIC SIGNAL,STRAIGHT-LEVEL,DRY,"BLACKTOP, ASPHALT, BITUMINOUS","TWO-WAY, DIVIDED, POSITIVE MEDIAN BARRIER",NO DEFECTS,MAIN-LINE ROADWAY,THREE APPROACHES,NO,,,,NO,REAR END,"399 MILITARY HY S
VIRGINIA BEACH, VA
"
2016051268.0,12/16/2016,953,FRI,VIRGINIA BEACH BL,Yes,3.0,324.0,2,ON ROADWAY,NO ADVERSE CONDITION (CLEAR/CLOUDY),DAYLIGHT,NO TRAFFIC CONTROL DEVICE PRESENT,NO TRAFFIC CONTROL,STRAIGHT-LEVEL,DRY,"BLACKTOP, ASPHALT, BITUMINOUS","TWO-WAY, DIVIDED, UNPROTECTED MEDIAN",NO DEFECTS,MAIN-LINE ROADWAY,NOT AT INTERSECTION,NO,,,,NO,REAR END,"WITCHDUCK RD N
VIRGINIA BEACH, VA
"
2016051340.0,12/16/2016,1755,FRI,MILL CROSSING DR,Yes,1.0,122.0,2,ON ROADWAY,NO ADVERSE CONDITION (CLEAR/CLOUDY),DARKNESS-ROAD LIGHTED,YES-WORKING,STOP SIGN,STRAIGHT-LEVEL,DRY,"BLACKTOP, ASPHALT, BITUMINOUS","TWO-WAY, DIVIDED, UNPROTECTED MEDIAN",NO DEFECTS,WITHIN INTERSECTION,FOUR APPROACHES,NO,,,,NO,ANGLE,"UPTON DR
VIRGINIA BEACH, VA
"
2016051342.0,12/16/2016,1827,FRI,HOLLAND RD,Yes,1.0,128.0,2,ON ROADWAY,NO ADVERSE CONDITION (CLEAR/CLOUDY),DARKNESS-ROAD LIGHTED,YES-WORKING,TRAFFIC SIGNAL,STRAIGHT-LEVEL,DRY,"BLACKTOP, ASPHALT, BITUMINOUS","TWO-WAY, DIVIDED, UNPROTECTED MEDIAN",NO DEFECTS,WITHIN INTERSECTION,FOUR APPROACHES,NO,,,,NO,REAR END,"LYNNHAVEN PW
VIRGINIA BEACH, VA
"
2016051563.0,12/18/2016,720,SUN,RUDEE AVE,Yes,2.0,225.0,1,ROADSIDE,NO ADVERSE CONDITION (CLEAR/CLOUDY),DAYLIGHT,YES-WORKING,TRAFFIC LANES MARKED,STRAIGHT-LEVEL,DRY,"BLACKTOP, ASPHALT, BITUMINOUS","TWO-WAY, NOT DIVIDED",NO DEFECTS,MAIN-LINE ROADWAY,TWO APPROACHES,NO,,,,NO,FIXED OBJECT-OFF ROAD,"NORFOLK AVE
VIRGINIA BEACH, VA
"
2016050699.0,12/12/2016,1000,MON,WAYMART CT,Yes,4.0,424.0,3,ON ROADWAY,OTHER,DAYLIGHT,NO TRAFFIC CONTROL DEVICE PRESENT,NO TRAFFIC CONTROL,STRAIGHT-LEVEL,WET,"BLACKTOP, ASPHALT, BITUMINOUS","TWO-WAY, NOT DIVIDED",NO DEFECTS,WITHIN INTERSECTION,FOUR APPROACHES,NO,,,,NO,SIDESWIPE-SAME DIRECTION,"CHESTERBROOK DR
VIRGINIA BEACH, VA
"
2016050456.0,12/10/2016,2329,SAT,264 NO,Yes,3.0,321.0,4,ON ROADWAY,NO ADVERSE CONDITION (CLEAR/CLOUDY),DARKNESS-ROAD LIGHTED,YES-WORKING,TRAFFIC SIGNAL,STRAIGHT-LEVEL,DRY,"BLACKTOP, ASPHALT, BITUMINOUS","TWO-WAY, DIVIDED, UNPROTECTED MEDIAN",NO DEFECTS,INTERSECTION-RELATED-WITHIN 150`,THREE APPROACHES,NO,,,,NO,ANGLE,"ROSEMONT RD S
VIRGINIA BEACH, VA
"
2016051440.0,12/17/2016,1000,SAT,ROSEMONT RD N,Yes,3.0,322.0,2,ON ROADWAY,FOG,DAYLIGHT,YES-WORKING,TRAFFIC SIGNAL,STRAIGHT-LEVEL,WET,"BLACKTOP, ASPHALT, BITUMINOUS","TWO-WAY, DIVIDED, POSITIVE MEDIAN BARRIER",NO DEFECTS,MAIN-LINE ROADWAY,FOUR APPROACHES,NO,,,,NO,ANGLE,"VIRGINIA BEACH BL
VIRGINIA BEACH, VA
"
2016051629.0,12/18/2016,1917,SUN,NEWTOWN RD,25.00 Miles From,3.0,325.0,1,ON ROADWAY,RAIN,DARKNESS-ROAD NOT LIGHTED,YES-WORKING,TRAFFIC LANES MARKED,STRAIGHT-LEVEL,WET,"BLACKTOP, ASPHALT, BITUMINOUS","TWO-WAY, DIVIDED, UNPROTECTED MEDIAN",NO DEFECTS,NON-INTERSECTION,NOT AT INTERSECTION,NO,,,,NO,PEDESTRIAN,"VIRGINIA BEACH BL
VIRGINIA BEACH, VA
"
2016050925.0,12/14/2016,1820,WED,NEVAN RD,Yes,2.0,223.0,2,ON ROADWAY,NO ADVERSE CONDITION (CLEAR/CLOUDY),DAYLIGHT,YES-WORKING,TRAFFIC SIGNAL,STRAIGHT-LEVEL,DRY,"BLACKTOP, ASPHALT, BITUMINOUS","TWO-WAY, DIVIDED, UNPROTECTED MEDIAN",NO DEFECTS,MAIN-LINE ROADWAY,FOUR APPROACHES,NO,,,,NO,REAR END,"LASKIN RD
VIRGINIA BEACH, VA
"
2016049316.0,12/01/2016,1510,THU,GENERAL BOOTH BL,Yes,1.0,123.0,2,ON ROADWAY,NO ADVERSE CONDITION (CLEAR/CLOUDY),DAYLIGHT,YES-WORKING,TRAFFIC SIGNAL,STRAIGHT-LEVEL,DRY,"BLACKTOP, ASPHALT, BITUMINOUS","TWO-WAY, DIVIDED, UNPROTECTED MEDIAN",NO DEFECTS,WITHIN INTERSECTION,FOUR APPROACHES,NO,,,,NO,ANGLE,"OCEANA BL
VIRGINIA BEACH, VA
"
2016051638.0,12/18/2016,2047,SUN,N BIRDNECK RD,Yes,2.0,226.0,0,ON ROADWAY,RAIN,DARKNESS-ROAD LIGHTED,YES-WORKING,TRAFFIC LANES MARKED,CURVE-LEVEL,WET,"BLACKTOP, ASPHALT, BITUMINOUS","TWO-WAY, NOT DIVIDED",NO DEFECTS,MAIN-LINE ROADWAY,THREE APPROACHES,NO,,,,NO,FIXED OBJECT-OFF ROAD,"24TH ST
VIRGINIA BEACH, VA
"
2016051683.0,12/19/2016,925,MON,SILINA DR,Yes,4.0,427.0,2,ON ROADWAY,RAIN,DAYLIGHT,YES-WORKING,STOP SIGN,STRAIGHT-LEVEL,WET,"BLACKTOP, ASPHALT, BITUMINOUS","TWO-WAY, NOT DIVIDED",NO DEFECTS,WITHIN INTERSECTION,FOUR APPROACHES,NO,,,,NO,ANGLE,"3800 PLAZA TL S
VIRGINIA BEACH, VA
"