CASE Number,Accident Date,Accident Time,Day of Week,Nearest Street,At Intersection,Precinct,Zone ID,Number of Vehicles Involved,Location of First Harmful Event,Weather Condition,Light Conditions,Traffic Control Device,Traffic Control Type,Roadway Alignment,Roadway Surface Condition,Roadway Surface type,Roadway Description,Roadway defects,Relation to Roadway,Intersection Type,Work Zone Related,Workers Present in Work Zone,Work Zone Location,Work Zone Type,School Zone,Type of Collision,Location 1
2016000705.0,01/06/2016,1121,WED,VIRGINIA BEACH BL,Yes,2.0,224.0,2,ON ROADWAY,NO ADVERSE CONDITION (CLEAR/CLOUDY),DAYLIGHT,YES-WORKING,TRAFFIC SIGNAL,STRAIGHT-LEVEL,DRY,"BLACKTOP, ASPHALT, BITUMINOUS","TWO-WAY, DIVIDED, UNPROTECTED MEDIAN",NO DEFECTS,MAIN-LINE ROADWAY,NOT AT INTERSECTION,NO,,,,NO,ANGLE,"301 FIRST COLONIAL RD
VIRGINIA BEACH, VA
(36.842526, -76.021215)"
2016003198.0,01/26/2016,1752,TUE,OCEANA BL,Yes,2.0,228.0,2,ON ROADWAY,NO ADVERSE CONDITION (CLEAR/CLOUDY),DARKNESS-ROAD LIGHTED,YES-WORKING,TRAFFIC SIGNAL,STRAIGHT-LEVEL,DRY,"BLACKTOP, ASPHALT, BITUMINOUS","TWO-WAY, NOT DIVIDED",NO DEFECTS,INTERSECTION-RELATED-WITHIN 150`,THREE APPROACHES,NO,,,,NO,REAR END,"1498 TOMCAT BL
VIRGINIA BEACH, VA
(36.802995, -76.012919)"
2016000616.0,01/05/2016,1530,TUE,DUNSTAN LA,Yes,3.0,329.0,2,ON ROADWAY,NO ADVERSE CONDITION (CLEAR/CLOUDY),DAYLIGHT,NO TRAFFIC CONTROL DEVICE PRESENT,NO TRAFFIC CONTROL,STRAIGHT-LEVEL,DRY,"BLACKTOP, ASPHALT, BITUMINOUS","TWO-WAY, NOT DIVIDED",NO DEFECTS,INTERSECTION-RELATED-WITHIN 150`,FOUR APPROACHES,NO,,,,NO,SIDESWIPE-SAME DIRECTION,"4530 BISCAYNE DR
VIRGINIA BEACH, VA
(36.888579, -76.133212)"
2016002829.0,01/23/2016,1542,SAT,83RD ST,00.75 Miles From,2.0,220.0,1,ON ROADWAY,SNOW,DAYLIGHT,YES-WORKING,TRAFFIC LANES MARKED,STRAIGHT-LEVEL,ICY,"BLACKTOP, ASPHALT, BITUMINOUS","TWO-WAY, DIVIDED, UNPROTECTED MEDIAN",NO DEFECTS,NON-INTERSECTION,NOT AT INTERSECTION,NO,,,,NO,FIXED OBJECT-OFF ROAD,"700 SHORE DR
VIRGINIA BEACH, VA
(36.917408, -76.016629)"
2016000656.0,01/05/2016,2157,TUE,HOLLAND RD,Yes,1.0,124.0,1,ON ROADWAY,NO ADVERSE CONDITION (CLEAR/CLOUDY),DARKNESS-ROAD LIGHTED,YES-WORKING,TRAFFIC SIGNAL,STRAIGHT-LEVEL,DRY,"BLACKTOP, ASPHALT, BITUMINOUS","TWO-WAY, DIVIDED, UNPROTECTED MEDIAN",NO DEFECTS,INTERSECTION-RELATED-WITHIN 150`,FOUR APPROACHES,NO,,,,NO,PEDESTRIAN,"3199 DAM NECK RD
VIRGINIA BEACH, VA
(36.786136, -76.07901)"
2016000740.0,01/06/2016,1548,WED,DAM NECK RD,Yes,1.0,123.0,2,ON ROADWAY,NO ADVERSE CONDITION (CLEAR/CLOUDY),DUSK,YES-WORKING,TRAFFIC SIGNAL,STRAIGHT-LEVEL,DRY,"BLACKTOP, ASPHALT, BITUMINOUS","TWO-WAY, DIVIDED, UNPROTECTED MEDIAN",NO DEFECTS,INTERSECTION-RELATED-WITHIN 150`,FOUR APPROACHES,NO,,,,NO,REAR END,"1600 GENERAL BOOTH BL
VIRGINIA BEACH, VA
(36.786013, -75.999206)"
2016004034.0,02/01/2016,1630,MON,WALPOLE ST,Yes,4.0,424.0,2,ON ROADWAY,NO ADVERSE CONDITION (CLEAR/CLOUDY),DAYLIGHT,YES-WORKING,TRAFFIC LANES MARKED,CURVE-LEVEL,DRY,"BLACKTOP, ASPHALT, BITUMINOUS","TWO-WAY, NOT DIVIDED",NO DEFECTS,WITHIN INTERSECTION,THREE APPROACHES,NO,,,,NO,SIDESWIPE-OPPOSITE DIRECTION,"4000 ELBOW RD
VIRGINIA BEACH, VA
(36.768186, -76.123954)"
2016000490.0,01/04/2016,1648,MON,WEST NECK RD,Yes,1.0,121.0,2,ON ROADWAY,SNOW,DARKNESS-ROAD LIGHTED,YES-WORKING,TRAFFIC SIGNAL,STRAIGHT-LEVEL,SNOWY,"BLACKTOP, ASPHALT, BITUMINOUS","TWO-WAY, DIVIDED, UNPROTECTED MEDIAN",NO DEFECTS,INTERSECTION-RELATED-WITHIN 150`,FOUR APPROACHES,NO,,,,NO,REAR END,"2609 NORTH LANDING RD
VIRGINIA BEACH, VA
(36.747393, -76.062762)"
2016002966.0,01/24/2016,0,SUN,1100 OLD CLUBHOUSE RD,Yes,1.0,126.0,2,ON ROADWAY,SNOW,UNKNOWN,YES-WORKING,STOP SIGN,STRAIGHT-LEVEL,SNOWY,"BLACKTOP, ASPHALT, BITUMINOUS","TWO-WAY, NOT DIVIDED",SLICK PAVEMENT,WITHIN INTERSECTION,THREE APPROACHES,NO,,,,NO,ANGLE,"3230 REDGROVE CT
VIRGINIA BEACH, VA
(36.801327, -76.08103)"
2016001492.0,01/12/2016,1652,TUE,200 5TH ST,Yes,2.0,227.0,2,ON ROADWAY,NO ADVERSE CONDITION (CLEAR/CLOUDY),DUSK,YES-WORKING,TRAFFIC SIGNAL,STRAIGHT-LEVEL,DRY,"BLACKTOP, ASPHALT, BITUMINOUS","TWO-WAY, DIVIDED, UNPROTECTED MEDIAN",NO DEFECTS,MAIN-LINE ROADWAY,FOUR APPROACHES,NO,,,,NO,ANGLE,"500 PACIFIC AV
VIRGINIA BEACH, VA
(36.836488, -75.973132)"
2016000684.0,01/06/2016,800,WED,INDIAN RIVER RD,Yes,4.0,422.0,3,ON ROADWAY,NO ADVERSE CONDITION (CLEAR/CLOUDY),DAYLIGHT,YES-WORKING,TRAFFIC SIGNAL,STRAIGHT-LEVEL,DRY,"BLACKTOP, ASPHALT, BITUMINOUS","TWO-WAY, DIVIDED, UNPROTECTED MEDIAN",NO DEFECTS,INTERSECTION-RELATED-WITHIN 150`,FOUR APPROACHES,NO,,,,NO,REAR END,"1300 KEMPSVILLE RD
VIRGINIA BEACH, VA
(36.799913, -76.173743)"
2016003545.0,01/29/2016,1255,FRI,NEVAN RD,Yes,2.0,223.0,2,ON ROADWAY,NO ADVERSE CONDITION (CLEAR/CLOUDY),DAYLIGHT,YES-WORKING,STOP SIGN,STRAIGHT-LEVEL,DRY,CONCRETE,"TWO-WAY, DIVIDED, UNPROTECTED MEDIAN",NO DEFECTS,WITHIN INTERSECTION,TWO APPROACHES,NO,,,,NO,ANGLE,"1649 LASKIN RD
VIRGINIA BEACH, VA
(36.851123, -76.018285)"
2016001385.0,01/11/2016,1645,MON,409 MAXEY DR,Yes,2.0,222.0,3,ON ROADWAY,NO ADVERSE CONDITION (CLEAR/CLOUDY),DAYLIGHT,NO TRAFFIC CONTROL DEVICE PRESENT,NO TRAFFIC CONTROL,STRAIGHT-LEVEL,DRY,CONCRETE,"TWO-WAY, DIVIDED, UNPROTECTED MEDIAN",NO DEFECTS,INTERSECTION-RELATED-WITHIN 150`,THREE APPROACHES,NO,,,,NO,REAR END,"1800 VIRGINIA BEACH BL
VIRGINIA BEACH, VA
(36.843319, -76.027234)"
2016000375.0,01/03/2016,1936,SUN,CHIMNEY HILL PW,Yes,4.0,427.0,2,ON ROADWAY,NO ADVERSE CONDITION (CLEAR/CLOUDY),DARKNESS-ROAD LIGHTED,YES-WORKING,TRAFFIC SIGNAL,STRAIGHT-LEVEL,DRY,"BLACKTOP, ASPHALT, BITUMINOUS","TWO-WAY, DIVIDED, UNPROTECTED MEDIAN",NO DEFECTS,WITHIN INTERSECTION,FOUR APPROACHES,NO,,,,NO,HEAD ON,"3712 HOLLAND RD
VIRGINIA BEACH, VA
(36.814288, -76.101496)"
2016000686.0,01/06/2016,805,WED,OLD GREAT NECK RD,Yes,2.0,222.0,3,ON ROADWAY,NO ADVERSE CONDITION (CLEAR/CLOUDY),DAYLIGHT,YES-WORKING,STOP SIGN,STRAIGHT-LEVEL,DRY,"BLACKTOP, ASPHALT, BITUMINOUS","TWO-WAY, DIVIDED, UNPROTECTED MEDIAN",NO DEFECTS,WITHIN INTERSECTION,TWO APPROACHES,NO,,,,NO,ANGLE,"353 GREAT NECK RD N
VIRGINIA BEACH, VA
(36.843777, -76.047971)"
2016002312.0,01/19/2016,1043,TUE,GREAT NECK RD N,Yes,2.0,222.0,2,ON ROADWAY,NO ADVERSE CONDITION (CLEAR/CLOUDY),DAYLIGHT,YES-WORKING,TRAFFIC SIGNAL,STRAIGHT-LEVEL,DRY,"BLACKTOP, ASPHALT, BITUMINOUS","TWO-WAY, DIVIDED, POSITIVE MEDIAN BARRIER",NO DEFECTS,WITHIN INTERSECTION,FOUR APPROACHES,NO,,,,NO,ANGLE,"2300 VIRGINIA BEACH BL
VIRGINIA BEACH, VA
(36.841723, -76.048518)"
2016001197.0,01/09/2016,2359,SAT,30TH ST,Yes,2.0,227.0,2,ON ROADWAY,RAIN,DARKNESS-ROAD LIGHTED,YES-WORKING,TRAFFIC SIGNAL,STRAIGHT-LEVEL,WET,"BLACKTOP, ASPHALT, BITUMINOUS","TWO-WAY, DIVIDED, UNPROTECTED MEDIAN",NO DEFECTS,INTERSECTION-RELATED-WITHIN 150`,FOUR APPROACHES,NO,,,,NO,ANGLE,"3000 PACIFIC AV
VIRGINIA BEACH, VA
(36.858146, -75.97907)"
2016002736.0,01/22/2016,1345,FRI,ATLANTIC AV,01.08 Miles From,2.0,220.0,1,ON ROADWAY,SNOW,DAYLIGHT,YES-WORKING,TRAFFIC LANES MARKED,STRAIGHT-LEVEL,SNOWY,"BLACKTOP, ASPHALT, BITUMINOUS","TWO-WAY, DIVIDED, POSITIVE MEDIAN BARRIER",NO DEFECTS,MAIN-LINE ROADWAY,NOT AT INTERSECTION,NO,,,,NO,FIXED OBJECT-OFF ROAD,"1204 SHORE DR
VIRGINIA BEACH, VA
(36.910483, -76.003965)"
2016000682.0,01/06/2016,728,WED,LONE HOLLY LA,Yes,3.0,325.0,1,ON ROADWAY,NO ADVERSE CONDITION (CLEAR/CLOUDY),DAYLIGHT,NO TRAFFIC CONTROL DEVICE PRESENT,TRAFFIC LANES MARKED,STRAIGHT-LEVEL,DRY,"BLACKTOP, ASPHALT, BITUMINOUS","TWO-WAY, NOT DIVIDED",NO DEFECTS,INTERSECTION-RELATED-WITHIN 150`,THREE APPROACHES,NO,,,,NO,PEDESTRIAN,"544 BAKER RD
VIRGINIA BEACH, VA
(36.858171, -76.172387)"
2016002295.0,01/19/2016,920,TUE,WINTERBERRY LA,00.25 Miles From,1.0,125.0,3,ON ROADWAY,NO ADVERSE CONDITION (CLEAR/CLOUDY),DAYLIGHT,NO TRAFFIC CONTROL DEVICE PRESENT,TRAFFIC LANES MARKED,STRAIGHT-LEVEL,DRY,"BLACKTOP, ASPHALT, BITUMINOUS","TWO-WAY, DIVIDED, UNPROTECTED MEDIAN",NO DEFECTS,NON-INTERSECTION,NOT AT INTERSECTION,NO,,,,NO,REAR END,"3252 PRINCESS ANNE RD
VIRGINIA BEACH, VA
(36.771272, -76.084786)"
2016002930.0,01/24/2016,1240,SUN,BAKER RD,Yes,3.0,326.0,2,ON ROADWAY,NO ADVERSE CONDITION (CLEAR/CLOUDY),DAYLIGHT,YES-WORKING,TRAFFIC SIGNAL,STRAIGHT-LEVEL,DRY,"BLACKTOP, ASPHALT, BITUMINOUS","TWO-WAY, NOT DIVIDED",NO DEFECTS,WITHIN INTERSECTION,FOUR APPROACHES,NO,,,,NO,SIDESWIPE-SAME DIRECTION,"565 NEWTOWN RD
VIRGINIA BEACH, VA
(36.859313, -76.175523)"
2016003817.0,01/31/2016,500,SUN,SUFFOLK LA,Yes,3.0,321.0,1,ON ROADWAY,NO ADVERSE CONDITION (CLEAR/CLOUDY),DARKNESS-ROAD LIGHTED,NO TRAFFIC CONTROL DEVICE PRESENT,NO TRAFFIC CONTROL,STRAIGHT-LEVEL,DRY,CONCRETE,"TWO-WAY, DIVIDED, UNPROTECTED MEDIAN",NO DEFECTS,WITHIN INTERSECTION,FOUR APPROACHES,NO,,,,NO,FIXED OBJECT-OFF ROAD,"3700 KINGS GRANT RD
VIRGINIA BEACH, VA
(36.861031, -76.100105)"
2016003536.0,01/29/2016,1200,FRI,OLD GREAT NECK RD,Yes,2.0,222.0,2,ON ROADWAY,NO ADVERSE CONDITION (CLEAR/CLOUDY),DAYLIGHT,YES-WORKING,TRAFFIC LANES MARKED,STRAIGHT-LEVEL,DRY,"BLACKTOP, ASPHALT, BITUMINOUS","TWO-WAY, DIVIDED, UNPROTECTED MEDIAN",NO DEFECTS,MAIN-LINE ROADWAY,THREE APPROACHES,NO,,,,NO,ANGLE,"500 GREAT NECK RD N
VIRGINIA BEACH, VA
(36.850028, -76.048127)"
2016001129.0,01/09/2016,1408,SAT,1398 CENTER LA,Yes,4.0,422.0,2,ON ROADWAY,NO ADVERSE CONDITION (CLEAR/CLOUDY),DAYLIGHT,YES-WORKING,TRAFFIC SIGNAL,STRAIGHT-LEVEL,DRY,"BLACKTOP, ASPHALT, BITUMINOUS","TWO-WAY, DIVIDED, UNPROTECTED MEDIAN",NO DEFECTS,WITHIN INTERSECTION,THREE APPROACHES,NO,,,,NO,REAR END,"5341 INDIAN RIVER RD
VIRGINIA BEACH, VA
(36.798636, -76.177391)"
2016001346.0,01/11/2016,1225,MON,HAYGOOD RD,Yes,3.0,328.0,2,ON ROADWAY,NO ADVERSE CONDITION (CLEAR/CLOUDY),DAYLIGHT,YES-WORKING,TRAFFIC SIGNAL,STRAIGHT-LEVEL,DRY,"BLACKTOP, ASPHALT, BITUMINOUS","TWO-WAY, DIVIDED, UNPROTECTED MEDIAN",NO DEFECTS,INTERSECTION-RELATED-WITHIN 150`,FOUR APPROACHES,NO,,,,NO,SIDESWIPE-SAME DIRECTION,"1100 INDEPENDENCE BL
VIRGINIA BEACH, VA
(36.875976, -76.134126)"
2016003216.0,01/26/2016,2132,TUE,KEMPSVILLE RD,Yes,4.0,422.0,2,ON ROADWAY,NO ADVERSE CONDITION (CLEAR/CLOUDY),DARKNESS-ROAD LIGHTED,YES-WORKING,TRAFFIC SIGNAL,STRAIGHT-LEVEL,DRY,"BLACKTOP, ASPHALT, BITUMINOUS","TWO-WAY, DIVIDED, UNPROTECTED MEDIAN",NO DEFECTS,WITHIN INTERSECTION,FOUR APPROACHES,NO,,,,NO,SIDESWIPE-OPPOSITE DIRECTION,"5100 PRINCESS ANNE RD
VIRGINIA BEACH, VA
(36.825148, -76.157757)"
2016002281.0,01/19/2016,730,TUE,OLD GREAT NECK RD,Yes,2.0,222.0,2,ON ROADWAY,NO ADVERSE CONDITION (CLEAR/CLOUDY),DAYLIGHT,YES-WORKING,STOP SIGN,STRAIGHT-LEVEL,DRY,"BLACKTOP, ASPHALT, BITUMINOUS","TWO-WAY, NOT DIVIDED",NO DEFECTS,WITHIN INTERSECTION,THREE APPROACHES,NO,,,,NO,ANGLE,"300 GREAT NECK RD N
VIRGINIA BEACH, VA
(36.842664, -76.047915)"
2016002910.0,01/24/2016,900,SUN,WITCHDUCK RD N,01.00 Miles From,3.0,324.0,1,ON ROADWAY,SNOW,DAYLIGHT,NO TRAFFIC CONTROL DEVICE PRESENT,NO TRAFFIC CONTROL,STRAIGHT-LEVEL,ICY,"BLACKTOP, ASPHALT, BITUMINOUS","TWO-WAY, DIVIDED, UNPROTECTED MEDIAN",NO DEFECTS,NON-INTERSECTION,NOT AT INTERSECTION,NO,,,,NO,FIXED OBJECT-OFF ROAD,"5100 VIRGINIA BEACH BL
VIRGINIA BEACH, VA
(36.845805, -76.156521)"
2016001925.0,01/16/2016,141,SAT,5600 SHORE DR,Yes,3.0,331.0,2,ON ROADWAY,MIST,DARKNESS-ROAD LIGHTED,YES-WORKING,TRAFFIC SIGNAL,STRAIGHT-LEVEL,WET,"BLACKTOP, ASPHALT, BITUMINOUS","TWO-WAY, DIVIDED, POSITIVE MEDIAN BARRIER",NO DEFECTS,INTERSECTION-RELATED-WITHIN 150`,THREE APPROACHES,NO,,,,NO,REAR END,"2100 DIAMOND SPRINGS RD
VIRGINIA BEACH, VA
(36.904789, -76.179163)"
2016002924.0,01/24/2016,1110,SUN,NEW BRIDGE RD,00.50 Miles From,1.0,122.0,1,ON ROADWAY,NO ADVERSE CONDITION (CLEAR/CLOUDY),DAYLIGHT,YES-WORKING,TRAFFIC LANES MARKED,CURVE-LEVEL,ICY,"BLACKTOP, ASPHALT, BITUMINOUS","TWO-WAY, NOT DIVIDED",OTHER,NON-INTERSECTION,NOT AT INTERSECTION,NO,,,,NO,NON-COLLISION,"1319 SANDBRIDGE RD
VIRGINIA BEACH, VA
(36.73204, -75.985165)"
2016001411.0,01/11/2016,2310,MON,LANDSTOWN RD,00.10 Miles From,1.0,125.0,1,SHOULDER,NO ADVERSE CONDITION (CLEAR/CLOUDY),DARKNESS-ROAD NOT LIGHTED,NO TRAFFIC CONTROL DEVICE PRESENT,NO TRAFFIC CONTROL,CURVE-LEVEL,DRY,"BLACKTOP, ASPHALT, BITUMINOUS","TWO-WAY, NOT DIVIDED",EDGE PAVEMENT DROP OFF,NON-INTERSECTION,NOT AT INTERSECTION,NO,,,,NO,OTHER,"2709 SALEM RD
VIRGINIA BEACH, VA
(36.745642, -76.103938)"
2016002502.0,01/20/2016,1751,WED,PRIVATE RD,Yes,3.0,322.0,2,ON ROADWAY,NO ADVERSE CONDITION (CLEAR/CLOUDY),DARKNESS-ROAD LIGHTED,YES-WORKING,STOP SIGN,STRAIGHT-LEVEL,DRY,CONCRETE,"TWO-WAY, NOT DIVIDED",NO DEFECTS,MAIN-LINE ROADWAY,TWO APPROACHES,NO,,,,NO,ANGLE,"3801 BONNEY RD
VIRGINIA BEACH, VA
(36.839206, -76.106444)"
2016002820.0,01/23/2016,1321,SAT,4099 FOXWOOD DR,Yes,4.0,426.0,2,ON ROADWAY,SNOW,DAYLIGHT,YES-WORKING,STOP SIGN,STRAIGHT-LEVEL,SNOWY,"BLACKTOP, ASPHALT, BITUMINOUS","TWO-WAY, DIVIDED, UNPROTECTED MEDIAN",NO DEFECTS,WITHIN INTERSECTION,FOUR APPROACHES,NO,,,,NO,ANGLE,"1710 INDEPENDENCE BL S
VIRGINIA BEACH, VA
(36.808856, -76.12)"
2016000756.0,01/06/2016,1830,WED,STANCIL ST,Yes,1.0,129.0,2,ON ROADWAY,NO ADVERSE CONDITION (CLEAR/CLOUDY),DARKNESS-ROAD LIGHTED,NO TRAFFIC CONTROL DEVICE PRESENT,NO TRAFFIC CONTROL,STRAIGHT-LEVEL,DRY,"BLACKTOP, ASPHALT, BITUMINOUS","TWO-WAY, DIVIDED, UNPROTECTED MEDIAN",NO DEFECTS,WITHIN INTERSECTION,FOUR APPROACHES,NO,,,,NO,ANGLE,"324 CASSADY AV
VIRGINIA BEACH, VA
(36.828579, -76.091341)"
2016002763.0,01/22/2016,1806,FRI,THOMAS BISHOP LA,Yes,2.0,221.0,1,ON ROADWAY,SNOW,DARKNESS-ROAD LIGHTED,YES-WORKING,STOP SIGN,STRAIGHT-LEVEL,ICY,"BLACKTOP, ASPHALT, BITUMINOUS","TWO-WAY, DIVIDED, UNPROTECTED MEDIAN",NO DEFECTS,INTERSECTION-RELATED-WITHIN 150`,TWO APPROACHES,NO,,,,YES,FIXED OBJECT-OFF ROAD,"1899 GREAT NECK RD N
VIRGINIA BEACH, VA
(36.897854, -76.063927)"
2016001155.0,01/09/2016,1902,SAT,LYNNHAVEN PW,Yes,4.0,424.0,2,ON ROADWAY,NO ADVERSE CONDITION (CLEAR/CLOUDY),DARKNESS-ROAD LIGHTED,YES-WORKING,TRAFFIC SIGNAL,STRAIGHT-LEVEL,DRY,"BLACKTOP, ASPHALT, BITUMINOUS","TWO-WAY, NOT DIVIDED",NO DEFECTS,WITHIN INTERSECTION,FOUR APPROACHES,NO,,,,NO,ANGLE,"4199 PLEASANT VALLEY RD
VIRGINIA BEACH, VA
(36.786637, -76.149752)"
2016002712.0,01/22/2016,1136,FRI,1865 DOLINA DR,Yes,4.0,421.0,2,ON ROADWAY,SNOW,DAYLIGHT,YES-WORKING,STOP SIGN,STRAIGHT-LEVEL,SNOWY,"BLACKTOP, ASPHALT, BITUMINOUS","TWO-WAY, NOT DIVIDED",NO DEFECTS,WITHIN INTERSECTION,FOUR APPROACHES,NO,,,,NO,REAR END,"1819 HEALD WY
VIRGINIA BEACH, VA
(36.770419, -76.1769)"
2016000554.0,01/05/2016,715,TUE,OLD DONATION PW,Yes,2.0,223.0,2,ON ROADWAY,NO ADVERSE CONDITION (CLEAR/CLOUDY),DAYLIGHT,YES-WORKING,YIELD SIGN,CURVE-LEVEL,DRY,"BLACKTOP, ASPHALT, BITUMINOUS","TWO-WAY, DIVIDED, UNPROTECTED MEDIAN",NO DEFECTS,WITHIN INTERSECTION,FOUR APPROACHES,NO,,,,NO,REAR END,"1060 FIRST COLONIAL RD
VIRGINIA BEACH, VA
(36.820278, -75.998619)"
2016001278.0,01/10/2016,2100,SUN,25TH ST,Yes,2.0,227.0,2,ON ROADWAY,NO ADVERSE CONDITION (CLEAR/CLOUDY),DARKNESS-ROAD LIGHTED,NO TRAFFIC CONTROL DEVICE PRESENT,TRAFFIC LANES MARKED,STRAIGHT-LEVEL,DRY,"BLACKTOP, ASPHALT, BITUMINOUS","TWO-WAY, DIVIDED, UNPROTECTED MEDIAN",NO DEFECTS,INTERSECTION-RELATED-WITHIN 150`,FOUR APPROACHES,NO,,,,NO,ANGLE,"2500 ARCTIC AV
VIRGINIA BEACH, VA
(36.853437, -75.979728)"
2016002730.0,01/22/2016,1345,FRI,KENDALL ST,00.25 Miles From,2.0,220.0,1,SHOULDER,SNOW,DAYLIGHT,YES-WORKING,TRAFFIC SIGNAL,STRAIGHT-LEVEL,SNOWY,"BLACKTOP, ASPHALT, BITUMINOUS","TWO-WAY, DIVIDED, UNPROTECTED MEDIAN",SLICK PAVEMENT,NON-INTERSECTION,NOT AT INTERSECTION,NO,,,,NO,FIXED OBJECT-OFF ROAD,"2500 SHORE DR
VIRGINIA BEACH, VA
(36.916653, -76.054948)"
2016001111.0,01/09/2016,1127,SAT,INDEPENDENCE BL S,Yes,3.0,324.0,2,ON ROADWAY,NO ADVERSE CONDITION (CLEAR/CLOUDY),DAYLIGHT,YES-WORKING,TRAFFIC SIGNAL,STRAIGHT-LEVEL,DRY,"BLACKTOP, ASPHALT, BITUMINOUS","TWO-WAY, DIVIDED, POSITIVE MEDIAN BARRIER",NO DEFECTS,WITHIN INTERSECTION,FOUR APPROACHES,NO,,,,NO,BACKED INTO,"4701 EUCLID RD
VIRGINIA BEACH, VA
(36.83686, -76.139101)"
2016003180.0,01/26/2016,1539,TUE,NEWTOWN RD,Yes,3.0,325.0,1,ON ROADWAY,NO ADVERSE CONDITION (CLEAR/CLOUDY),DAYLIGHT,YES-WORKING,STOP SIGN,STRAIGHT-LEVEL,DRY,"BLACKTOP, ASPHALT, BITUMINOUS","TWO-WAY, DIVIDED, UNPROTECTED MEDIAN",NO DEFECTS,WITHIN INTERSECTION,THREE APPROACHES,NO,,,,NO,PEDESTRIAN,"501 LAKE EDWARD DR
VIRGINIA BEACH, VA
(36.857788, -76.176583)"
2016001961.0,01/16/2016,1224,SAT,LEVEL GREEN BL,Yes,4.0,420.0,2,ON ROADWAY,NO ADVERSE CONDITION (CLEAR/CLOUDY),DAYLIGHT,YES-WORKING,STOP SIGN,STRAIGHT-LEVEL,DRY,"BLACKTOP, ASPHALT, BITUMINOUS","TWO-WAY, NOT DIVIDED",NO DEFECTS,MAIN-LINE ROADWAY,TWO APPROACHES,NO,,,,NO,SIDESWIPE-SAME DIRECTION,"5900 COMMONWEALTH DR
VIRGINIA BEACH, VA
(36.808905, -76.202879)"
2016000758.0,01/06/2016,1830,WED,CENTRAL PARK AVE,Yes,3.0,324.0,2,ON ROADWAY,NO ADVERSE CONDITION (CLEAR/CLOUDY),DARKNESS-ROAD LIGHTED,YES-WORKING,TRAFFIC SIGNAL,STRAIGHT-LEVEL,DRY,"BLACKTOP, ASPHALT, BITUMINOUS","TWO-WAY, DIVIDED, POSITIVE MEDIAN BARRIER",NO DEFECTS,MAIN-LINE ROADWAY,FOUR APPROACHES,NO,,,,NO,REAR END,"4550 VIRGINIA BEACH BLVD
VIRGINIA BEACH, VA
(36.843612, -76.133478)"
2016002941.0,01/24/2016,1330,SUN,PROVIDENCE RD,Yes,4.0,420.0,2,ON ROADWAY,NO ADVERSE CONDITION (CLEAR/CLOUDY),DAYLIGHT,YES-WORKING,STOP SIGN,STRAIGHT-LEVEL,ICY,"BLACKTOP, ASPHALT, BITUMINOUS","TWO-WAY, DIVIDED, UNPROTECTED MEDIAN",SLICK PAVEMENT,WITHIN INTERSECTION,FOUR APPROACHES,NO,,,,NO,ANGLE,"1000 COLLEGE PARK BL
VIRGINIA BEACH, VA
(36.809635, -76.213237)"
2016003234.0,01/27/2016,527,WED,OLE TOWNE LA,Yes,1.0,127.0,1,SHOULDER,NO ADVERSE CONDITION (CLEAR/CLOUDY),DARKNESS-ROAD LIGHTED,YES-WORKING,TRAFFIC LANES MARKED,STRAIGHT-LEVEL,DRY,"BLACKTOP, ASPHALT, BITUMINOUS","TWO-WAY, DIVIDED, UNPROTECTED MEDIAN",NO DEFECTS,MAIN-LINE ROADWAY,THREE APPROACHES,NO,,,,NO,FIXED OBJECT-OFF ROAD,"923 LYNNHAVEN RD S
VIRGINIA BEACH, VA
(36.811438, -76.072847)"
2016000934.0,01/08/2016,655,FRI,FIRST COLONIAL RD,Yes,2.0,223.0,2,ON ROADWAY,NO ADVERSE CONDITION (CLEAR/CLOUDY),DAWN,YES-WORKING,TRAFFIC SIGNAL,STRAIGHT-LEVEL,DRY,"BLACKTOP, ASPHALT, BITUMINOUS","TWO-WAY, DIVIDED, UNPROTECTED MEDIAN",NO DEFECTS,WITHIN INTERSECTION,FOUR APPROACHES,NO,,,,NO,REAR END,"1700 LASKIN RD
VIRGINIA BEACH, VA
(36.850858, -76.022572)"
2016002738.0,01/22/2016,1356,FRI,JACK FROST RD,,3.0,331.0,3,ON ROADWAY,SNOW,DAYLIGHT,YES-WORKING,TRAFFIC SIGNAL,STRAIGHT-LEVEL,SNOWY,"BLACKTOP, ASPHALT, BITUMINOUS","TWO-WAY, DIVIDED, POSITIVE MEDIAN BARRIER",NO DEFECTS,MAIN-LINE ROADWAY,NOT AT INTERSECTION,NO,,,,NO,REAR END,"5220 NORTHAMPTON BL
VIRGINIA BEACH, VA
(36.891687, -76.172203)"
2016002504.0,01/20/2016,1819,WED,MALIBU DR,Yes,3.0,321.0,2,ON ROADWAY,NO ADVERSE CONDITION (CLEAR/CLOUDY),DARKNESS-ROAD LIGHTED,YES-WORKING,STOP SIGN,STRAIGHT-LEVEL,DRY,"BLACKTOP, ASPHALT, BITUMINOUS","TWO-WAY, DIVIDED, UNPROTECTED MEDIAN",NO DEFECTS,WITHIN INTERSECTION,FOUR APPROACHES,NO,,,,NO,ANGLE,"3598 VIRGINIA BEACH BL
VIRGINIA BEACH, VA
(36.840902, -76.095286)"
2016003158.0,01/26/2016,1212,TUE,600 PHOENIX DR,Yes,1.0,127.0,2,ON ROADWAY,NO ADVERSE CONDITION (CLEAR/CLOUDY),DAYLIGHT,YES-WORKING,STOP SIGN,STRAIGHT-LEVEL,DRY,"BLACKTOP, ASPHALT, BITUMINOUS","TWO-WAY, NOT DIVIDED",NO DEFECTS,WITHIN INTERSECTION,FOUR APPROACHES,NO,,,,NO,ANGLE,"2800 GUARDIAN LA
VIRGINIA BEACH, VA
(36.825783, -76.067248)"