CASE Number,Accident Date,Accident Time,Day of Week,Nearest Street,At Intersection,Precinct,Zone ID,Number of Vehicles Involved,Location of First Harmful Event,Weather Condition,Light Conditions,Traffic Control Device,Traffic Control Type,Roadway Alignment,Roadway Surface Condition,Roadway Surface type,Roadway Description,Roadway defects,Relation to Roadway,Intersection Type,Work Zone Related,Workers Present in Work Zone,Work Zone Location,Work Zone Type,School Zone,Type of Collision,Location 1
2016002464.0,01/20/2016,1315,WED,EDWIN DR,Yes,4.0,426.0,3,ON ROADWAY,NO ADVERSE CONDITION (CLEAR/CLOUDY),DAYLIGHT,YES-WORKING,TRAFFIC SIGNAL,STRAIGHT-LEVEL,DRY,"BLACKTOP, ASPHALT, BITUMINOUS","TWO-WAY, DIVIDED, UNPROTECTED MEDIAN",NO DEFECTS,WITHIN INTERSECTION,FOUR APPROACHES,NO,,,,NO,ANGLE,"4700 PRINCESS ANNE RD
VIRGINIA BEACH, VA
(36.814715, -76.143853)"
2016001734.0,01/14/2016,1735,THU,INDIAN RIVER RD,Yes,1.0,125.0,2,ON ROADWAY,NO ADVERSE CONDITION (CLEAR/CLOUDY),DARKNESS-ROAD LIGHTED,YES-WORKING,TRAFFIC SIGNAL,STRAIGHT-LEVEL,DRY,"BLACKTOP, ASPHALT, BITUMINOUS","TWO-WAY, NOT DIVIDED",NO DEFECTS,INTERSECTION-RELATED-WITHIN 150`,THREE APPROACHES,NO,,,,NO,REAR END,"4299 ELBOW RD
VIRGINIA BEACH, VA
(36.766067, -76.113404)"
2016001615.0,01/13/2016,1818,WED,DRAKESMILE RD,Yes,1.0,124.0,2,ON ROADWAY,NO ADVERSE CONDITION (CLEAR/CLOUDY),DAYLIGHT,YES-WORKING,TRAFFIC SIGNAL,STRAIGHT-LEVEL,DRY,CONCRETE,"TWO-WAY, DIVIDED, POSITIVE MEDIAN BARRIER",NO DEFECTS,WITHIN INTERSECTION,THREE APPROACHES,NO,,,,NO,ANGLE,"2799 DAM NECK RD
VIRGINIA BEACH, VA
(36.787814, -76.0682)"
2016002841.0,01/23/2016,1650,SAT,800 BALTIC AV,Yes,2.0,227.0,1,ROADSIDE,SNOW,DARKNESS-ROAD LIGHTED,YES-WORKING,TRAFFIC LANES MARKED,STRAIGHT-LEVEL,SNOWY,"BLACKTOP, ASPHALT, BITUMINOUS","TWO-WAY, NOT DIVIDED",NO DEFECTS,WITHIN INTERSECTION,TWO APPROACHES,NO,,,,NO,OTHER,"500 DELAWARE AV
VIRGINIA BEACH, VA
(36.835733, -75.976909)"
2016001626.0,01/13/2016,2000,WED,ALCOTT RD,Yes,3.0,321.0,2,ON ROADWAY,NO ADVERSE CONDITION (CLEAR/CLOUDY),DARKNESS-ROAD LIGHTED,YES-WORKING,STOP SIGN,STRAIGHT-LEVEL,DRY,"BLACKTOP, ASPHALT, BITUMINOUS","TWO-WAY, DIVIDED, UNPROTECTED MEDIAN",NO DEFECTS,MAIN-LINE ROADWAY,FOUR APPROACHES,NO,,,,NO,ANGLE,"399 LITTLE NECK RD
VIRGINIA BEACH, VA
(36.843144, -76.091263)"
2016001587.0,01/13/2016,1505,WED,DYLAN DR,Yes,4.0,421.0,2,ON ROADWAY,NO ADVERSE CONDITION (CLEAR/CLOUDY),DAYLIGHT,YES-WORKING,STOP SIGN,STRAIGHT-LEVEL,DRY,"BLACKTOP, ASPHALT, BITUMINOUS","TWO-WAY, DIVIDED, UNPROTECTED MEDIAN",NO DEFECTS,WITHIN INTERSECTION,FOUR APPROACHES,NO,,,,NO,ANGLE,"1535 KEMPSVILLE RD
VIRGINIA BEACH, VA
(36.791869, -76.179152)"
2016002432.0,01/20/2016,929,WED,INDEPENDENCE BL,Yes,3.0,323.0,2,ON ROADWAY,NO ADVERSE CONDITION (CLEAR/CLOUDY),DAYLIGHT,YES-WORKING,TRAFFIC SIGNAL,STRAIGHT-LEVEL,DRY,"BLACKTOP, ASPHALT, BITUMINOUS","TWO-WAY, NOT DIVIDED",NO DEFECTS,WITHIN INTERSECTION,FOUR APPROACHES,NO,,,,NO,REAR END,"4600 BROAD ST
VIRGINIA BEACH, VA
(36.845871, -76.139752)"
2016001104.0,01/09/2016,1015,SAT,LONDON BRIDGE RD,Yes,1.0,124.0,2,ON ROADWAY,NO ADVERSE CONDITION (CLEAR/CLOUDY),DAYLIGHT,YES-WORKING,TRAFFIC LANES MARKED,STRAIGHT-LEVEL,DRY,"BLACKTOP, ASPHALT, BITUMINOUS","TWO-WAY, DIVIDED, POSITIVE MEDIAN BARRIER",NO DEFECTS,INTERSECTION-RELATED-WITHIN 150`,FOUR APPROACHES,NO,,,,NO,SIDESWIPE-SAME DIRECTION,"2101 GENERAL BOOTH BL
VIRGINIA BEACH, VA
(36.768089, -76.013304)"
2016002919.0,01/24/2016,1030,SUN,WEST NECK RD,01.00 Miles From,1.0,121.0,1,ON ROADWAY,SNOW,DAYLIGHT,YES-WORKING,TRAFFIC LANES MARKED,STRAIGHT-LEVEL,ICY,"BLACKTOP, ASPHALT, BITUMINOUS","TWO-WAY, NOT DIVIDED",NO DEFECTS,NON-INTERSECTION,NOT AT INTERSECTION,NO,,,,NO,NON-COLLISION,"2700 INDIAN RIVER RD
VIRGINIA BEACH, VA
(36.723635, -76.06589)"
2016003128.0,01/26/2016,814,TUE,VIRGINIA BEACH BL,Yes,2.0,225.0,3,ON ROADWAY,NO ADVERSE CONDITION (CLEAR/CLOUDY),DAYLIGHT,YES-WORKING,TRAFFIC SIGNAL,STRAIGHT-LEVEL,WET,"BLACKTOP, ASPHALT, BITUMINOUS","TWO-WAY, DIVIDED, UNPROTECTED MEDIAN",NO DEFECTS,WITHIN INTERSECTION,FOUR APPROACHES,NO,,,,NO,REAR END,"300 BIRDNECK RD N
VIRGINIA BEACH, VA
(36.841824, -75.995987)"
2016002009.0,01/16/2016,1745,SAT,CONNIE LN,,3.0,325.0,2,ON ROADWAY,NO ADVERSE CONDITION (CLEAR/CLOUDY),DARKNESS-ROAD LIGHTED,YES-WORKING,STOP SIGN,STRAIGHT-LEVEL,DRY,"BLACKTOP, ASPHALT, BITUMINOUS","TWO-WAY, NOT DIVIDED",NO DEFECTS,WITHIN INTERSECTION,THREE APPROACHES,NO,,,,NO,HEAD ON,"600 NEWTOWN RD
VIRGINIA BEACH, VA
(36.859643, -76.175254)"
2016003671.0,01/30/2016,515,SAT,3001 SILINA DR,Yes,1.0,129.0,1,ROADSIDE,NO ADVERSE CONDITION (CLEAR/CLOUDY),DARKNESS-ROAD LIGHTED,YES-WORKING,TRAFFIC SIGNAL,STRAIGHT-LEVEL,DRY,"BLACKTOP, ASPHALT, BITUMINOUS","TWO-WAY, NOT DIVIDED",NO DEFECTS,WITHIN INTERSECTION,FOUR APPROACHES,NO,,,,NO,FIXED OBJECT-OFF ROAD,"3099 LYNNHAVEN RD S
VIRGINIA BEACH, VA
(36.827726, -76.077711)"
2016002918.0,01/24/2016,1051,SUN,WARE NECK RD,Yes,4.0,424.0,2,ON ROADWAY,SNOW,DAYLIGHT,YES-WORKING,TRAFFIC LANES MARKED,STRAIGHT-LEVEL,ICY,"BLACKTOP, ASPHALT, BITUMINOUS","TWO-WAY, DIVIDED, UNPROTECTED MEDIAN",SLICK PAVEMENT,WITHIN INTERSECTION,THREE APPROACHES,NO,,,,NO,REAR END,"2031 SALEM RD
VIRGINIA BEACH, VA
(36.772264, -76.123027)"
2016003378.0,01/28/2016,1013,THU,BROAD ST,Yes,3.0,323.0,3,ON ROADWAY,NO ADVERSE CONDITION (CLEAR/CLOUDY),DAYLIGHT,YES-WORKING,TRAFFIC SIGNAL,STRAIGHT-LEVEL,DRY,"BLACKTOP, ASPHALT, BITUMINOUS","TWO-WAY, DIVIDED, UNPROTECTED MEDIAN",NO DEFECTS,WITHIN INTERSECTION,FOUR APPROACHES,NO,,,,NO,REAR END,"351 INDEPENDENCE BL
VIRGINIA BEACH, VA
(36.846314, -76.136882)"
2016002419.0,01/20/2016,105,WED,CANTWELL RD,Yes,1.0,124.0,1,ON ROADWAY,NO ADVERSE CONDITION (CLEAR/CLOUDY),DARKNESS-ROAD LIGHTED,NO TRAFFIC CONTROL DEVICE PRESENT,NO TRAFFIC CONTROL,CURVE-LEVEL,DRY,"BLACKTOP, ASPHALT, BITUMINOUS","TWO-WAY, NOT DIVIDED",NO DEFECTS,WITHIN INTERSECTION,THREE APPROACHES,NO,,,,NO,FIXED OBJECT-OFF ROAD,"2300 COUNTRY GLEN CT
VIRGINIA BEACH, VA
(36.759786, -76.063928)"
2016000369.0,01/03/2016,1747,SUN,KEMPSVILLE RD,Yes,4.0,421.0,2,ON ROADWAY,NO ADVERSE CONDITION (CLEAR/CLOUDY),DARKNESS-ROAD LIGHTED,YES-WORKING,TRAFFIC SIGNAL,STRAIGHT-LEVEL,DRY,"BLACKTOP, ASPHALT, BITUMINOUS","TWO-WAY, DIVIDED, UNPROTECTED MEDIAN",NO DEFECTS,INTERSECTION-RELATED-OUTSIDE 150`,TWO APPROACHES,NO,,,,NO,REAR END,"5246 INDIAN RIVER RD
VIRGINIA BEACH, VA
(36.796583, -76.17361)"
2016000658.0,01/05/2016,2223,TUE,WINDSOR OAKS BL,Yes,4.0,428.0,2,ON ROADWAY,NO ADVERSE CONDITION (CLEAR/CLOUDY),DARKNESS-ROAD LIGHTED,YES-WORKING,TRAFFIC SIGNAL,STRAIGHT-LEVEL,DRY,"BLACKTOP, ASPHALT, BITUMINOUS","TWO-WAY, DIVIDED, UNPROTECTED MEDIAN",NO DEFECTS,WITHIN INTERSECTION,FOUR APPROACHES,NO,,,,NO,ANGLE,"3963 HOLLAND RD
VIRGINIA BEACH, VA
(36.81616, -76.111593)"
2016001876.0,01/15/2016,1845,FRI,3000 BOWLING GREEN DR,Yes,1.0,127.0,2,ON ROADWAY,RAIN,DARKNESS-ROAD LIGHTED,YES-WORKING,TRAFFIC LANES MARKED,STRAIGHT-LEVEL,WET,"BLACKTOP, ASPHALT, BITUMINOUS","TWO-WAY, NOT DIVIDED",NO DEFECTS,WITHIN INTERSECTION,FOUR APPROACHES,NO,,,,YES,SIDESWIPE-SAME DIRECTION,"700 LYNNHAVEN RD S
VIRGINIA BEACH, VA
(36.816707, -76.074687)"
2016000605.0,01/05/2016,1415,TUE,1900 LANDSTOWN CENTRE WAY,Yes,1.0,125.0,3,ON ROADWAY,NO ADVERSE CONDITION (CLEAR/CLOUDY),DAYLIGHT,YES-WORKING,TRAFFIC SIGNAL,STRAIGHT-LEVEL,DRY,"BLACKTOP, ASPHALT, BITUMINOUS","TWO-WAY, DIVIDED, UNPROTECTED MEDIAN",NO DEFECTS,INTERSECTION-RELATED-WITHIN 150`,FOUR APPROACHES,NO,,,,NO,REAR END,"3331 PRINCESS ANNE RD
VIRGINIA BEACH, VA
(36.772578, -76.086981)"
2016003029.0,01/25/2016,1230,MON,LASKIN RD,Yes,2.0,222.0,2,ON ROADWAY,NO ADVERSE CONDITION (CLEAR/CLOUDY),DAYLIGHT,YES-WORKING,TRAFFIC LANES MARKED,GRADE-CURVE,DRY,"BLACKTOP, ASPHALT, BITUMINOUS","TWO-WAY, DIVIDED, POSITIVE MEDIAN BARRIER",NO DEFECTS,INTERSECTION-RELATED-WITHIN 150`,TWO APPROACHES,NO,,,,NO,SIDESWIPE-SAME DIRECTION,"2100 VIRGINIA BEACH BL
VIRGINIA BEACH, VA
(36.84329, -76.04192)"
2016001004.0,01/08/2016,1615,FRI,VILLAGE DR,Yes,2.0,222.0,2,ON ROADWAY,NO ADVERSE CONDITION (CLEAR/CLOUDY),DAYLIGHT,YES-WORKING,TRAFFIC LANES MARKED,STRAIGHT-LEVEL,DRY,"BLACKTOP, ASPHALT, BITUMINOUS","TWO-WAY, DIVIDED, UNPROTECTED MEDIAN",NO DEFECTS,WITHIN INTERSECTION,TWO APPROACHES,NO,,,,NO,ANGLE,"1800 LASKIN RD
VIRGINIA BEACH, VA
(36.849841, -76.027747)"
2016001558.0,01/13/2016,947,WED,BROAD ST,Yes,3.0,323.0,2,ON ROADWAY,NO ADVERSE CONDITION (CLEAR/CLOUDY),DAYLIGHT,YES-WORKING,STOP SIGN,STRAIGHT-LEVEL,DRY,"BLACKTOP, ASPHALT, BITUMINOUS","TWO-WAY, NOT DIVIDED",NO DEFECTS,WITHIN INTERSECTION,FOUR APPROACHES,NO,,,,NO,ANGLE,"321 KELLAM RD
VIRGINIA BEACH, VA
(36.845294, -76.142601)"
2016002693.0,01/22/2016,926,FRI,1400 FIVE FORKS RD,Yes,3.0,329.0,2,ON ROADWAY,NO ADVERSE CONDITION (CLEAR/CLOUDY),DAYLIGHT,YES-WORKING,STOP SIGN,STRAIGHT-LEVEL,DRY,"BLACKTOP, ASPHALT, BITUMINOUS","TWO-WAY, DIVIDED, POSITIVE MEDIAN BARRIER",NO DEFECTS,WITHIN INTERSECTION,THREE APPROACHES,NO,,,,NO,NON-COLLISION,"1400 INDEPENDENCE BL
VIRGINIA BEACH, VA
(36.884127, -76.134411)"
2016004013.0,02/01/2016,1340,MON,PISSARRO CI,Yes,4.0,424.0,4,ON ROADWAY,NO ADVERSE CONDITION (CLEAR/CLOUDY),DAYLIGHT,NO TRAFFIC CONTROL DEVICE PRESENT,NO TRAFFIC CONTROL,STRAIGHT-LEVEL,DRY,"BLACKTOP, ASPHALT, BITUMINOUS","TWO-WAY, DIVIDED, POSITIVE MEDIAN BARRIER",NO DEFECTS,INTERSECTION-RELATED-WITHIN 150`,THREE APPROACHES,NO,,,,NO,REAR END,"2100 LYNNHAVEN PW
VIRGINIA BEACH, VA
(36.789192, -76.125743)"
2016001669.0,01/14/2016,920,THU,KEMPSVILLE GREENS PW,Yes,4.0,426.0,2,ON ROADWAY,NO ADVERSE CONDITION (CLEAR/CLOUDY),DAYLIGHT,YES-WORKING,TRAFFIC LANES MARKED,STRAIGHT-LEVEL,DRY,"BLACKTOP, ASPHALT, BITUMINOUS","TWO-WAY, DIVIDED, UNPROTECTED MEDIAN",NO DEFECTS,INTERSECTION-RELATED-WITHIN 150`,THREE APPROACHES,NO,,,,NO,REAR END,"4800 PRINCESS ANNE RD
VIRGINIA BEACH, VA
(36.817141, -76.146979)"
2016001531.0,01/13/2016,212,WED,MEDITERRANEAN AV,Yes,2.0,227.0,2,ON ROADWAY,NO ADVERSE CONDITION (CLEAR/CLOUDY),DARKNESS-ROAD LIGHTED,YES-WORKING,STOP SIGN,STRAIGHT-LEVEL,DRY,"BLACKTOP, ASPHALT, BITUMINOUS","TWO-WAY, DIVIDED, UNPROTECTED MEDIAN",NO DEFECTS,INTERSECTION-RELATED-WITHIN 150`,FOUR APPROACHES,NO,,,,NO,ANGLE,"599 NORFOLK AV
VIRGINIA BEACH, VA
(36.837688, -75.979355)"
2016002359.0,01/19/2016,1555,TUE,2800 SHIPPS CORNER RD,Yes,1.0,126.0,2,ON ROADWAY,NO ADVERSE CONDITION (CLEAR/CLOUDY),DAYLIGHT,YES-WORKING,TRAFFIC LANES MARKED,STRAIGHT-LEVEL,DRY,"BLACKTOP, ASPHALT, BITUMINOUS","TWO-WAY, DIVIDED, UNPROTECTED MEDIAN",NO DEFECTS,WITHIN INTERSECTION,FOUR APPROACHES,NO,,,,NO,ANGLE,"1400 LONDON BRIDGE RD
VIRGINIA BEACH, VA
(36.792247, -76.067241)"
2016002551.0,01/21/2016,736,THU,DAVIS ST,Yes,3.0,325.0,2,ON ROADWAY,NO ADVERSE CONDITION (CLEAR/CLOUDY),DAWN,YES-WORKING,TRAFFIC SIGNAL,STRAIGHT-LEVEL,DRY,"BLACKTOP, ASPHALT, BITUMINOUS","TWO-WAY, DIVIDED, UNPROTECTED MEDIAN",NO DEFECTS,WITHIN INTERSECTION,FOUR APPROACHES,NO,,,,NO,ANGLE,"5503 VIRGINIA BEACH BL
VIRGINIA BEACH, VA
(36.851901, -76.172095)"
2016001893.0,01/15/2016,2100,FRI,264 EAST RAMP,Yes,4.0,420.0,2,ON ROADWAY,RAIN,DARKNESS-ROAD LIGHTED,NO TRAFFIC CONTROL DEVICE PRESENT,TRAFFIC LANES MARKED,STRAIGHT-LEVEL,WET,"BLACKTOP, ASPHALT, BITUMINOUS","TWO-WAY, DIVIDED, POSITIVE MEDIAN BARRIER",NO DEFECTS,INTERSECTION AT END OF RAMP,TWO APPROACHES,NO,,,,NO,ANGLE,"5861 INDIAN RIVER RD
VIRGINIA BEACH, VA
(36.808637, -76.198144)"
2016002937.0,01/24/2016,1301,SUN,SHORE DR,00.05 Miles From,3.0,329.0,1,ON ROADWAY,NO ADVERSE CONDITION (CLEAR/CLOUDY),DAYLIGHT,NO TRAFFIC CONTROL DEVICE PRESENT,NO TRAFFIC CONTROL,CURVE-LEVEL,ICY,"BLACKTOP, ASPHALT, BITUMINOUS","TWO-WAY, NOT DIVIDED",NO DEFECTS,NON-INTERSECTION,NOT AT INTERSECTION,NO,,,,NO,FIXED OBJECT-OFF ROAD,"4141 FIRST COURT RD
VIRGINIA BEACH, VA
(36.903376, -76.117553)"
2016001138.0,01/09/2016,1553,SAT,1900 KEMPSVILLE RD,Yes,4.0,421.0,2,ON ROADWAY,NO ADVERSE CONDITION (CLEAR/CLOUDY),DAYLIGHT,YES-WORKING,STOP SIGN,STRAIGHT-LEVEL,DRY,"BLACKTOP, ASPHALT, BITUMINOUS","TWO-WAY, NOT DIVIDED",NO DEFECTS,WITHIN INTERSECTION,THREE APPROACHES,NO,,,,NO,ANGLE,"1900 CENTERVILLE TP
VIRGINIA BEACH, VA
(36.78014, -76.191981)"
2016004749.0,01/14/2016,2005,THU,POWHATAN AV,Yes,3.0,330.0,1,ON ROADWAY,NO ADVERSE CONDITION (CLEAR/CLOUDY),DARKNESS-ROAD LIGHTED,NO TRAFFIC CONTROL DEVICE PRESENT,NO TRAFFIC CONTROL,STRAIGHT-LEVEL,DRY,"BLACKTOP, ASPHALT, BITUMINOUS","TWO-WAY, DIVIDED, UNPROTECTED MEDIAN",NO DEFECTS,INTERSECTION-RELATED-WITHIN 150`,FOUR APPROACHES,NO,,,,NO,OTHER,"3799 SHORE DR
VIRGINIA BEACH, VA
(36.907559, -76.10491)"
2016001867.0,01/15/2016,1743,FRI,INDIAN RIVER RD,Yes,1.0,125.0,2,ON ROADWAY,RAIN,DARKNESS-ROAD LIGHTED,YES-WORKING,TRAFFIC SIGNAL,STRAIGHT-LEVEL,WET,CONCRETE,"TWO-WAY, NOT DIVIDED",NO DEFECTS,WITHIN INTERSECTION,THREE APPROACHES,NO,,,,NO,ANGLE,"4300 ELBOW RD
VIRGINIA BEACH, VA
(36.760093, -76.142314)"
2016002735.0,01/22/2016,1353,FRI,JACK FROST DR,Yes,3.0,331.0,4,ON ROADWAY,SNOW,DAYLIGHT,YES-WORKING,TRAFFIC SIGNAL,STRAIGHT-LEVEL,SNOWY,"BLACKTOP, ASPHALT, BITUMINOUS","TWO-WAY, DIVIDED, UNPROTECTED MEDIAN",NO DEFECTS,WITHIN INTERSECTION,THREE APPROACHES,,,,,NO,OTHER,"5221 NORTHAMPTON BL
VIRGINIA BEACH, VA
(36.893641, -76.160659)"
2016001528.0,01/13/2016,15,WED,NORTH LANDING RD,00.20 Miles From,1.0,125.0,1,ROADSIDE,NO ADVERSE CONDITION (CLEAR/CLOUDY),DARKNESS-ROAD LIGHTED,YES-WORKING,TRAFFIC LANES MARKED,CURVE-LEVEL,DRY,"BLACKTOP, ASPHALT, BITUMINOUS","TWO-WAY, NOT DIVIDED",NO DEFECTS,NON-INTERSECTION,NOT AT INTERSECTION,NO,,,,NO,FIXED OBJECT-OFF ROAD,"3299 INDIAN RIVER RD
VIRGINIA BEACH, VA
(36.734006, -76.098445)"
2016000646.0,01/05/2016,1923,TUE,WITCHDUCK RD S,Yes,4.0,422.0,2,ON ROADWAY,NO ADVERSE CONDITION (CLEAR/CLOUDY),DAYLIGHT,YES-WORKING,TRAFFIC SIGNAL,STRAIGHT-LEVEL,DRY,"BLACKTOP, ASPHALT, BITUMINOUS","TWO-WAY, NOT DIVIDED",NO DEFECTS,WITHIN INTERSECTION,FOUR APPROACHES,NO,,,,NO,REAR END,"5151 PRINCESS ANNE RD
VIRGINIA BEACH, VA
(36.825372, -76.160948)"
2016005713.0,02/14/2016,1330,SUN,GREEN MEADOWS DR,Yes,4.0,426.0,2,ON ROADWAY,NO ADVERSE CONDITION (CLEAR/CLOUDY),DAYLIGHT,YES-WORKING,TRAFFIC SIGNAL,STRAIGHT-LEVEL,DRY,"BLACKTOP, ASPHALT, BITUMINOUS","TWO-WAY, DIVIDED, UNPROTECTED MEDIAN",NO DEFECTS,WITHIN INTERSECTION,FOUR APPROACHES,NO,,,,NO,ANGLE,"4661 PRINCESS ANNE RD
VIRGINIA BEACH, VA
(36.811758, -76.139934)"
2016010902.0,03/22/2016,1618,TUE,DRAKESMILE RD,01.00 Miles From,1.0,124.0,5,ON ROADWAY,NO ADVERSE CONDITION (CLEAR/CLOUDY),DAYLIGHT,YES-WORKING,TRAFFIC LANES MARKED,STRAIGHT-LEVEL,DRY,CONCRETE,"TWO-WAY, DIVIDED, UNPROTECTED MEDIAN",NO DEFECTS,NON-INTERSECTION,NOT AT INTERSECTION,NO,,,,NO,REAR END,"2601 DAM NECK RD
VIRGINIA BEACH, VA
(36.786453, -76.06077)"
2016006052.0,02/17/2016,1143,WED,1000 FERRY PLANTATION RD,Yes,3.0,328.0,2,ON ROADWAY,NO ADVERSE CONDITION (CLEAR/CLOUDY),DAYLIGHT,YES-WORKING,TRAFFIC SIGNAL,STRAIGHT-LEVEL,DRY,"BLACKTOP, ASPHALT, BITUMINOUS","TWO-WAY, DIVIDED, UNPROTECTED MEDIAN",NO DEFECTS,WITHIN INTERSECTION,FOUR APPROACHES,NO,,,,NO,ANGLE,"4700 HAYGOOD RD
VIRGINIA BEACH, VA
(36.873746, -76.138895)"
2016007750.0,02/29/2016,1643,MON,BAYCLIFF DR,Yes,2.0,221.0,2,ON ROADWAY,NO ADVERSE CONDITION (CLEAR/CLOUDY),DAYLIGHT,YES-WORKING,TRAFFIC LANES MARKED,STRAIGHT-LEVEL,DRY,"BLACKTOP, ASPHALT, BITUMINOUS","TWO-WAY, NOT DIVIDED",NO DEFECTS,WITHIN INTERSECTION,FOUR APPROACHES,NO,,,,NO,ANGLE,"1354 MILL DAM RD
VIRGINIA BEACH, VA
(36.878301, -76.03289)"
2016004549.0,02/05/2016,1408,FRI,KINGS GRANT RD,Yes,3.0,321.0,2,ON ROADWAY,NO ADVERSE CONDITION (CLEAR/CLOUDY),DAYLIGHT,YES-WORKING,TRAFFIC SIGNAL,STRAIGHT-LEVEL,DRY,"BLACKTOP, ASPHALT, BITUMINOUS","TWO-WAY, DIVIDED, UNPROTECTED MEDIAN",NO DEFECTS,WITHIN INTERSECTION,FOUR APPROACHES,NO,,,,NO,ANGLE,"3099 VIRGINIA BEACH BL
VIRGINIA BEACH, VA
(36.843098, -76.078796)"
2016002406.0,01/19/2016,2021,TUE,1200 ROSEMONT RD S,Yes,4.0,428.0,0,ON ROADWAY,NO ADVERSE CONDITION (CLEAR/CLOUDY),DARKNESS-ROAD LIGHTED,YES-WORKING,TRAFFIC SIGNAL,STRAIGHT-LEVEL,DRY,"BLACKTOP, ASPHALT, BITUMINOUS","TWO-WAY, DIVIDED, UNPROTECTED MEDIAN",NO DEFECTS,WITHIN INTERSECTION,FOUR APPROACHES,NO,,,,NO,ANGLE,"1400 LYNNHAVEN PW
VIRGINIA BEACH, VA
(36.794782, -76.093552)"
2016006585.0,02/21/2016,1041,SUN,MILITARY HY S,Yes,4.0,420.0,2,ON ROADWAY,NO ADVERSE CONDITION (CLEAR/CLOUDY),DAYLIGHT,YES-WORKING,TRAFFIC SIGNAL,STRAIGHT-LEVEL,DRY,"BLACKTOP, ASPHALT, BITUMINOUS","TWO-WAY, DIVIDED, POSITIVE MEDIAN BARRIER",NO DEFECTS,MAIN-LINE ROADWAY,TWO APPROACHES,NO,,,,NO,ANGLE,"6599 PROVIDENCE RD
VIRGINIA BEACH, VA
(36.811297, -76.217283)"
2016006723.0,02/22/2016,828,MON,PLAZA TR S,Yes,1.0,129.0,2,ON ROADWAY,NO ADVERSE CONDITION (CLEAR/CLOUDY),DAYLIGHT,YES-WORKING,TRAFFIC SIGNAL,STRAIGHT-LEVEL,DRY,"BLACKTOP, ASPHALT, BITUMINOUS","TWO-WAY, DIVIDED, UNPROTECTED MEDIAN",NO DEFECTS,WITHIN INTERSECTION,FOUR APPROACHES,NO,,,,NO,ANGLE,"310 ROSEMONT RD S
VIRGINIA BEACH, VA
(36.829646, -76.095311)"
2016006744.0,02/22/2016,1133,MON,KEMPSVILLE RD,Yes,4.0,421.0,2,ON ROADWAY,NO ADVERSE CONDITION (CLEAR/CLOUDY),DAYLIGHT,YES-WORKING,TRAFFIC SIGNAL,STRAIGHT-LEVEL,DRY,"BLACKTOP, ASPHALT, BITUMINOUS","TWO-WAY, DIVIDED, POSITIVE MEDIAN BARRIER",NO DEFECTS,MAIN-LINE ROADWAY,FOUR APPROACHES,NO,,,,NO,REAR END,"5299 INDIAN RIVER RD
VIRGINIA BEACH, VA
(36.79705, -76.174578)"
2016004963.0,02/08/2016,1526,MON,SANDBRIDGE RD,Yes,1.0,122.0,2,ON ROADWAY,NO ADVERSE CONDITION (CLEAR/CLOUDY),DAYLIGHT,YES-WORKING,TRAFFIC SIGNAL,STRAIGHT-LEVEL,DRY,CONCRETE,"TWO-WAY, DIVIDED, UNPROTECTED MEDIAN",NO DEFECTS,WITHIN INTERSECTION,FOUR APPROACHES,NO,,,,NO,REAR END,"2101 PRINCESS ANNE RD
VIRGINIA BEACH, VA
(36.751444, -76.010329)"
2016011586.0,03/27/2016,412,SUN,381 INDEPENDENCE BLVD,Yes,3.0,324.0,4,ON ROADWAY,RAIN,DARKNESS-ROAD LIGHTED,YES-WORKING,TRAFFIC SIGNAL,STRAIGHT-LEVEL,WET,"BLACKTOP, ASPHALT, BITUMINOUS","TWO-WAY, DIVIDED, UNPROTECTED MEDIAN",NO DEFECTS,MAIN-LINE ROADWAY,FOUR APPROACHES,NO,,,,NO,ANGLE,"4599 VIRGINIA BEACH BOULEVARD
VIRGINIA BEACH, VA
(36.843442, -76.136671)"
2016005952.0,02/16/2016,1550,TUE,CHASEWAY ST,Yes,4.0,428.0,2,ON ROADWAY,NO ADVERSE CONDITION (CLEAR/CLOUDY),DAYLIGHT,YES-WORKING,STOP SIGN,STRAIGHT-LEVEL,DRY,"BLACKTOP, ASPHALT, BITUMINOUS","TWO-WAY, DIVIDED, UNPROTECTED MEDIAN",NO DEFECTS,WITHIN INTERSECTION,FOUR APPROACHES,NO,,,,NO,ANGLE,"3757 HOLLAND RD
VIRGINIA BEACH, VA
(36.814981, -76.104378)"
2016011999.0,03/30/2016,842,WED,CORPORATE PARK LA,Yes,3.0,324.0,2,ON ROADWAY,NO ADVERSE CONDITION (CLEAR/CLOUDY),DAYLIGHT,YES-WORKING,STOP SIGN,STRAIGHT-LEVEL,DRY,"BLACKTOP, ASPHALT, BITUMINOUS","TWO-WAY, DIVIDED, UNPROTECTED MEDIAN",NO DEFECTS,WITHIN INTERSECTION,FOUR APPROACHES,NO,,,,NO,ANGLE,"4701 VIRGINIA BEACH BL
VIRGINIA BEACH, VA
(36.843477, -76.138871)"
2016008348.0,03/04/2016,2027,FRI,HERITAGE PARK DR,Yes,1.0,122.0,2,ON ROADWAY,NO ADVERSE CONDITION (CLEAR/CLOUDY),DARKNESS-ROAD LIGHTED,YES-WORKING,STOP SIGN,STRAIGHT-LEVEL,DRY,"BLACKTOP, ASPHALT, BITUMINOUS","TWO-WAY, DIVIDED, UNPROTECTED MEDIAN",NO DEFECTS,WITHIN INTERSECTION,FOUR APPROACHES,NO,,,,NO,ANGLE,"1801 SANDBRIDGE RD
VIRGINIA BEACH, VA
(36.746661, -75.996676)"