CASE Number,Accident Date,Accident Time,Day of Week,Nearest Street,At Intersection,Precinct,Zone ID,Number of Vehicles Involved,Location of First Harmful Event,Weather Condition,Light Conditions,Traffic Control Device,Traffic Control Type,Roadway Alignment,Roadway Surface Condition,Roadway Surface type,Roadway Description,Roadway defects,Relation to Roadway,Intersection Type,Work Zone Related,Workers Present in Work Zone,Work Zone Location,Work Zone Type,School Zone,Type of Collision,Location 1
2016006208.0,02/18/2016,1610,THU,WITCHDUCK RD N,Yes,3.0,328.0,4,ON ROADWAY,NO ADVERSE CONDITION (CLEAR/CLOUDY),DAYLIGHT,YES-WORKING,TRAFFIC SIGNAL,STRAIGHT-LEVEL,DRY,"BLACKTOP, ASPHALT, BITUMINOUS","TWO-WAY, DIVIDED, UNPROTECTED MEDIAN",NO DEFECTS,WITHIN INTERSECTION,FOUR APPROACHES,NO,,,,NO,HEAD ON,"762 INDEPENDENCE BL
VIRGINIA BEACH, VA
(36.865266, -76.132067)"
2016008292.0,03/04/2016,1305,FRI,TAYLOR FARM RD,Yes,1.0,124.0,2,ON ROADWAY,NO ADVERSE CONDITION (CLEAR/CLOUDY),DAYLIGHT,NO TRAFFIC CONTROL DEVICE PRESENT,NO TRAFFIC CONTROL,STRAIGHT-LEVEL,DRY,"BLACKTOP, ASPHALT, BITUMINOUS","TWO-WAY, DIVIDED, UNPROTECTED MEDIAN",NO DEFECTS,WITHIN INTERSECTION,FOUR APPROACHES,NO,,,,NO,SIDESWIPE-SAME DIRECTION,"1550 LONDON BRIDGE RD
VIRGINIA BEACH, VA
(36.788348, -76.057325)"
2016012195.0,03/31/2016,1734,THU,CONSTITUTION DR,Yes,3.0,324.0,2,ON ROADWAY,NO ADVERSE CONDITION (CLEAR/CLOUDY),DAYLIGHT,YES-WORKING,TRAFFIC LANES MARKED,STRAIGHT-LEVEL,DRY,"BLACKTOP, ASPHALT, BITUMINOUS","TWO-WAY, DIVIDED, POSITIVE MEDIAN BARRIER",NO DEFECTS,WITHIN INTERSECTION,FOUR APPROACHES,NO,,,,NO,REAR END,"4400 VIRGINIA BEACH BL
VIRGINIA BEACH, VA
(36.8435, -76.125923)"
2016007358.0,02/26/2016,1736,FRI,CYPRESS AV,Yes,2.0,227.0,2,ON ROADWAY,NO ADVERSE CONDITION (CLEAR/CLOUDY),DAYLIGHT,YES-WORKING,TRAFFIC SIGNAL,STRAIGHT-LEVEL,DRY,"BLACKTOP, ASPHALT, BITUMINOUS","TWO-WAY, DIVIDED, UNPROTECTED MEDIAN",NO DEFECTS,MAIN-LINE ROADWAY,FOUR APPROACHES,NO,,,,NO,ANGLE,"700 VIRGINIA BEACH BL
VIRGINIA BEACH, VA
(36.843738, -75.983465)"
2016024718.0,06/18/2016,2047,SAT,HOLLAND RD,Yes,1.0,128.0,2,ON ROADWAY,NO ADVERSE CONDITION (CLEAR/CLOUDY),DARKNESS-ROAD LIGHTED,YES-WORKING,TRAFFIC LANES MARKED,STRAIGHT-LEVEL,DRY,"BLACKTOP, ASPHALT, BITUMINOUS","TWO-WAY, DIVIDED, UNPROTECTED MEDIAN",NO DEFECTS,MAIN-LINE ROADWAY,NOT AT INTERSECTION,NO,,,,NO,ANGLE,"3189 SHIPPS CORNER RD
VIRGINIA BEACH, VA
(36.79228, -76.079861)"
2016013115.0,04/06/2016,1248,WED,BOXFORD RD,Yes,4.0,425.0,1,ON ROADWAY,NO ADVERSE CONDITION (CLEAR/CLOUDY),DAYLIGHT,NO TRAFFIC CONTROL DEVICE PRESENT,NO TRAFFIC CONTROL,STRAIGHT-LEVEL,DRY,CONCRETE,"TWO-WAY, NOT DIVIDED",NO DEFECTS,MAIN-LINE ROADWAY,TWO APPROACHES,NO,,,,NO,OTHER,"1514 HARSHAW DR
VIRGINIA BEACH, VA
(36.792462, -76.13743)"
2016014321.0,04/14/2016,735,THU,52ND ST,Yes,2.0,226.0,2,ON ROADWAY,NO ADVERSE CONDITION (CLEAR/CLOUDY),DAYLIGHT,YES-WORKING,TRAFFIC SIGNAL,STRAIGHT-LEVEL,DRY,"BLACKTOP, ASPHALT, BITUMINOUS","TWO-WAY, NOT DIVIDED",NO DEFECTS,WITHIN INTERSECTION,FOUR APPROACHES,NO,,,,NO,ANGLE,"5200 ATLANTIC AV
VIRGINIA BEACH, VA
(36.879028, -75.98527)"
2016015121.0,04/19/2016,1410,TUE,19TH ST,Yes,2.0,225.0,2,ON ROADWAY,NO ADVERSE CONDITION (CLEAR/CLOUDY),DAYLIGHT,YES-WORKING,TRAFFIC SIGNAL,STRAIGHT-LEVEL,DRY,"BLACKTOP, ASPHALT, BITUMINOUS","TWO-WAY, DIVIDED, UNPROTECTED MEDIAN",NO DEFECTS,WITHIN INTERSECTION,FOUR APPROACHES,NO,,,,NO,ANGLE,"404 BIRDNECK RD N
VIRGINIA BEACH, VA
(36.845153, -75.995344)"
2016011525.0,03/26/2016,1837,SAT,WINWOOD DR,Yes,2.0,223.0,2,ON ROADWAY,NO ADVERSE CONDITION (CLEAR/CLOUDY),DAYLIGHT,YES-WORKING,STOP SIGN,STRAIGHT-LEVEL,DRY,"BLACKTOP, ASPHALT, BITUMINOUS","TWO-WAY, DIVIDED, UNPROTECTED MEDIAN",NO DEFECTS,WITHIN INTERSECTION,FOUR APPROACHES,NO,,,,NO,ANGLE,"1500 LASKIN RD
VIRGINIA BEACH, VA
(36.851353, -76.012673)"
2016016646.0,04/29/2016,649,FRI,5099 ADMIRAL WRIGHT RD,Yes,3.0,325.0,2,ON ROADWAY,RAIN,DAYLIGHT,NO TRAFFIC CONTROL DEVICE PRESENT,NO TRAFFIC CONTROL,STRAIGHT-LEVEL,WET,"BLACKTOP, ASPHALT, BITUMINOUS","TWO-WAY, DIVIDED, UNPROTECTED MEDIAN",NO DEFECTS,WITHIN INTERSECTION,TWO APPROACHES,NO,,,,NO,ANGLE,"245 WITCHDUCK RD N
VIRGINIA BEACH, VA
(36.843974, -76.157486)"
2016013521.0,04/08/2016,2325,FRI,INDIAN RIVER RD,Yes,4.0,420.0,1,ON ROADWAY,NO ADVERSE CONDITION (CLEAR/CLOUDY),DARKNESS-ROAD LIGHTED,YES-WORKING,TRAFFIC SIGNAL,STRAIGHT-LEVEL,DRY,"BLACKTOP, ASPHALT, BITUMINOUS","TWO-WAY, DIVIDED, POSITIVE MEDIAN BARRIER",NO DEFECTS,WITHIN INTERSECTION,FOUR APPROACHES,NO,,,,NO,FIXED OBJECT IN ROAD,"900 REON DR
VIRGINIA BEACH, VA
(36.812718, -76.199404)"
2016020082.0,05/21/2016,1157,SAT,KENTUCKY AV S,Yes,3.0,322.0,2,ON ROADWAY,RAIN,DAYLIGHT,YES-WORKING,TRAFFIC SIGNAL,STRAIGHT-LEVEL,WET,"BLACKTOP, ASPHALT, BITUMINOUS","TWO-WAY, NOT DIVIDED",NO DEFECTS,WITHIN INTERSECTION,FOUR APPROACHES,NO,,,,NO,ANGLE,"3945 BONNEY RD
VIRGINIA BEACH, VA
(36.838654, -76.111966)"
2016016970.0,05/01/2016,440,SUN,ROSEMONT RD,Yes,3.0,321.0,0,ON ROADWAY,NO ADVERSE CONDITION (CLEAR/CLOUDY),DARKNESS-ROAD LIGHTED,YES-WORKING,TRAFFIC SIGNAL,STRAIGHT-LEVEL,DRY,"BLACKTOP, ASPHALT, BITUMINOUS","TWO-WAY, DIVIDED, POSITIVE MEDIAN BARRIER",NO DEFECTS,INTERSECTION-RELATED-WITHIN 150`,FOUR APPROACHES,NO,,,,NO,FIXED OBJECT-OFF ROAD,"3673 VIRGINIA BEACH BL
VIRGINIA BEACH, VA
(36.840249, -76.098183)"
2016017013.0,05/01/2016,1225,SUN,5701 BURTON STATION RD,Yes,3.0,331.0,2,ON ROADWAY,NO ADVERSE CONDITION (CLEAR/CLOUDY),DAYLIGHT,YES-WORKING,TRAFFIC SIGNAL,STRAIGHT-LEVEL,DRY,"BLACKTOP, ASPHALT, BITUMINOUS","TWO-WAY, DIVIDED, UNPROTECTED MEDIAN",NO DEFECTS,WITHIN INTERSECTION,FOUR APPROACHES,NO,,,,NO,ANGLE,"5833 NORTHAMPTON BL
VIRGINIA BEACH, VA
(36.881049, -76.186775)"
2016020427.0,05/23/2016,1534,MON,WITCHDUCK RD N,,3.0,328.0,1,ON ROADWAY,RAIN,DAYLIGHT,YES-WORKING,TRAFFIC LANES MARKED,STRAIGHT-LEVEL,WET,"BLACKTOP, ASPHALT, BITUMINOUS","TWO-WAY, DIVIDED, UNPROTECTED MEDIAN",NO DEFECTS,NON-INTERSECTION,NOT AT INTERSECTION,NO,,,,NO,FIXED OBJECT IN ROAD,"799 INDEPENDENCE BL
VIRGINIA BEACH, VA
(36.865726, -76.132347)"
2016019406.0,05/17/2016,847,TUE,2300 HOLLAND RD,Yes,1.0,124.0,2,ON ROADWAY,NO ADVERSE CONDITION (CLEAR/CLOUDY),DAYLIGHT,YES-WORKING,TRAFFIC SIGNAL,STRAIGHT-LEVEL,DRY,"BLACKTOP, ASPHALT, BITUMINOUS","TWO-WAY, DIVIDED, POSITIVE MEDIAN BARRIER",NO DEFECTS,INTERSECTION-RELATED-WITHIN 150`,FOUR APPROACHES,NO,,,,NO,REAR END,"2200 NIMMO PW
VIRGINIA BEACH, VA
(36.757264, -76.059585)"
2016013620.0,04/09/2016,1558,SAT,BRANDON BL,Yes,4.0,421.0,2,ON ROADWAY,NO ADVERSE CONDITION (CLEAR/CLOUDY),DAYLIGHT,YES-WORKING,TRAFFIC SIGNAL,STRAIGHT-LEVEL,DRY,"BLACKTOP, ASPHALT, BITUMINOUS","TWO-WAY, DIVIDED, UNPROTECTED MEDIAN",NO DEFECTS,WITHIN INTERSECTION,FOUR APPROACHES,NO,,,,NO,ANGLE,"1700 KEMPSVILLE RD
VIRGINIA BEACH, VA
(36.784568, -76.186853)"
2016012627.0,04/02/2016,1645,SAT,264 N NO,Yes,2.0,224.0,2,ON ROADWAY,NO ADVERSE CONDITION (CLEAR/CLOUDY),DAYLIGHT,YES-WORKING,TRAFFIC SIGNAL,STRAIGHT-LEVEL,DRY,"BLACKTOP, ASPHALT, BITUMINOUS","TWO-WAY, DIVIDED, UNPROTECTED MEDIAN",NO DEFECTS,WITHIN INTERSECTION,FOUR APPROACHES,NO,,,,NO,ANGLE,"525 FIRST COLONIAL RD
VIRGINIA BEACH, VA
(36.846838, -76.02117)"
2016013593.0,04/09/2016,1215,SAT,SMITH FARM RD,Yes,3.0,331.0,2,ON ROADWAY,NO ADVERSE CONDITION (CLEAR/CLOUDY),DAYLIGHT,YES-WORKING,TRAFFIC LANES MARKED,STRAIGHT-LEVEL,DRY,"BLACKTOP, ASPHALT, BITUMINOUS","TWO-WAY, DIVIDED, UNPROTECTED MEDIAN",NO DEFECTS,WITHIN INTERSECTION,THREE APPROACHES,NO,,,,NO,REAR END,"2001 INDEPENDENCE BL
VIRGINIA BEACH, VA
(36.904042, -76.146351)"
2016013183.0,04/06/2016,2220,WED,BLACKFRIARS DR,Yes,3.0,328.0,2,ON ROADWAY,NO ADVERSE CONDITION (CLEAR/CLOUDY),DARKNESS-ROAD LIGHTED,YES-WORKING,TRAFFIC LANES MARKED,STRAIGHT-LEVEL,DRY,"BLACKTOP, ASPHALT, BITUMINOUS","TWO-WAY, NOT DIVIDED",NO DEFECTS,WITHIN INTERSECTION,THREE APPROACHES,NO,,,,NO,PEDESTRIAN,"4500 WITCHDUCK RD N
VIRGINIA BEACH, VA
(36.866154, -76.130759)"
2016013662.0,04/09/2016,2140,SAT,264 EB ON RAMP,Yes,1.0,127.0,2,ON ROADWAY,NO ADVERSE CONDITION (CLEAR/CLOUDY),DARKNESS-ROAD LIGHTED,YES-WORKING,TRAFFIC SIGNAL,STRAIGHT-LEVEL,DRY,"BLACKTOP, ASPHALT, BITUMINOUS","TWO-WAY, DIVIDED, UNPROTECTED MEDIAN",NO DEFECTS,ON ENTRANCE/EXIT RAMP,THREE APPROACHES,NO,,,,NO,SIDESWIPE-OPPOSITE DIRECTION,"560 LYNNHAVEN PW
VIRGINIA BEACH, VA
(36.831402, -76.067266)"
2016020404.0,05/23/2016,1244,MON,LANDSTOWN RD,00.50 Miles From,1.0,125.0,2,ON ROADWAY,NO ADVERSE CONDITION (CLEAR/CLOUDY),DAYLIGHT,YES-WORKING,TRAFFIC LANES MARKED,STRAIGHT-LEVEL,DRY,"BLACKTOP, ASPHALT, BITUMINOUS","TWO-WAY, NOT DIVIDED",NO DEFECTS,NON-INTERSECTION,NOT AT INTERSECTION,NO,,,,NO,REAR END,"2580 SALEM RD
VIRGINIA BEACH, VA
(36.750935, -76.108699)"
2016016904.0,04/30/2016,2019,SAT,WEST NECK RD,00.50 Miles From,1.0,121.0,1,ON ROADWAY,NO ADVERSE CONDITION (CLEAR/CLOUDY),DARKNESS-ROAD LIGHTED,NO TRAFFIC CONTROL DEVICE PRESENT,NO TRAFFIC CONTROL,STRAIGHT-LEVEL,WET,CONCRETE,"TWO-WAY, NOT DIVIDED",ROADWAY OBSTRUCTED,MAIN-LINE ROADWAY,TWO APPROACHES,,,,,NO,NON-COLLISION,"2244 INDIAN RIVER RD
VIRGINIA BEACH, VA
(36.720633, -76.036121)"
2016016507.0,04/28/2016,638,THU,WEST LANDING RD,00.40 Miles From,1.0,121.0,1,SHOULDER,RAIN,DAYLIGHT,YES-WORKING,TRAFFIC LANES MARKED,CURVE-LEVEL,WET,"BLACKTOP, ASPHALT, BITUMINOUS","TWO-WAY, NOT DIVIDED",NO DEFECTS,NON-INTERSECTION,NOT AT INTERSECTION,NO,,,,NO,FIXED OBJECT-OFF ROAD,"3536 WEST NECK RD
VIRGINIA BEACH, VA
(36.705061, -76.046804)"
2016017362.0,05/03/2016,1639,TUE,EDWIN DR,,4.0,427.0,2,ON ROADWAY,NO ADVERSE CONDITION (CLEAR/CLOUDY),DAYLIGHT,NO TRAFFIC CONTROL DEVICE PRESENT,NO TRAFFIC CONTROL,STRAIGHT-LEVEL,DRY,"BLACKTOP, ASPHALT, BITUMINOUS","TWO-WAY, DIVIDED, UNPROTECTED MEDIAN",NO DEFECTS,MAIN-LINE ROADWAY,NOT AT INTERSECTION,NO,,,,NO,REAR END,"498 INDEPENDENCE BL S
VIRGINIA BEACH, VA
(36.826478, -76.131156)"
2016017698.0,05/06/2016,759,FRI,HOLLAND RD,Yes,1.0,124.0,2,ON ROADWAY,RAIN,DAYLIGHT,YES-WORKING,TRAFFIC LANES MARKED,STRAIGHT-LEVEL,WET,"BLACKTOP, ASPHALT, BITUMINOUS","TWO-WAY, DIVIDED, UNPROTECTED MEDIAN",NO DEFECTS,WITHIN INTERSECTION,FOUR APPROACHES,NO,,,,NO,REAR END,"3249 DAM NECK RD
VIRGINIA BEACH, VA
(36.784833, -76.0803)"
2016014503.0,04/15/2016,1143,FRI,HILLTOP PLAZA SC,Yes,2.0,222.0,2,ON ROADWAY,NO ADVERSE CONDITION (CLEAR/CLOUDY),DAYLIGHT,YES-WORKING,STOP SIGN,STRAIGHT-LEVEL,DRY,"BLACKTOP, ASPHALT, BITUMINOUS","TWO-WAY, DIVIDED, UNPROTECTED MEDIAN",NO DEFECTS,MAIN-LINE ROADWAY,FOUR APPROACHES,NO,,,,NO,ANGLE,"1753 LASKIN RD
VIRGINIA BEACH, VA
(36.849846, -76.025947)"
2016014588.0,04/15/2016,2200,FRI,1500 FAIRFAX DR,Yes,1.0,128.0,2,ON ROADWAY,NO ADVERSE CONDITION (CLEAR/CLOUDY),DARKNESS-ROAD LIGHTED,YES-WORKING,TRAFFIC LANES MARKED,STRAIGHT-LEVEL,DRY,"BLACKTOP, ASPHALT, BITUMINOUS","TWO-WAY, DIVIDED, UNPROTECTED MEDIAN",NO DEFECTS,WITHIN INTERSECTION,FOUR APPROACHES,NO,,,,NO,ANGLE,"1600 LYNNHAVEN PW
VIRGINIA BEACH, VA
(36.79447, -76.104063)"
2016014542.0,04/18/2016,1612,MON,BALTIC AV,Yes,2.0,227.0,3,ON ROADWAY,NO ADVERSE CONDITION (CLEAR/CLOUDY),DAYLIGHT,YES-WORKING,TRAFFIC SIGNAL,STRAIGHT-LEVEL,DRY,"BLACKTOP, ASPHALT, BITUMINOUS","ONE-WAY, NOT DIVIDED",NO DEFECTS,MAIN-LINE ROADWAY,THREE APPROACHES,NO,,,,NO,ANGLE,"400 21ST ST
VIRGINIA BEACH, VA
(36.848707, -75.978447)"
2016020105.0,05/21/2016,1350,SAT,ROSEMONT RD S,Yes,1.0,128.0,2,ON ROADWAY,FOG,DAYLIGHT,YES-WORKING,TRAFFIC LANES MARKED,STRAIGHT-LEVEL,WET,"BLACKTOP, ASPHALT, BITUMINOUS","TWO-WAY, DIVIDED, UNPROTECTED MEDIAN",NO DEFECTS,INTERSECTION-RELATED-WITHIN 150`,FOUR APPROACHES,NO,,,,NO,ANGLE,"3529 DAM NECK RD
VIRGINIA BEACH, VA
(36.778269, -76.08601)"
2016016580.0,04/28/2016,1719,THU,INDIAN LAKES BL,Yes,4.0,425.0,4,ON ROADWAY,NO ADVERSE CONDITION (CLEAR/CLOUDY),DAYLIGHT,NO TRAFFIC CONTROL DEVICE PRESENT,NO TRAFFIC CONTROL,STRAIGHT-LEVEL,DRY,"BLACKTOP, ASPHALT, BITUMINOUS","TWO-WAY, DIVIDED, UNPROTECTED MEDIAN",NO DEFECTS,NON-INTERSECTION,NOT AT INTERSECTION,NO,,,,NO,REAR END,"4999 FERRELL PW
VIRGINIA BEACH, VA
(36.796175, -76.162027)"
2016015569.0,04/22/2016,1534,FRI,TIMBERLAKE RD,Yes,4.0,426.0,2,ON ROADWAY,NO ADVERSE CONDITION (CLEAR/CLOUDY),DAYLIGHT,YES-WORKING,TRAFFIC LANES MARKED,STRAIGHT-LEVEL,DRY,"BLACKTOP, ASPHALT, BITUMINOUS","TWO-WAY, DIVIDED, UNPROTECTED MEDIAN",NO DEFECTS,NON-INTERSECTION,NOT AT INTERSECTION,NO,,,,NO,REAR END,"4690 PRINCESS ANNE RD
VIRGINIA BEACH, VA
(36.812247, -76.140389)"
2016014235.0,04/13/2016,1425,WED,2900 SHORE DR,Yes,2.0,220.0,2,ON ROADWAY,NO ADVERSE CONDITION (CLEAR/CLOUDY),DAYLIGHT,YES-WORKING,TRAFFIC SIGNAL,STRAIGHT-LEVEL,DRY,"BLACKTOP, ASPHALT, BITUMINOUS","TWO-WAY, NOT DIVIDED",NO DEFECTS,INTERSECTION-RELATED-WITHIN 150`,FOUR APPROACHES,NO,,,,NO,REAR END,"2300 GREAT NECK RD W
VIRGINIA BEACH, VA
(36.911573, -76.071289)"
2016020403.0,05/23/2016,1231,MON,MEDITERRANEAN AV,Yes,2.0,227.0,2,ON ROADWAY,NO ADVERSE CONDITION (CLEAR/CLOUDY),DAYLIGHT,YES-WORKING,STOP SIGN,STRAIGHT-LEVEL,DRY,"BLACKTOP, ASPHALT, BITUMINOUS","TWO-WAY, NOT DIVIDED",NO DEFECTS,WITHIN INTERSECTION,FOUR APPROACHES,NO,,,,NO,ANGLE,"600 NORFOLK AV
VIRGINIA BEACH, VA
(36.837689, -75.979558)"
2016018445.0,05/10/2016,1630,TUE,GALLERY AV,Yes,1.0,123.0,2,ON ROADWAY,NO ADVERSE CONDITION (CLEAR/CLOUDY),DAYLIGHT,YES-WORKING,STOP SIGN,STRAIGHT-LEVEL,DRY,"BLACKTOP, ASPHALT, BITUMINOUS","TWO-WAY, DIVIDED, POSITIVE MEDIAN BARRIER",NO DEFECTS,WITHIN INTERSECTION,FOUR APPROACHES,NO,,,,NO,ANGLE,"1756 GENERAL BOOTH BL
VIRGINIA BEACH, VA
(36.780429, -76.002064)"
2016016378.0,04/27/2016,758,WED,LELAND CI,Yes,4.0,420.0,2,ON ROADWAY,NO ADVERSE CONDITION (CLEAR/CLOUDY),DAWN,YES-WORKING,TRAFFIC SIGNAL,STRAIGHT-LEVEL,DRY,"BLACKTOP, ASPHALT, BITUMINOUS","TWO-WAY, DIVIDED, UNPROTECTED MEDIAN",NO DEFECTS,MAIN-LINE ROADWAY,THREE APPROACHES,NO,,,,NO,REAR END,"6500 INDIAN RIVER RD
VIRGINIA BEACH, VA
(36.817803, -76.215619)"
2016015287.0,04/20/2016,1605,WED,WESTSAIL LA,Yes,3.0,329.0,2,ON ROADWAY,NO ADVERSE CONDITION (CLEAR/CLOUDY),DAYLIGHT,YES-WORKING,TRAFFIC SIGNAL,STRAIGHT-LEVEL,DRY,"BLACKTOP, ASPHALT, BITUMINOUS","TWO-WAY, DIVIDED, UNPROTECTED MEDIAN",NO DEFECTS,INTERSECTION-RELATED-WITHIN 150`,FOUR APPROACHES,NO,,,,NO,REAR END,"4966 SHORE DR
VIRGINIA BEACH, VA
(36.905181, -76.141217)"
2016016381.0,04/27/2016,819,WED,RURITAN CT,Yes,4.0,423.0,2,ON ROADWAY,NO ADVERSE CONDITION (CLEAR/CLOUDY),DAYLIGHT,YES-WORKING,TRAFFIC SIGNAL,STRAIGHT-LEVEL,DRY,"BLACKTOP, ASPHALT, BITUMINOUS","TWO-WAY, DIVIDED, UNPROTECTED MEDIAN",NO DEFECTS,INTERSECTION-RELATED-WITHIN 150`,THREE APPROACHES,NO,,,,NO,REAR END,"400 WITCHDUCK RD S
VIRGINIA BEACH, VA
(36.828354, -76.159684)"
2016013093.0,04/06/2016,1010,WED,MEDITERRANEAN AV,Yes,2.0,227.0,2,ON ROADWAY,NO ADVERSE CONDITION (CLEAR/CLOUDY),DAYLIGHT,YES-WORKING,TRAFFIC SIGNAL,STRAIGHT-LEVEL,DRY,"BLACKTOP, ASPHALT, BITUMINOUS","ONE-WAY, NOT DIVIDED",NO DEFECTS,WITHIN INTERSECTION,THREE APPROACHES,NO,,,,NO,ANGLE,"600 21ST ST
VIRGINIA BEACH, VA
(36.848031, -75.982291)"
2016012173.0,03/31/2016,1030,THU,HOLLAND RD,00.50 Miles From,1.0,124.0,3,ON ROADWAY,NO ADVERSE CONDITION (CLEAR/CLOUDY),DAYLIGHT,YES-WORKING,TRAFFIC LANES MARKED,CURVE-LEVEL,DRY,"BLACKTOP, ASPHALT, BITUMINOUS","TWO-WAY, DIVIDED, POSITIVE MEDIAN BARRIER",NO DEFECTS,NON-INTERSECTION,NOT AT INTERSECTION,NO,,,,NO,REAR END,"2300 NIMMO PW
VIRGINIA BEACH, VA
(36.75855, -76.057542)"
2016018073.0,05/08/2016,1205,SUN,NORTHAMPTON BL,Yes,3.0,329.0,2,ON ROADWAY,NO ADVERSE CONDITION (CLEAR/CLOUDY),DAYLIGHT,YES-WORKING,TRAFFIC SIGNAL,STRAIGHT-LEVEL,DRY,"BLACKTOP, ASPHALT, BITUMINOUS","TWO-WAY, DIVIDED, POSITIVE MEDIAN BARRIER",NO DEFECTS,WITHIN INTERSECTION,THREE APPROACHES,NO,,,,NO,ANGLE,"4600 SHORE DR
VIRGINIA BEACH, VA
(36.903773, -76.130339)"
2016017495.0,05/04/2016,1720,WED,RIVER OAK DR,00.25 Miles From,1.0,125.0,1,ON ROADWAY,NO ADVERSE CONDITION (CLEAR/CLOUDY),DAYLIGHT,NO TRAFFIC CONTROL DEVICE PRESENT,NO TRAFFIC CONTROL,STRAIGHT-LEVEL,DRY,"BLACKTOP, ASPHALT, BITUMINOUS","TWO-WAY, NOT DIVIDED",NO DEFECTS,NON-INTERSECTION,NOT AT INTERSECTION,NO,,,,NO,DEER,"3722 INDIAN RIVER RD
VIRGINIA BEACH, VA
(36.745995, -76.117933)"
2016013878.0,04/11/2016,934,MON,DAM NECK RD,Yes,1.0,125.0,2,ON ROADWAY,NO ADVERSE CONDITION (CLEAR/CLOUDY),DAYLIGHT,YES-WORKING,TRAFFIC SIGNAL,STRAIGHT-LEVEL,DRY,"BLACKTOP, ASPHALT, BITUMINOUS","TWO-WAY, DIVIDED, POSITIVE MEDIAN BARRIER",NO DEFECTS,WITHIN INTERSECTION,FOUR APPROACHES,NO,,,,NO,REAR END,"3640 PRINCESS ANNE RD
VIRGINIA BEACH, VA
(36.782038, -76.101116)"
2016016372.0,04/27/2016,607,WED,PRINCESS ANNE RD,Yes,4.0,422.0,2,ON ROADWAY,NO ADVERSE CONDITION (CLEAR/CLOUDY),DAYLIGHT,YES-WORKING,TRAFFIC SIGNAL,STRAIGHT-LEVEL,DRY,"BLACKTOP, ASPHALT, BITUMINOUS","TWO-WAY, DIVIDED, UNPROTECTED MEDIAN",NO DEFECTS,WITHIN INTERSECTION,FOUR APPROACHES,NO,,,,NO,REAR END,"300 WITCHDUCK RD S
VIRGINIA BEACH, VA
(36.830353, -76.159458)"
2016013900.0,04/11/2016,1215,MON,INDIAN CREEK RD,Yes,1.0,120.0,2,ON ROADWAY,NO ADVERSE CONDITION (CLEAR/CLOUDY),DAYLIGHT,YES-WORKING,STOP SIGN,STRAIGHT-LEVEL,DRY,"BLACKTOP, ASPHALT, BITUMINOUS","TWO-WAY, NOT DIVIDED",NO DEFECTS,WITHIN INTERSECTION,TWO APPROACHES,NO,,,,NO,BACKED INTO,"6000 BLACKWATER RD
VIRGINIA BEACH, VA
(36.585197, -76.082914)"
2016016797.0,04/30/2016,200,SAT,ROSEMONT RD,00.30 Miles From,3.0,321.0,5,ON ROADWAY,RAIN,DARKNESS-ROAD LIGHTED,NO TRAFFIC CONTROL DEVICE PRESENT,NO TRAFFIC CONTROL,STRAIGHT-LEVEL,WET,"BLACKTOP, ASPHALT, BITUMINOUS","TWO-WAY, NOT DIVIDED",NO DEFECTS,NON-INTERSECTION,NOT AT INTERSECTION,NO,,,,NO,OTHER,"3757 BONNEY RD
VIRGINIA BEACH, VA
(36.839424, -76.102278)"
2016012959.0,04/05/2016,713,TUE,INDIAN RIVER RD,Yes,4.0,422.0,2,ON ROADWAY,RAIN,DAYLIGHT,YES-WORKING,YIELD SIGN,STRAIGHT-LEVEL,WET,"BLACKTOP, ASPHALT, BITUMINOUS","TWO-WAY, DIVIDED, UNPROTECTED MEDIAN",NO DEFECTS,WITHIN INTERSECTION,FOUR APPROACHES,NO,,,,NO,REAR END,"1400 KEMPSVILLE RD
VIRGINIA BEACH, VA
(36.797474, -76.174796)"
2016011194.0,03/24/2016,1637,THU,ROSE MARIE AV,Yes,3.0,323.0,2,ON ROADWAY,NO ADVERSE CONDITION (CLEAR/CLOUDY),DAYLIGHT,YES-WORKING,STOP SIGN,STRAIGHT-LEVEL,DRY,"BLACKTOP, ASPHALT, BITUMINOUS","TWO-WAY, NOT DIVIDED",NO DEFECTS,WITHIN INTERSECTION,FOUR APPROACHES,NO,,,,NO,ANGLE,"4900 JEANNE ST
VIRGINIA BEACH, VA
(36.84707, -76.147405)"
2016012763.0,04/03/2016,2034,SUN,3001 BOW CREEK BL,Yes,1.0,127.0,2,ON ROADWAY,NO ADVERSE CONDITION (CLEAR/CLOUDY),DARKNESS-ROAD LIGHTED,YES-WORKING,TRAFFIC SIGNAL,STRAIGHT-LEVEL,DRY,"BLACKTOP, ASPHALT, BITUMINOUS","TWO-WAY, DIVIDED, UNPROTECTED MEDIAN",NO DEFECTS,WITHIN INTERSECTION,FOUR APPROACHES,NO,,,,NO,ANGLE,"798 LYNNHAVEN RD S
VIRGINIA BEACH, VA
(36.813543, -76.073902)"
2016017459.0,05/04/2016,1137,WED,POTTERS RD,00.10 Miles From,1.0,127.0,2,ON ROADWAY,NO ADVERSE CONDITION (CLEAR/CLOUDY),DAYLIGHT,YES-WORKING,TRAFFIC LANES MARKED,STRAIGHT-LEVEL,DRY,"BLACKTOP, ASPHALT, BITUMINOUS","TWO-WAY, DIVIDED, UNPROTECTED MEDIAN",NO DEFECTS,NON-INTERSECTION,NOT AT INTERSECTION,NO,,,,NO,REAR END,"199 LONDON BRIDGE RD
VIRGINIA BEACH, VA
(36.836567, -76.050261)"