CASE Number,Accident Date,Accident Time,Day of Week,Nearest Street,At Intersection,Precinct,Zone ID,Number of Vehicles Involved,Location of First Harmful Event,Weather Condition,Light Conditions,Traffic Control Device,Traffic Control Type,Roadway Alignment,Roadway Surface Condition,Roadway Surface type,Roadway Description,Roadway defects,Relation to Roadway,Intersection Type,Work Zone Related,Workers Present in Work Zone,Work Zone Location,Work Zone Type,School Zone,Type of Collision,Location 1
2016012718.0,04/03/2016,1210,SUN,NEVAN RD,Yes,2.0,223.0,2,ON ROADWAY,NO ADVERSE CONDITION (CLEAR/CLOUDY),DAYLIGHT,YES-WORKING,STOP SIGN,STRAIGHT-LEVEL,DRY,"BLACKTOP, ASPHALT, BITUMINOUS","TWO-WAY, DIVIDED, POSITIVE MEDIAN BARRIER",NO DEFECTS,WITHIN INTERSECTION,FOUR APPROACHES,NO,,,,NO,ANGLE,"1600 DONNA DR
VIRGINIA BEACH, VA
(36.849555, -76.015628)"
2016019101.0,05/15/2016,130,SUN,LYNNHAVEN RD N,01.00 Miles From,3.0,320.0,0,ON ROADWAY,NO ADVERSE CONDITION (CLEAR/CLOUDY),DARKNESS-ROAD LIGHTED,NO TRAFFIC CONTROL DEVICE PRESENT,NO TRAFFIC CONTROL,STRAIGHT-LEVEL,DRY,"BLACKTOP, ASPHALT, BITUMINOUS","TWO-WAY, DIVIDED, POSITIVE MEDIAN BARRIER",NO DEFECTS,NON-INTERSECTION,NOT AT INTERSECTION,NO,,,,NO,FIXED OBJECT-OFF ROAD,"2954 VIRGINIA BEACH BL
VIRGINIA BEACH, VA
(36.843954, -76.074251)"
2016016705.0,04/29/2016,1450,FRI,OCEANA BL N,Yes,2.0,224.0,2,ON ROADWAY,NO ADVERSE CONDITION (CLEAR/CLOUDY),DAYLIGHT,YES-WORKING,TRAFFIC SIGNAL,STRAIGHT-LEVEL,DRY,"BLACKTOP, ASPHALT, BITUMINOUS","TWO-WAY, NOT DIVIDED",NO DEFECTS,WITHIN INTERSECTION,FOUR APPROACHES,NO,,,,NO,ANGLE,"1499 VIRGINIA BEACH BL
VIRGINIA BEACH, VA
(36.84277, -76.013151)"
2016016329.0,04/26/2016,1420,TUE,INDIAN RIVER RD,Yes,4.0,422.0,2,ON ROADWAY,NO ADVERSE CONDITION (CLEAR/CLOUDY),DAYLIGHT,YES-WORKING,TRAFFIC SIGNAL,STRAIGHT-LEVEL,DRY,"BLACKTOP, ASPHALT, BITUMINOUS","TWO-WAY, DIVIDED, UNPROTECTED MEDIAN",NO DEFECTS,WITHIN INTERSECTION,FOUR APPROACHES,NO,,,,NO,REAR END,"1300 KEMPSVILLE RD
VIRGINIA BEACH, VA
(36.799913, -76.173743)"
2016012720.0,04/03/2016,1226,SUN,4801 FLORAL ST,Yes,3.0,323.0,2,ON ROADWAY,NO ADVERSE CONDITION (CLEAR/CLOUDY),DAYLIGHT,YES-WORKING,STOP SIGN,STRAIGHT-LEVEL,DRY,CONCRETE,"TWO-WAY, NOT DIVIDED",NO DEFECTS,WITHIN INTERSECTION,FOUR APPROACHES,NO,,,,NO,SIDESWIPE-OPPOSITE DIRECTION,"499 KELLAM RD
VIRGINIA BEACH, VA
(36.849305, -76.144218)"
2016018225.0,05/09/2016,1040,MON,HOLLAND RD,Yes,1.0,126.0,2,ON ROADWAY,NO ADVERSE CONDITION (CLEAR/CLOUDY),DAYLIGHT,YES-WORKING,TRAFFIC SIGNAL,STRAIGHT-LEVEL,DRY,"BLACKTOP, ASPHALT, BITUMINOUS","TWO-WAY, DIVIDED, UNPROTECTED MEDIAN",NO DEFECTS,WITHIN INTERSECTION,FOUR APPROACHES,NO,,,,NO,OTHER,"1200 LYNNHAVEN PW
VIRGINIA BEACH, VA
(36.798358, -76.086688)"
2016016103.0,04/25/2016,1140,MON,OLD GREAT NECK RD,Yes,2.0,222.0,3,ON ROADWAY,NO ADVERSE CONDITION (CLEAR/CLOUDY),DAYLIGHT,YES-WORKING,TRAFFIC LANES MARKED,STRAIGHT-LEVEL,DRY,"BLACKTOP, ASPHALT, BITUMINOUS","TWO-WAY, NOT DIVIDED",NO DEFECTS,INTERSECTION-RELATED-WITHIN 150`,THREE APPROACHES,NO,,,,NO,ANGLE,"300 GREAT NECK RD N
VIRGINIA BEACH, VA
(36.842664, -76.047915)"
2016012341.0,03/31/2016,1300,THU,KINGS GRANT RD,Yes,3.0,321.0,2,ON ROADWAY,NO ADVERSE CONDITION (CLEAR/CLOUDY),DAYLIGHT,YES-WORKING,TRAFFIC SIGNAL,STRAIGHT-LEVEL,DRY,"BLACKTOP, ASPHALT, BITUMINOUS","TWO-WAY, DIVIDED, UNPROTECTED MEDIAN",NO DEFECTS,WITHIN INTERSECTION,FOUR APPROACHES,NO,,,,NO,ANGLE,"3000 VIRGINIA BEACH BL
VIRGINIA BEACH, VA
(36.843693, -76.076084)"
2016006086.0,02/17/2016,1640,WED,5600 SHELL RD,Yes,3.0,326.0,2,ON ROADWAY,NO ADVERSE CONDITION (CLEAR/CLOUDY),DAYLIGHT,YES-WORKING,TRAFFIC LANES MARKED,STRAIGHT-LEVEL,DRY,CONCRETE,"TWO-WAY, DIVIDED, POSITIVE MEDIAN BARRIER",NO DEFECTS,WITHIN INTERSECTION,THREE APPROACHES,NO,,,,NO,ANGLE,"1200 DIAMOND SPRINGS RD
VIRGINIA BEACH, VA
(36.882515, -76.175971)"
2016013450.0,04/08/2016,1440,FRI,ELBOW RD,Yes,1.0,125.0,1,SHOULDER,NO ADVERSE CONDITION (CLEAR/CLOUDY),DAYLIGHT,YES-WORKING,TRAFFIC LANES MARKED,STRAIGHT-LEVEL,DRY,"BLACKTOP, ASPHALT, BITUMINOUS","TWO-WAY, NOT DIVIDED",NO DEFECTS,INTERSECTION-RELATED-WITHIN 150`,THREE APPROACHES,NO,,,,NO,NON-COLLISION,"4482 INDIAN RIVER RD
VIRGINIA BEACH, VA
(36.761334, -76.145688)"
2016017353.0,05/03/2016,1655,TUE,REPUBLIC RD,Yes,2.0,222.0,2,ON ROADWAY,RAIN,DAYLIGHT,YES-WORKING,TRAFFIC SIGNAL,STRAIGHT-LEVEL,WET,"BLACKTOP, ASPHALT, BITUMINOUS","TWO-WAY, NOT DIVIDED",NO DEFECTS,WITHIN INTERSECTION,FOUR APPROACHES,NO,,,,NO,ANGLE,"1800 LASKIN RD
VIRGINIA BEACH, VA
(36.849841, -76.027747)"
2016012653.0,04/02/2016,2018,SAT,1700 DONNA DR,Yes,2.0,223.0,2,ON ROADWAY,NO ADVERSE CONDITION (CLEAR/CLOUDY),DARKNESS-ROAD LIGHTED,YES-WORKING,TRAFFIC SIGNAL,STRAIGHT-LEVEL,DRY,"BLACKTOP, ASPHALT, BITUMINOUS","TWO-WAY, DIVIDED, UNPROTECTED MEDIAN",NO DEFECTS,WITHIN INTERSECTION,FOUR APPROACHES,NO,,,,NO,ANGLE,"600 FIRST COLONIAL RD
VIRGINIA BEACH, VA
(36.848595, -76.02158)"
2016016748.0,04/29/2016,2052,FRI,PHILLIP AV,Yes,2.0,222.0,2,ON ROADWAY,MIST,DARKNESS-ROAD LIGHTED,YES-WORKING,STOP SIGN,STRAIGHT-LEVEL,WET,"BLACKTOP, ASPHALT, BITUMINOUS","TWO-WAY, DIVIDED, UNPROTECTED MEDIAN",NO DEFECTS,WITHIN INTERSECTION,FOUR APPROACHES,NO,,,,NO,ANGLE,"1956 LASKIN RD
VIRGINIA BEACH, VA
(36.847228, -76.035515)"
2016018266.0,05/09/2016,1400,MON,10TH ST,Yes,2.0,227.0,2,ON ROADWAY,NO ADVERSE CONDITION (CLEAR/CLOUDY),DAYLIGHT,YES-WORKING,TRAFFIC LANES MARKED,STRAIGHT-LEVEL,DRY,"BLACKTOP, ASPHALT, BITUMINOUS","TWO-WAY, DIVIDED, UNPROTECTED MEDIAN",NO DEFECTS,MAIN-LINE ROADWAY,THREE APPROACHES,NO,,,,NO,ANGLE,"1000 PACIFIC AV
VIRGINIA BEACH, VA
(36.838463, -75.973708)"
2016014260.0,04/13/2016,1505,WED,VIRGINIA BEACH BL,Yes,3.0,320.0,2,ON ROADWAY,NO ADVERSE CONDITION (CLEAR/CLOUDY),DAYLIGHT,YES-WORKING,TRAFFIC SIGNAL,STRAIGHT-LEVEL,DRY,"BLACKTOP, ASPHALT, BITUMINOUS","TWO-WAY, NOT DIVIDED",NO DEFECTS,INTERSECTION-RELATED-WITHIN 150`,FOUR APPROACHES,NO,,,,NO,REAR END,"399 LYNNHAVEN RD N
VIRGINIA BEACH, VA
(36.844046, -76.071687)"
2016016150.0,04/25/2016,1628,MON,INDEPENDENCE BL S,Yes,4.0,424.0,2,ON ROADWAY,NO ADVERSE CONDITION (CLEAR/CLOUDY),DAYLIGHT,YES-WORKING,STOP SIGN,STRAIGHT-LEVEL,DRY,"BLACKTOP, ASPHALT, BITUMINOUS","TWO-WAY, DIVIDED, UNPROTECTED MEDIAN",NO DEFECTS,WITHIN INTERSECTION,THREE APPROACHES,NO,,,,NO,ANGLE,"4699 INDIAN RIVER RD
VIRGINIA BEACH, VA
(36.770522, -76.153235)"
2016013436.0,04/08/2016,1355,FRI,OLD DONATION PW,Yes,2.0,223.0,2,ON ROADWAY,NO ADVERSE CONDITION (CLEAR/CLOUDY),DAYLIGHT,YES-WORKING,TRAFFIC LANES MARKED,STRAIGHT-LEVEL,DRY,"BLACKTOP, ASPHALT, BITUMINOUS","TWO-WAY, NOT DIVIDED",NO DEFECTS,INTERSECTION-RELATED-WITHIN 150`,THREE APPROACHES,NO,,,,NO,ANGLE,"1099 FIRST COLONIAL RD
VIRGINIA BEACH, VA
(36.820377, -75.997852)"
2016017920.0,05/07/2016,1343,SAT,CONSTITUTION DR,Yes,3.0,324.0,2,ON ROADWAY,NO ADVERSE CONDITION (CLEAR/CLOUDY),DAYLIGHT,YES-WORKING,TRAFFIC SIGNAL,STRAIGHT-LEVEL,DRY,"BLACKTOP, ASPHALT, BITUMINOUS","TWO-WAY, DIVIDED, POSITIVE MEDIAN BARRIER",NO DEFECTS,INTERSECTION-RELATED-WITHIN 150`,FOUR APPROACHES,NO,,,,NO,REAR END,"4488 VIRGINIA BEACH BL
VIRGINIA BEACH, VA
(36.843569, -76.13071)"
2016018659.0,05/12/2016,711,THU,PRINCESS ANNE RD,Yes,1.0,121.0,2,ON ROADWAY,NO ADVERSE CONDITION (CLEAR/CLOUDY),DAYLIGHT,NO TRAFFIC CONTROL DEVICE PRESENT,NO TRAFFIC CONTROL,STRAIGHT-LEVEL,DRY,"BLACKTOP, ASPHALT, BITUMINOUS","TWO-WAY, NOT DIVIDED",NO DEFECTS,NON-INTERSECTION,NOT AT INTERSECTION,NO,,,,NO,REAR END,"2400 NORTH LANDING RD
VIRGINIA BEACH, VA
(36.751685, -76.053766)"
2016014390.0,04/14/2016,1638,THU,SILVERBROOK LA,Yes,3.0,324.0,0,ON ROADWAY,NO ADVERSE CONDITION (CLEAR/CLOUDY),DAYLIGHT,YES-WORKING,TRAFFIC SIGNAL,STRAIGHT-LEVEL,DRY,"BLACKTOP, ASPHALT, BITUMINOUS","TWO-WAY, DIVIDED, UNPROTECTED MEDIAN",NO DEFECTS,WITHIN INTERSECTION,FOUR APPROACHES,NO,,,,NO,REAR END,"4400 VIRGINIA BEACH BLVD
VIRGINIA BEACH, VA
(36.8435, -76.125923)"
2016013875.0,04/11/2016,857,MON,2800 CRUSADER CIRCLE,Yes,1.0,127.0,2,ON ROADWAY,NO ADVERSE CONDITION (CLEAR/CLOUDY),DAYLIGHT,YES-WORKING,TRAFFIC SIGNAL,STRAIGHT-LEVEL,DRY,"BLACKTOP, ASPHALT, BITUMINOUS","TWO-WAY, DIVIDED, POSITIVE MEDIAN BARRIER",NO DEFECTS,WITHIN INTERSECTION,,NO,,,,NO,ANGLE,"1300 LONDON BRIDGE RD
VIRGINIA BEACH, VA
(36.800351, -76.064555)"
2016015562.0,04/22/2016,1430,FRI,BOW CREEK BL,Yes,1.0,129.0,2,ON ROADWAY,NO ADVERSE CONDITION (CLEAR/CLOUDY),DAYLIGHT,YES-WORKING,TRAFFIC SIGNAL,STRAIGHT-LEVEL,DRY,"BLACKTOP, ASPHALT, BITUMINOUS","TWO-WAY, DIVIDED, UNPROTECTED MEDIAN",NO DEFECTS,WITHIN INTERSECTION,FOUR APPROACHES,NO,,,,NO,REAR END,"598 ROSEMONT RD S
VIRGINIA BEACH, VA
(36.820138, -76.097674)"
2016012608.0,04/02/2016,1400,SAT,600 ARAGONA BL,Yes,3.0,323.0,2,ON ROADWAY,RAIN,DAYLIGHT,YES-WORKING,STOP SIGN,STRAIGHT-LEVEL,WET,CONCRETE,"TWO-WAY, DIVIDED, UNPROTECTED MEDIAN",NO DEFECTS,CROSSOVER RELATED,FOUR APPROACHES,NO,,,,NO,SIDESWIPE-OPPOSITE DIRECTION,"600 KELLAM RD
VIRGINIA BEACH, VA
(36.85311, -76.146514)"
2016013122.0,04/06/2016,1412,WED,26TH ST,Yes,2.0,227.0,2,ON ROADWAY,NO ADVERSE CONDITION (CLEAR/CLOUDY),DAYLIGHT,YES-WORKING,TRAFFIC LANES MARKED,STRAIGHT-LEVEL,DRY,"BLACKTOP, ASPHALT, BITUMINOUS","TWO-WAY, DIVIDED, POSITIVE MEDIAN BARRIER",NO DEFECTS,MAIN-LINE ROADWAY,FOUR APPROACHES,NO,,,,NO,ANGLE,"2599 PACIFIC AV
VIRGINIA BEACH, VA
(36.854736, -75.978058)"
2016017696.0,05/06/2016,729,FRI,GRAVENHURST DR,Yes,4.0,425.0,2,ON ROADWAY,RAIN,DAYLIGHT,NO TRAFFIC CONTROL DEVICE PRESENT,NO TRAFFIC CONTROL,STRAIGHT-LEVEL,WET,"BLACKTOP, ASPHALT, BITUMINOUS","TWO-WAY, NOT DIVIDED",NO DEFECTS,WITHIN INTERSECTION,FOUR APPROACHES,NO,,,,NO,ANGLE,"2300 LYNNHAVEN PW
VIRGINIA BEACH, VA
(36.787587, -76.145054)"
2016015346.0,04/20/2016,2300,WED,WISHART DR,Yes,3.0,328.0,2,ON ROADWAY,NO ADVERSE CONDITION (CLEAR/CLOUDY),DARKNESS-ROAD LIGHTED,YES-WORKING,TRAFFIC SIGNAL,STRAIGHT-LEVEL,DRY,"BLACKTOP, ASPHALT, BITUMINOUS","TWO-WAY, DIVIDED, POSITIVE MEDIAN BARRIER",NO DEFECTS,WITHIN INTERSECTION,FOUR APPROACHES,NO,,,,NO,OTHER,"1100 INDEPENDENCE BL
VIRGINIA BEACH, VA
(36.875976, -76.134126)"
2016012896.0,04/04/2016,1651,MON,STRICKLAND BL,Yes,4.0,422.0,2,ON ROADWAY,NO ADVERSE CONDITION (CLEAR/CLOUDY),DAYLIGHT,YES-WORKING,TRAFFIC SIGNAL,STRAIGHT-LEVEL,DRY,"BLACKTOP, ASPHALT, BITUMINOUS","TWO-WAY, DIVIDED, UNPROTECTED MEDIAN",NO DEFECTS,MAIN-LINE ROADWAY,NOT AT INTERSECTION,NO,,,,NO,REAR END,"5684 INDIAN RIVER RD
VIRGINIA BEACH, VA
(36.805279, -76.19094)"
2016013475.0,04/08/2016,1655,FRI,CLUB HOUSE RD,Yes,1.0,129.0,2,ON ROADWAY,NO ADVERSE CONDITION (CLEAR/CLOUDY),DAYLIGHT,YES-WORKING,STOP SIGN,STRAIGHT-LEVEL,DRY,"BLACKTOP, ASPHALT, BITUMINOUS","TWO-WAY, DIVIDED, UNPROTECTED MEDIAN",NO DEFECTS,WITHIN INTERSECTION,FOUR APPROACHES,NO,,,,NO,ANGLE,"500 ROSEMONT RD S
VIRGINIA BEACH, VA
(36.825377, -76.096385)"
2016016888.0,04/30/2016,1814,SAT,PARLIAMENT DR S,Yes,4.0,423.0,2,ON ROADWAY,NO ADVERSE CONDITION (CLEAR/CLOUDY),DAYLIGHT,NO TRAFFIC CONTROL DEVICE PRESENT,NO TRAFFIC CONTROL,STRAIGHT-LEVEL,DRY,"BLACKTOP, ASPHALT, BITUMINOUS","TWO-WAY, DIVIDED, UNPROTECTED MEDIAN",NO DEFECTS,MAIN-LINE ROADWAY,NOT AT INTERSECTION,NO,,,,NO,ANGLE,"5299 PRINCESS ANNE RD
VIRGINIA BEACH, VA
(36.828834, -76.168792)"
2016014568.0,04/15/2016,1909,FRI,GREEN MEADOWS DR,Yes,4.0,426.0,2,ON ROADWAY,NO ADVERSE CONDITION (CLEAR/CLOUDY),DAYLIGHT,YES-WORKING,TRAFFIC SIGNAL,STRAIGHT-LEVEL,DRY,"BLACKTOP, ASPHALT, BITUMINOUS","TWO-WAY, DIVIDED, UNPROTECTED MEDIAN",NO DEFECTS,WITHIN INTERSECTION,FOUR APPROACHES,NO,,,,NO,ANGLE,"1499 INDEPENDENCE BL S
VIRGINIA BEACH, VA
(36.817465, -76.127027)"
2016012419.0,04/01/2016,1143,FRI,2900 LYNNHAVEN RD N,Yes,3.0,320.0,2,ON ROADWAY,NO ADVERSE CONDITION (CLEAR/CLOUDY),DAYLIGHT,YES-WORKING,TRAFFIC SIGNAL,STRAIGHT-LEVEL,DRY,"BLACKTOP, ASPHALT, BITUMINOUS","TWO-WAY, DIVIDED, POSITIVE MEDIAN BARRIER",NO DEFECTS,WITHIN INTERSECTION,FOUR APPROACHES,NO,,,,NO,ANGLE,"2800 VIRGINIA BEACH BL
VIRGINIA BEACH, VA
(36.843388, -76.067506)"
2016013511.0,04/10/2016,2223,SUN,UPTON DR,Yes,1.0,122.0,3,ON ROADWAY,NO ADVERSE CONDITION (CLEAR/CLOUDY),DARKNESS-ROAD LIGHTED,YES-WORKING,TRAFFIC SIGNAL,STRAIGHT-LEVEL,DRY,"BLACKTOP, ASPHALT, BITUMINOUS","TWO-WAY, DIVIDED, UNPROTECTED MEDIAN",NO DEFECTS,INTERSECTION-RELATED-WITHIN 150`,FOUR APPROACHES,NO,,,,NO,REAR END,"2101 PRINCESS ANNE RD
VIRGINIA BEACH, VA
(36.751444, -76.010329)"
2016017374.0,05/03/2016,1830,TUE,SILVERLEAF DR,Yes,4.0,426.0,2,ON ROADWAY,NO ADVERSE CONDITION (CLEAR/CLOUDY),DAYLIGHT,YES-WORKING,STOP SIGN,STRAIGHT-LEVEL,DRY,"BLACKTOP, ASPHALT, BITUMINOUS","TWO-WAY, DIVIDED, UNPROTECTED MEDIAN",NO DEFECTS,WITHIN INTERSECTION,FOUR APPROACHES,NO,,,,NO,ANGLE,"1398 INDEPENDENCE BL S
VIRGINIA BEACH, VA
(36.822232, -76.12699)"
2016014836.0,04/17/2016,1630,SUN,CULVER LA,Yes,1.0,122.0,2,ON ROADWAY,NO ADVERSE CONDITION (CLEAR/CLOUDY),DAYLIGHT,YES-WORKING,TRAFFIC SIGNAL,STRAIGHT-LEVEL,DRY,CONCRETE,"TWO-WAY, DIVIDED, UNPROTECTED MEDIAN",NO DEFECTS,WITHIN INTERSECTION,FOUR APPROACHES,NO,,,,NO,REAR END,"1898 UPTON DR
VIRGINIA BEACH, VA
(36.77276, -75.998739)"
2016015775.0,04/23/2016,1646,SAT,EDINBURGH DR,Yes,3.0,321.0,2,ON ROADWAY,NO ADVERSE CONDITION (CLEAR/CLOUDY),DAYLIGHT,YES-WORKING,TRAFFIC LANES MARKED,STRAIGHT-LEVEL,DRY,"BLACKTOP, ASPHALT, BITUMINOUS","TWO-WAY, NOT DIVIDED",NO DEFECTS,INTERSECTION-RELATED-WITHIN 150`,FOUR APPROACHES,NO,,,,NO,REAR END,"473 LYNNHAVEN RD N
VIRGINIA BEACH, VA
(36.848316, -76.083815)"
2016013401.0,04/08/2016,930,FRI,4957 HAYGOOD RD,Yes,3.0,327.0,2,ON ROADWAY,NO ADVERSE CONDITION (CLEAR/CLOUDY),DAYLIGHT,YES-WORKING,TRAFFIC LANES MARKED,STRAIGHT-LEVEL,DRY,CONCRETE,"TWO-WAY, DIVIDED, UNPROTECTED MEDIAN",NO DEFECTS,WITHIN INTERSECTION,THREE APPROACHES,NO,,,,NO,ANGLE,"5101 WESLEYAN DR
VIRGINIA BEACH, VA
(36.8683, -76.152132)"
2016016511.0,04/28/2016,740,THU,GREENWELL RD,99999 Feet From,3.0,329.0,2,ON ROADWAY,RAIN,DAYLIGHT,YES-WORKING,TRAFFIC SIGNAL,STRAIGHT-LEVEL,WET,"BLACKTOP, ASPHALT, BITUMINOUS","TWO-WAY, DIVIDED, POSITIVE MEDIAN BARRIER",NO DEFECTS,NON-INTERSECTION,NOT AT INTERSECTION,NO,,,,NO,REAR END,"4900 SHORE DR
VIRGINIA BEACH, VA
(36.904937, -76.139392)"
2016017719.0,05/06/2016,1040,FRI,KEMPSVILLE GREENS PW,Yes,4.0,426.0,2,ON ROADWAY,RAIN,DAYLIGHT,NO TRAFFIC CONTROL DEVICE PRESENT,NO TRAFFIC CONTROL,STRAIGHT-LEVEL,WET,"BLACKTOP, ASPHALT, BITUMINOUS","TWO-WAY, DIVIDED, UNPROTECTED MEDIAN",NO DEFECTS,WITHIN INTERSECTION,THREE APPROACHES,NO,,,,NO,ANGLE,"4854 PRINCESS ANNE RD
VIRGINIA BEACH, VA
(36.820415, -76.149656)"
2016012904.0,04/04/2016,1722,MON,3313 SKIPPER DR,Yes,1.0,129.0,2,ON ROADWAY,NO ADVERSE CONDITION (CLEAR/CLOUDY),DAYLIGHT,YES-WORKING,STOP SIGN,STRAIGHT-LEVEL,DRY,"BLACKTOP, ASPHALT, BITUMINOUS","TWO-WAY, NOT DIVIDED",NO DEFECTS,WITHIN INTERSECTION,FOUR APPROACHES,NO,,,,NO,ANGLE,"450 BARCELONA LA
VIRGINIA BEACH, VA
(36.824905, -76.084519)"
2016006816.0,02/02/2016,2146,TUE,DIAMOND SPRINGS RD,,3.0,331.0,2,ON ROADWAY,MIST,DARKNESS-ROAD LIGHTED,YES-WORKING,TRAFFIC LANES MARKED,STRAIGHT-LEVEL,DRY,"BLACKTOP, ASPHALT, BITUMINOUS","TWO-WAY, DIVIDED, UNPROTECTED MEDIAN",NO DEFECTS,MAIN-LINE ROADWAY,NOT AT INTERSECTION,NO,,,,NO,REAR END,"5699 NORTHAMPTON BL
VIRGINIA BEACH, VA
(36.885604, -76.180239)"
2016015956.0,04/24/2016,1346,SUN,HOLSTON CI,Yes,1.0,128.0,2,ON ROADWAY,NO ADVERSE CONDITION (CLEAR/CLOUDY),DAYLIGHT,YES-WORKING,TRAFFIC LANES MARKED,STRAIGHT-LEVEL,DRY,"BLACKTOP, ASPHALT, BITUMINOUS","TWO-WAY, DIVIDED, UNPROTECTED MEDIAN",NO DEFECTS,WITHIN INTERSECTION,FOUR APPROACHES,NO,,,,NO,SIDESWIPE-SAME DIRECTION,"3500 BUCKNER BL
VIRGINIA BEACH, VA
(36.788758, -76.106628)"
2016015740.0,04/23/2016,1245,SAT,LITTLE NECK RD,Yes,3.0,320.0,2,ON ROADWAY,NO ADVERSE CONDITION (CLEAR/CLOUDY),DAYLIGHT,YES-WORKING,STOP SIGN,STRAIGHT-LEVEL,DRY,"BLACKTOP, ASPHALT, BITUMINOUS","TWO-WAY, NOT DIVIDED",NO DEFECTS,WITHIN INTERSECTION,THREE APPROACHES,NO,,,,NO,ANGLE,"3100 LITTLE HAVEN RD
VIRGINIA BEACH, VA
(36.864447, -76.076474)"
2016018752.0,05/12/2016,1858,THU,264 NO,Yes,2.0,224.0,2,ON ROADWAY,NO ADVERSE CONDITION (CLEAR/CLOUDY),DAYLIGHT,YES-WORKING,TRAFFIC SIGNAL,STRAIGHT-LEVEL,DRY,CONCRETE,"TWO-WAY, DIVIDED, POSITIVE MEDIAN BARRIER",NO DEFECTS,WITHIN INTERSECTION,FOUR APPROACHES,NO,,,,NO,ANGLE,"418 FIRST COLONIAL RD
VIRGINIA BEACH, VA
(36.8443, -76.020761)"
2016014833.0,04/17/2016,1608,SUN,JACK FROST RD,Yes,3.0,331.0,2,ON ROADWAY,NO ADVERSE CONDITION (CLEAR/CLOUDY),DAYLIGHT,YES-WORKING,TRAFFIC LANES MARKED,STRAIGHT-LEVEL,DRY,"BLACKTOP, ASPHALT, BITUMINOUS","TWO-WAY, DIVIDED, UNPROTECTED MEDIAN",NO DEFECTS,INTERSECTION-RELATED-WITHIN 150`,FOUR APPROACHES,NO,,,,NO,REAR END,"5100 NORTHAMPTON BL
VIRGINIA BEACH, VA
(36.892269, -76.168723)"
2016020021.0,05/20/2016,2327,FRI,21ST ST,Yes,2.0,227.0,2,ON ROADWAY,NO ADVERSE CONDITION (CLEAR/CLOUDY),DARKNESS-ROAD LIGHTED,YES-WORKING,TRAFFIC SIGNAL,STRAIGHT-LEVEL,DRY,"BLACKTOP, ASPHALT, BITUMINOUS","TWO-WAY, NOT DIVIDED",NO DEFECTS,WITHIN INTERSECTION,THREE APPROACHES,NO,,,,NO,ANGLE,"2100 BALTIC AV
VIRGINIA BEACH, VA
(36.84885, -75.980431)"
2016015517.0,04/22/2016,730,FRI,6599 PROVIDENCE RD,Yes,4.0,420.0,2,ON ROADWAY,NO ADVERSE CONDITION (CLEAR/CLOUDY),DAWN,YES-WORKING,TRAFFIC SIGNAL,GRADE-STRAIGHT,DRY,"BLACKTOP, ASPHALT, BITUMINOUS","TWO-WAY, DIVIDED, POSITIVE MEDIAN BARRIER",NO DEFECTS,MAIN-LINE ROADWAY,FOUR APPROACHES,NO,,,,NO,ANGLE,"1000 MILITARY HY S
VIRGINIA BEACH, VA
(36.810773, -76.218157)"
2016017498.0,05/04/2016,1730,WED,VICTORIA DR,Yes,1.0,129.0,2,ON ROADWAY,NO ADVERSE CONDITION (CLEAR/CLOUDY),DAYLIGHT,YES-WORKING,STOP SIGN,STRAIGHT-LEVEL,DRY,"BLACKTOP, ASPHALT, BITUMINOUS","TWO-WAY, DIVIDED, UNPROTECTED MEDIAN",NO DEFECTS,WITHIN INTERSECTION,FOUR APPROACHES,NO,,,,NO,ANGLE,"299 CASSADY AV
VIRGINIA BEACH, VA
(36.83089, -76.091602)"
2016018512.0,05/11/2016,804,WED,LAUREL LA,Yes,2.0,223.0,2,ON ROADWAY,NO ADVERSE CONDITION (CLEAR/CLOUDY),DAYLIGHT,YES-WORKING,TRAFFIC LANES MARKED,STRAIGHT-LEVEL,DRY,"BLACKTOP, ASPHALT, BITUMINOUS","TWO-WAY, DIVIDED, POSITIVE MEDIAN BARRIER",NO DEFECTS,WITHIN INTERSECTION,FOUR APPROACHES,NO,,,,NO,SIDESWIPE-SAME DIRECTION,"800 FIRST COLONIAL RD
VIRGINIA BEACH, VA
(36.853143, -76.022675)"
2016017735.0,05/06/2016,1103,FRI,SALEM RD,00.50 Miles From,4.0,424.0,1,SHOULDER,RAIN,DAYLIGHT,YES-WORKING,TRAFFIC LANES MARKED,CURVE-LEVEL,WET,"BLACKTOP, ASPHALT, BITUMINOUS","TWO-WAY, NOT DIVIDED",NO DEFECTS,NON-INTERSECTION,NOT AT INTERSECTION,NO,,,,NO,FIXED OBJECT-OFF ROAD,"4000 ELBOW RD
VIRGINIA BEACH, VA
(36.768186, -76.123954)"
2016018300.0,05/09/2016,1744,MON,DIAMOND SPRINGS RD,Yes,3.0,331.0,2,ON ROADWAY,NO ADVERSE CONDITION (CLEAR/CLOUDY),DAYLIGHT,YES-WORKING,TRAFFIC SIGNAL,STRAIGHT-LEVEL,DRY,"BLACKTOP, ASPHALT, BITUMINOUS","TWO-WAY, DIVIDED, UNPROTECTED MEDIAN",NO DEFECTS,WITHIN INTERSECTION,THREE APPROACHES,NO,,,,NO,REAR END,"5600 SHORE DR
VIRGINIA BEACH, VA
(36.906032, -76.175519)"