CASE Number,Accident Date,Accident Time,Day of Week,Nearest Street,At Intersection,Precinct,Zone ID,Number of Vehicles Involved,Location of First Harmful Event,Weather Condition,Light Conditions,Traffic Control Device,Traffic Control Type,Roadway Alignment,Roadway Surface Condition,Roadway Surface type,Roadway Description,Roadway defects,Relation to Roadway,Intersection Type,Work Zone Related,Workers Present in Work Zone,Work Zone Location,Work Zone Type,School Zone,Type of Collision,Location 1
2016020666.0,05/24/2016,2250,TUE,3400 PRINCESS ANNE RD,Yes,1.0,124.0,2,ON ROADWAY,NO ADVERSE CONDITION (CLEAR/CLOUDY),DARKNESS-ROAD LIGHTED,YES-WORKING,TRAFFIC SIGNAL,STRAIGHT-LEVEL,DRY,"BLACKTOP, ASPHALT, BITUMINOUS","TWO-WAY, DIVIDED, UNPROTECTED MEDIAN",NO DEFECTS,INTERSECTION-RELATED-WITHIN 150`,FOUR APPROACHES,NO,,,,NO,REAR END,"3600 DAM NECK RD
VIRGINIA BEACH, VA
(36.776635, -76.090101)"
2016013106.0,04/06/2016,1201,WED,NEW BRIDGE RD,Yes,1.0,122.0,2,ON ROADWAY,NO ADVERSE CONDITION (CLEAR/CLOUDY),DAYLIGHT,YES-WORKING,TRAFFIC LANES MARKED,STRAIGHT-LEVEL,DRY,"BLACKTOP, ASPHALT, BITUMINOUS","TWO-WAY, NOT DIVIDED",NO DEFECTS,WITHIN INTERSECTION,THREE APPROACHES,NO,,,,NO,SIDESWIPE-SAME DIRECTION,"1319 SANDBRIDGE RD
VIRGINIA BEACH, VA
(36.73204, -75.985165)"
2016027869.0,07/07/2016,1104,THU,1301 ATLANTIC SHORES DR,Yes,1.0,123.0,2,ON ROADWAY,NO ADVERSE CONDITION (CLEAR/CLOUDY),DAYLIGHT,YES-WORKING,TRAFFIC SIGNAL,STRAIGHT-LEVEL,DRY,"BLACKTOP, ASPHALT, BITUMINOUS","TWO-WAY, DIVIDED, POSITIVE MEDIAN BARRIER",NO DEFECTS,INTERSECTION-RELATED-WITHIN 150`,FOUR APPROACHES,NO,,,,NO,REAR END,"801 DAM NECK RD
VIRGINIA BEACH, VA
(36.785435, -75.98422)"
2016010016.0,03/16/2016,1418,WED,COLUMBUS ST,Yes,3.0,324.0,0,ON ROADWAY,NO ADVERSE CONDITION (CLEAR/CLOUDY),DAYLIGHT,YES-WORKING,TRAFFIC SIGNAL,STRAIGHT-LEVEL,DRY,"BLACKTOP, ASPHALT, BITUMINOUS","TWO-WAY, DIVIDED, POSITIVE MEDIAN BARRIER",NO DEFECTS,WITHIN INTERSECTION,FOUR APPROACHES,NO,,,,NO,REAR END,"123 INDEPENDENCE BLVD
VIRGINIA BEACH, VA
(36.841611, -76.137019)"
2016023231.0,06/09/2016,1613,THU,PRINCESS ANNE RD,Yes,1.0,121.0,2,ON ROADWAY,NO ADVERSE CONDITION (CLEAR/CLOUDY),DAYLIGHT,YES-WORKING,TRAFFIC SIGNAL,STRAIGHT-LEVEL,DRY,"BLACKTOP, ASPHALT, BITUMINOUS","TWO-WAY, NOT DIVIDED",NO DEFECTS,WITHIN INTERSECTION,THREE APPROACHES,NO,,,,NO,REAR END,"2400 NORTH LANDING RD
VIRGINIA BEACH, VA
(36.751685, -76.053766)"
2016025139.0,06/21/2016,1343,TUE,LYNNHAVEN PW,Yes,4.0,424.0,2,ON ROADWAY,NO ADVERSE CONDITION (CLEAR/CLOUDY),DAYLIGHT,YES-WORKING,TRAFFIC SIGNAL,STRAIGHT-LEVEL,DRY,"BLACKTOP, ASPHALT, BITUMINOUS","TWO-WAY, DIVIDED, UNPROTECTED MEDIAN",NO DEFECTS,WITHIN INTERSECTION,FOUR APPROACHES,NO,,,,NO,ANGLE,"4100 PRINCESS ANNE RD
VIRGINIA BEACH, VA
(36.791895, -76.116736)"
2016023977.0,06/14/2016,657,TUE,WISCONSIN AV,Yes,2.0,224.0,2,ON ROADWAY,NO ADVERSE CONDITION (CLEAR/CLOUDY),DAYLIGHT,YES-WORKING,TRAFFIC SIGNAL,STRAIGHT-LEVEL,DRY,"BLACKTOP, ASPHALT, BITUMINOUS","TWO-WAY, DIVIDED, UNPROTECTED MEDIAN",NO DEFECTS,WITHIN INTERSECTION,FOUR APPROACHES,NO,,,,NO,REAR END,"400 FIRST COLONIAL RD
VIRGINIA BEACH, VA
(36.843773, -76.020884)"
2016028033.0,07/08/2016,1105,FRI,RURITAN CT,Yes,4.0,423.0,2,ON ROADWAY,NO ADVERSE CONDITION (CLEAR/CLOUDY),DAYLIGHT,YES-WORKING,TRAFFIC SIGNAL,STRAIGHT-LEVEL,DRY,"BLACKTOP, ASPHALT, BITUMINOUS","TWO-WAY, DIVIDED, POSITIVE MEDIAN BARRIER",NO DEFECTS,INTERSECTION-RELATED-WITHIN 150`,FOUR APPROACHES,NO,,,,NO,REAR END,"400 WITCHDUCK RD S
VIRGINIA BEACH, VA
(36.828354, -76.159684)"
2016024757.0,06/19/2016,21,SUN,24TH ST,Yes,2.0,227.0,1,ON ROADWAY,NO ADVERSE CONDITION (CLEAR/CLOUDY),DARKNESS-ROAD LIGHTED,YES-WORKING,PEDESTRIAN CROSSWALK,STRAIGHT-LEVEL,DRY,"BLACKTOP, ASPHALT, BITUMINOUS","TWO-WAY, DIVIDED, UNPROTECTED MEDIAN",NO DEFECTS,WITHIN INTERSECTION,FOUR APPROACHES,NO,,,,NO,PEDESTRIAN,"2400 PACIFIC AV
VIRGINIA BEACH, VA
(36.852247, -75.977501)"
2016019939.0,05/20/2016,1230,FRI,CENTERVILLE TP,Yes,4.0,421.0,3,ON ROADWAY,NO ADVERSE CONDITION (CLEAR/CLOUDY),DAYLIGHT,YES-WORKING,TRAFFIC SIGNAL,STRAIGHT-LEVEL,DRY,"BLACKTOP, ASPHALT, BITUMINOUS","TWO-WAY, DIVIDED, POSITIVE MEDIAN BARRIER",NO DEFECTS,MAIN-LINE ROADWAY,FOUR APPROACHES,NO,,,,NO,REAR END,"5500 INDIAN RIVER RD
VIRGINIA BEACH, VA
(36.800953, -76.181782)"
2016021736.0,05/31/2016,920,TUE,PRINCESS ANNE RD,Yes,4.0,422.0,2,ON ROADWAY,NO ADVERSE CONDITION (CLEAR/CLOUDY),DAYLIGHT,YES-WORKING,TRAFFIC SIGNAL,STRAIGHT-LEVEL,DRY,"BLACKTOP, ASPHALT, BITUMINOUS","TWO-WAY, DIVIDED, UNPROTECTED MEDIAN",NO DEFECTS,WITHIN INTERSECTION,FOUR APPROACHES,NO,,,,NO,ANGLE,"498 WITCHDUCK RD S
VIRGINIA BEACH, VA
(36.825828, -76.160605)"
2016025287.0,06/22/2016,1020,WED,DIAMOND SPRINGS RD,Yes,3.0,331.0,0,ON ROADWAY,NO ADVERSE CONDITION (CLEAR/CLOUDY),DAYLIGHT,YES-WORKING,TRAFFIC SIGNAL,STRAIGHT-LEVEL,DRY,"BLACKTOP, ASPHALT, BITUMINOUS","TWO-WAY, DIVIDED, UNPROTECTED MEDIAN",NO DEFECTS,WITHIN INTERSECTION,FOUR APPROACHES,NO,,,,NO,NON-COLLISION,"5700 SHORE DR
VIRGINIA BEACH, VA
(36.905708, -76.178921)"
2016027864.0,07/07/2016,1050,THU,PROSPERITY RD,Yes,2.0,228.0,2,ON ROADWAY,NO ADVERSE CONDITION (CLEAR/CLOUDY),DAYLIGHT,YES-WORKING,TRAFFIC SIGNAL,STRAIGHT-LEVEL,DRY,"BLACKTOP, ASPHALT, BITUMINOUS","TWO-WAY, DIVIDED, UNPROTECTED MEDIAN",NO DEFECTS,WITHIN INTERSECTION,FOUR APPROACHES,NO,,,,NO,ANGLE,"1300 GENERAL BOOTH BL
VIRGINIA BEACH, VA
(36.793727, -75.995316)"
2016025035.0,06/20/2016,2040,MON,250 FIRST COLONIAL RD,Yes,2.0,224.0,2,ON ROADWAY,NO ADVERSE CONDITION (CLEAR/CLOUDY),DAYLIGHT,YES-WORKING,TRAFFIC SIGNAL,STRAIGHT-LEVEL,DRY,"BLACKTOP, ASPHALT, BITUMINOUS","TWO-WAY, DIVIDED, UNPROTECTED MEDIAN",NO DEFECTS,WITHIN INTERSECTION,FOUR APPROACHES,NO,,,,NO,HEAD ON,"1701 VIRGINIA BEACH BL
VIRGINIA BEACH, VA
(36.842408, -76.021232)"
2016021049.0,05/27/2016,930,FRI,RED TIDE RD,Yes,2.0,220.0,3,ON ROADWAY,NO ADVERSE CONDITION (CLEAR/CLOUDY),DAYLIGHT,NO TRAFFIC CONTROL DEVICE PRESENT,NO TRAFFIC CONTROL,STRAIGHT-LEVEL,DRY,"BLACKTOP, ASPHALT, BITUMINOUS","TWO-WAY, DIVIDED, POSITIVE MEDIAN BARRIER",NO DEFECTS,MAIN-LINE ROADWAY,FOUR APPROACHES,NO,,,,NO,ANGLE,"2900 SHORE DR
VIRGINIA BEACH, VA
(36.911341, -76.071576)"
2016022099.0,06/02/2016,1435,THU,300 22ND ST,Yes,2.0,227.0,2,ON ROADWAY,NO ADVERSE CONDITION (CLEAR/CLOUDY),DAYLIGHT,YES-WORKING,TRAFFIC SIGNAL,STRAIGHT-LEVEL,DRY,"BLACKTOP, ASPHALT, BITUMINOUS","TWO-WAY, NOT DIVIDED",NO DEFECTS,WITHIN INTERSECTION,TWO APPROACHES,NO,,,,NO,ANGLE,"2200 PACIFIC AV
VIRGINIA BEACH, VA
(36.8503, -75.976966)"
2016024997.0,06/20/2016,1726,MON,NS TOMCAT BL,00.50 Miles From,2.0,228.0,7,ON ROADWAY,NO ADVERSE CONDITION (CLEAR/CLOUDY),DAYLIGHT,YES-WORKING,TRAFFIC LANES MARKED,STRAIGHT-LEVEL,DRY,"BLACKTOP, ASPHALT, BITUMINOUS","TWO-WAY, DIVIDED, UNPROTECTED MEDIAN",NO DEFECTS,NON-INTERSECTION,NOT AT INTERSECTION,NO,,,,NO,REAR END,"940 OCEANA BL
VIRGINIA BEACH, VA
(36.809732, -76.004667)"
2016024039.0,06/14/2016,1550,TUE,INDIAN RIVER RD,Yes,4.0,420.0,2,ON ROADWAY,NO ADVERSE CONDITION (CLEAR/CLOUDY),DAYLIGHT,YES-WORKING,STOP SIGN,STRAIGHT-LEVEL,DRY,"BLACKTOP, ASPHALT, BITUMINOUS","TWO-WAY, NOT DIVIDED",NO DEFECTS,WITHIN INTERSECTION,TWO APPROACHES,NO,,,,NO,SIDESWIPE-SAME DIRECTION,"1699 LEVEL GREEN BL
VIRGINIA BEACH, VA
(36.810788, -76.20244)"
2016025610.0,06/24/2016,1104,FRI,DAHLIA DR,Yes,4.0,426.0,2,ON ROADWAY,NO ADVERSE CONDITION (CLEAR/CLOUDY),DAYLIGHT,YES-WORKING,TRAFFIC SIGNAL,STRAIGHT-LEVEL,DRY,"BLACKTOP, ASPHALT, BITUMINOUS","TWO-WAY, DIVIDED, UNPROTECTED MEDIAN",NO DEFECTS,WITHIN INTERSECTION,FOUR APPROACHES,NO,,,,NO,ANGLE,"1800 INDEPENDENCE BL S
VIRGINIA BEACH, VA
(36.806313, -76.117049)"
2016025454.0,05/23/2016,1011,MON,VIRGINIA BEACH BLVD,Yes,3.0,323.0,0,ON ROADWAY,RAIN,DAYLIGHT,YES-WORKING,TRAFFIC SIGNAL,STRAIGHT-LEVEL,WET,"BLACKTOP, ASPHALT, BITUMINOUS","TWO-WAY, DIVIDED, UNPROTECTED MEDIAN",NO DEFECTS,MAIN-LINE ROADWAY,FOUR APPROACHES,NO,,,,NO,REAR END,"281 INDEPENDENCE BLVD
VIRGINIA BEACH, VA
(36.845188, -76.136905)"
2016024195.0,06/15/2016,1655,WED,CAPTAINS RN,Yes,4.0,421.0,2,ON ROADWAY,NO ADVERSE CONDITION (CLEAR/CLOUDY),DAYLIGHT,YES-WORKING,STOP SIGN,STRAIGHT-LEVEL,DRY,"BLACKTOP, ASPHALT, BITUMINOUS","TWO-WAY, DIVIDED, UNPROTECTED MEDIAN",NO DEFECTS,WITHIN INTERSECTION,FOUR APPROACHES,NO,,,,NO,ANGLE,"1484 KEMPSVILLE RD
VIRGINIA BEACH, VA
(36.793264, -76.177389)"
2016022696.0,06/06/2016,720,MON,WELLSFORD DR,Yes,1.0,123.0,2,ON ROADWAY,NO ADVERSE CONDITION (CLEAR/CLOUDY),DAYLIGHT,NO TRAFFIC CONTROL DEVICE PRESENT,NO TRAFFIC CONTROL,STRAIGHT-LEVEL,DRY,"BLACKTOP, ASPHALT, BITUMINOUS","TWO-WAY, NOT DIVIDED",NO DEFECTS,WITHIN INTERSECTION,THREE APPROACHES,NO,,,,NO,ANGLE,"891 OLD DAM NECK RD
VIRGINIA BEACH, VA
(36.779862, -75.990434)"
2016026545.0,06/29/2016,1805,WED,CHIMNEY HILL PW,Yes,4.0,427.0,2,ON ROADWAY,NO ADVERSE CONDITION (CLEAR/CLOUDY),DAYLIGHT,YES-WORKING,TRAFFIC SIGNAL,STRAIGHT-LEVEL,DRY,"BLACKTOP, ASPHALT, BITUMINOUS","TWO-WAY, DIVIDED, UNPROTECTED MEDIAN",NO DEFECTS,WITHIN INTERSECTION,FOUR APPROACHES,NO,,,,NO,ANGLE,"3712 HOLLAND RD
VIRGINIA BEACH, VA
(36.814288, -76.101496)"
2016026493.0,06/29/2016,1315,WED,SAW GRASS BD,Yes,2.0,225.0,2,ON ROADWAY,NO ADVERSE CONDITION (CLEAR/CLOUDY),DAYLIGHT,YES-WORKING,TRAFFIC LANES MARKED,STRAIGHT-LEVEL,DRY,"BLACKTOP, ASPHALT, BITUMINOUS","TWO-WAY, NOT DIVIDED",NO DEFECTS,MAIN-LINE ROADWAY,THREE APPROACHES,NO,,,,NO,REAR END,"1035 NORFOLK AV
VIRGINIA BEACH, VA
(36.837897, -75.993569)"
2016024155.0,06/15/2016,1315,WED,COLECHESTER RD,01.00 Miles From,1.0,122.0,3,ON ROADWAY,NO ADVERSE CONDITION (CLEAR/CLOUDY),DAYLIGHT,NO TRAFFIC CONTROL DEVICE PRESENT,NO TRAFFIC CONTROL,STRAIGHT-LEVEL,DRY,"BLACKTOP, ASPHALT, BITUMINOUS","TWO-WAY, NOT DIVIDED",NO DEFECTS,NON-INTERSECTION,NOT AT INTERSECTION,NO,,,,NO,REAR END,"1199 SANDBRIDGE RD
VIRGINIA BEACH, VA
(36.730686, -75.979192)"
2016025991.0,06/26/2016,1300,SUN,16TH ST,Yes,2.0,227.0,2,ON ROADWAY,NO ADVERSE CONDITION (CLEAR/CLOUDY),DAYLIGHT,YES-WORKING,TRAFFIC LANES MARKED,STRAIGHT-LEVEL,DRY,"BLACKTOP, ASPHALT, BITUMINOUS","TWO-WAY, NOT DIVIDED",NO DEFECTS,WITHIN INTERSECTION,FOUR APPROACHES,NO,,,,NO,ANGLE,"1600 PACIFIC AV
VIRGINIA BEACH, VA
(36.84415, -75.975239)"
2016022426.0,06/04/2016,1230,SAT,MUDDY CREEK RD N,00.25 Miles From,1.0,121.0,1,ON ROADWAY,NO ADVERSE CONDITION (CLEAR/CLOUDY),DAYLIGHT,YES-WORKING,TRAFFIC LANES MARKED,CURVE-LEVEL,OIL/OTHER FLUIDS,"BLACKTOP, ASPHALT, BITUMINOUS","TWO-WAY, NOT DIVIDED",SLICK PAVEMENT,NON-INTERSECTION,NOT AT INTERSECTION,NO,,,,NO,NON-COLLISION,"1500 INDIAN RIVER RD
VIRGINIA BEACH, VA
(36.711957, -75.999009)"
2016021487.0,05/29/2016,1534,SUN,RIVERSIDE DR,Yes,4.0,424.0,3,ON ROADWAY,RAIN,DAYLIGHT,YES-WORKING,TRAFFIC LANES MARKED,STRAIGHT-LEVEL,WET,"BLACKTOP, ASPHALT, BITUMINOUS","TWO-WAY, DIVIDED, UNPROTECTED MEDIAN",NO DEFECTS,NON-INTERSECTION,NOT AT INTERSECTION,NO,,,,NO,REAR END,"1798 LYNNHAVEN PW
VIRGINIA BEACH, VA
(36.795085, -76.109968)"
2016007101.0,02/24/2016,2226,WED,299 KELLAM RD,Yes,3.0,323.0,2,ON ROADWAY,RAIN,DUSK,YES-WORKING,TRAFFIC SIGNAL,STRAIGHT-LEVEL,WET,"BLACKTOP, ASPHALT, BITUMINOUS","TWO-WAY, DIVIDED, POSITIVE MEDIAN BARRIER",NO DEFECTS,WITHIN INTERSECTION,THREE APPROACHES,NO,,,,NO,ANGLE,"4801 VIRGINIA BEACH BL
VIRGINIA BEACH, VA
(36.843519, -76.141918)"
2016020936.0,05/26/2016,1558,THU,ATLANTIC AV,Yes,2.0,220.0,2,ON ROADWAY,NO ADVERSE CONDITION (CLEAR/CLOUDY),DAYLIGHT,YES-WORKING,TRAFFIC SIGNAL,CURVE-LEVEL,DRY,"BLACKTOP, ASPHALT, BITUMINOUS","TWO-WAY, DIVIDED, UNPROTECTED MEDIAN",NO DEFECTS,INTERSECTION-RELATED-WITHIN 150`,THREE APPROACHES,NO,,,,NO,REAR END,"199 83RD ST
VIRGINIA BEACH, VA
(36.908221, -75.992208)"
2016025183.0,06/21/2016,1716,TUE,PINE ST,Yes,3.0,322.0,0,ON ROADWAY,NO ADVERSE CONDITION (CLEAR/CLOUDY),DAYLIGHT,YES-WORKING,STOP SIGN,STRAIGHT-LEVEL,DRY,CONCRETE,"TWO-WAY, NOT DIVIDED",NO DEFECTS,WITHIN INTERSECTION,THREE APPROACHES,NO,,,,NO,ANGLE,"3700 BONNEY RD
VIRGINIA BEACH, VA
(36.839374, -76.099513)"
2016020790.0,05/25/2016,1743,WED,300 MALIBU DRIVE,Yes,3.0,321.0,0,ON ROADWAY,NO ADVERSE CONDITION (CLEAR/CLOUDY),DAYLIGHT,YES-WORKING,TRAFFIC LANES MARKED,STRAIGHT-LEVEL,DRY,"BLACKTOP, ASPHALT, BITUMINOUS","TWO-WAY, DIVIDED, UNPROTECTED MEDIAN",NO DEFECTS,INTERSECTION-RELATED-WITHIN 150`,FOUR APPROACHES,NO,,,,NO,ANGLE,"3599 VIRGINIA BEACH BLVD
VIRGINIA BEACH, VA
(36.840679, -76.095224)"
2016024304.0,06/16/2016,1239,THU,OLD GREAT NECK RD,,2.0,222.0,2,ON ROADWAY,RAIN,DAYLIGHT,YES-WORKING,STOP SIGN,STRAIGHT-LEVEL,WET,CONCRETE,"TWO-WAY, DIVIDED, UNPROTECTED MEDIAN",NO DEFECTS,WITHIN INTERSECTION,THREE APPROACHES,NO,,,,NO,ANGLE,"325 GREAT NECK RD
VIRGINIA BEACH, VA
(36.84313, -76.048002)"
2016007963.0,03/02/2016,706,WED,PLAZA TL N,Yes,3.0,321.0,3,ON ROADWAY,NO ADVERSE CONDITION (CLEAR/CLOUDY),DAYLIGHT,YES-WORKING,TRAFFIC SIGNAL,STRAIGHT-LEVEL,DRY,"BLACKTOP, ASPHALT, BITUMINOUS","TWO-WAY, DIVIDED, UNPROTECTED MEDIAN",NO DEFECTS,WITHIN INTERSECTION,FOUR APPROACHES,NO,,,,NO,HEAD ON,"3300 VIRGINIA BEACH BL
VIRGINIA BEACH, VA
(36.842183, -76.086454)"
2016026131.0,06/27/2016,1210,MON,REPUBLIC RD,Yes,2.0,222.0,2,ON ROADWAY,NO ADVERSE CONDITION (CLEAR/CLOUDY),DAYLIGHT,YES-WORKING,TRAFFIC SIGNAL,STRAIGHT-LEVEL,DRY,"BLACKTOP, ASPHALT, BITUMINOUS","TWO-WAY, DIVIDED, POSITIVE MEDIAN BARRIER",NO DEFECTS,INTERSECTION-RELATED-WITHIN 150`,FOUR APPROACHES,NO,,,,NO,REAR END,"800 FIRST COLONIAL RD
VIRGINIA BEACH, VA
(36.853143, -76.022675)"
2016026683.0,06/30/2016,1415,THU,WILDWOOD DR,Yes,2.0,223.0,2,ON ROADWAY,NO ADVERSE CONDITION (CLEAR/CLOUDY),DAYLIGHT,YES-WORKING,TRAFFIC SIGNAL,STRAIGHT-LEVEL,DRY,"BLACKTOP, ASPHALT, BITUMINOUS","TWO-WAY, DIVIDED, UNPROTECTED MEDIAN",NO DEFECTS,WITHIN INTERSECTION,THREE APPROACHES,NO,,,,NO,ANGLE,"1000 FIRST COLONIAL RD
VIRGINIA BEACH, VA
(36.861525, -76.027124)"
2016027605.0,07/05/2016,1829,TUE,BUDDING AV S,Yes,3.0,322.0,2,ON ROADWAY,NO ADVERSE CONDITION (CLEAR/CLOUDY),DAYLIGHT,YES-WORKING,STOP SIGN,STRAIGHT-LEVEL,DRY,"BLACKTOP, ASPHALT, BITUMINOUS","TWO-WAY, DIVIDED, UNPROTECTED MEDIAN",NO DEFECTS,WITHIN INTERSECTION,FOUR APPROACHES,NO,,,,NO,ANGLE,"4201 BONNEY RD
VIRGINIA BEACH, VA
(36.838041, -76.119849)"
2016023868.0,06/13/2016,1330,MON,INDIAN RIVER RD,Yes,4.0,422.0,3,ON ROADWAY,NO ADVERSE CONDITION (CLEAR/CLOUDY),DAYLIGHT,YES-WORKING,TRAFFIC SIGNAL,STRAIGHT-LEVEL,DRY,"BLACKTOP, ASPHALT, BITUMINOUS","TWO-WAY, DIVIDED, UNPROTECTED MEDIAN",NO DEFECTS,INTERSECTION-RELATED-WITHIN 150`,FOUR APPROACHES,NO,,,,NO,REAR END,"1400 KEMPSVILLE RD
VIRGINIA BEACH, VA
(36.797474, -76.174796)"
2016019358.0,05/17/2016,2019,TUE,900 PINEY BRANCH LA,Yes,2.0,226.0,3,ON ROADWAY,NO ADVERSE CONDITION (CLEAR/CLOUDY),DARKNESS-ROAD LIGHTED,NO TRAFFIC CONTROL DEVICE PRESENT,NO TRAFFIC CONTROL,CURVE-LEVEL,DRY,"BLACKTOP, ASPHALT, BITUMINOUS","TWO-WAY, NOT DIVIDED",NO DEFECTS,WITHIN INTERSECTION,THREE APPROACHES,NO,,,,NO,FIXED OBJECT-OFF ROAD,"900 ORIOLE DR S
VIRGINIA BEACH, VA
(36.854191, -75.988073)"
2016003123.0,01/26/2016,630,TUE,GREENWELL RD,Yes,3.0,329.0,2,ON ROADWAY,NO ADVERSE CONDITION (CLEAR/CLOUDY),DAWN,YES-WORKING,TRAFFIC LANES MARKED,STRAIGHT-LEVEL,DRY,"BLACKTOP, ASPHALT, BITUMINOUS","TWO-WAY, DIVIDED, UNPROTECTED MEDIAN",NO DEFECTS,WITHIN INTERSECTION,FOUR APPROACHES,NO,,,,NO,REAR END,"4500 SHORE DR
VIRGINIA BEACH, VA
(36.90409, -76.127642)"
2016023873.0,06/13/2016,1309,MON,EUREKA AV,Yes,3.0,320.0,3,ON ROADWAY,NO ADVERSE CONDITION (CLEAR/CLOUDY),DAYLIGHT,YES-WORKING,TRAFFIC LANES MARKED,STRAIGHT-LEVEL,DRY,"BLACKTOP, ASPHALT, BITUMINOUS","TWO-WAY, DIVIDED, UNPROTECTED MEDIAN",NO DEFECTS,WITHIN INTERSECTION,FOUR APPROACHES,NO,,,,NO,REAR END,"2599 VIRGINIA BEACH BL
VIRGINIA BEACH, VA
(36.840904, -76.06139)"
2016026658.0,06/30/2016,1052,THU,WILL O WISP DR,Yes,2.0,223.0,2,ON ROADWAY,NO ADVERSE CONDITION (CLEAR/CLOUDY),DAYLIGHT,NO TRAFFIC CONTROL DEVICE PRESENT,TRAFFIC LANES MARKED,STRAIGHT-LEVEL,DRY,"BLACKTOP, ASPHALT, BITUMINOUS","TWO-WAY, DIVIDED, UNPROTECTED MEDIAN",NO DEFECTS,INTERSECTION-RELATED-WITHIN 150`,THREE APPROACHES,NO,,,,NO,REAR END,"1000 FIRST COLONIAL RD
VIRGINIA BEACH, VA
(36.861525, -76.027124)"
2016022815.0,06/06/2016,1916,MON,KINGS ARMS DR,Yes,1.0,126.0,2,ON ROADWAY,NO ADVERSE CONDITION (CLEAR/CLOUDY),DAYLIGHT,YES-WORKING,STOP SIGN,STRAIGHT-LEVEL,DRY,"BLACKTOP, ASPHALT, BITUMINOUS","TWO-WAY, DIVIDED, UNPROTECTED MEDIAN",NO DEFECTS,WITHIN INTERSECTION,THREE APPROACHES,NO,,,,NO,ANGLE,"989 LYNNHAVEN PW
VIRGINIA BEACH, VA
(36.807823, -76.076766)"
2016027010.0,07/02/2016,1335,SAT,200 63RD ST,Yes,2.0,226.0,2,ON ROADWAY,NO ADVERSE CONDITION (CLEAR/CLOUDY),DAYLIGHT,NO TRAFFIC CONTROL DEVICE PRESENT,NO TRAFFIC CONTROL,STRAIGHT-LEVEL,DRY,"BLACKTOP, ASPHALT, BITUMINOUS","TWO-WAY, NOT DIVIDED",NO DEFECTS,WITHIN INTERSECTION,THREE APPROACHES,NO,,,,NO,REAR END,"6300 ATLANTIC AV
VIRGINIA BEACH, VA
(36.888308, -75.988073)"
2016023019.0,06/08/2016,413,WED,5099 SOUTHERN BL,Yes,3.0,324.0,2,ON ROADWAY,NO ADVERSE CONDITION (CLEAR/CLOUDY),DARKNESS-ROAD LIGHTED,YES-WORKING,TRAFFIC LANES MARKED,STRAIGHT-LEVEL,DRY,"BLACKTOP, ASPHALT, BITUMINOUS","TWO-WAY, NOT DIVIDED",NO DEFECTS,WITHIN INTERSECTION,FOUR APPROACHES,YES,WITH NO LAW ENFORCEMENT,ACTIVITY AREA,LANE CLOSURE,YES,REAR END,"101 WITCHDUCK RD N
VIRGINIA BEACH, VA
(36.840946, -76.158562)"
2016024124.0,06/15/2016,700,WED,LONDON BRIDGE RD,Yes,2.0,228.0,2,ON ROADWAY,NO ADVERSE CONDITION (CLEAR/CLOUDY),DAYLIGHT,YES-WORKING,TRAFFIC SIGNAL,STRAIGHT-LEVEL,DRY,"BLACKTOP, ASPHALT, BITUMINOUS","TWO-WAY, DIVIDED, POSITIVE MEDIAN BARRIER",NO DEFECTS,WITHIN INTERSECTION,FOUR APPROACHES,NO,,,,NO,ANGLE,"2298 DAM NECK RD
VIRGINIA BEACH, VA
(36.784722, -76.049663)"
2016006349.0,02/19/2016,1917,FRI,WEAVER DR,Yes,3.0,325.0,2,ON ROADWAY,NO ADVERSE CONDITION (CLEAR/CLOUDY),DARKNESS-ROAD LIGHTED,YES-WORKING,STOP SIGN,STRAIGHT-LEVEL,DRY,"BLACKTOP, ASPHALT, BITUMINOUS","TWO-WAY, DIVIDED, UNPROTECTED MEDIAN",NO DEFECTS,WITHIN INTERSECTION,TWO APPROACHES,NO,,,,NO,SIDESWIPE-SAME DIRECTION,"400 WITCHDUCK N RD
VIRGINIA BEACH, VA
(36.849045, -76.15516)"
2016022884.0,06/07/2016,1000,TUE,64E,Yes,1.0,125.0,1,MEDIAN,NO ADVERSE CONDITION (CLEAR/CLOUDY),DAYLIGHT,YES-WORKING,TRAFFIC LANES MARKED,GRADE-CURVE,WET,CONCRETE,"TWO-WAY, DIVIDED, UNPROTECTED MEDIAN",NO DEFECTS,OTHER LOCATION NOT LISTED ABOVE W/I AN INTERC,TWO APPROACHES,NO,,,,NO,FIXED OBJECT IN ROAD,"5700 INDIAN RIVER
VIRGINIA BEACH, VA
(36.805585, -76.191572)"
2016024948.0,06/20/2016,1200,MON,264 NO,Yes,4.0,427.0,2,ON ROADWAY,NO ADVERSE CONDITION (CLEAR/CLOUDY),DAYLIGHT,YES-WORKING,TRAFFIC SIGNAL,STRAIGHT-LEVEL,DRY,"BLACKTOP, ASPHALT, BITUMINOUS","TWO-WAY, DIVIDED, UNPROTECTED MEDIAN",NO DEFECTS,WITHIN INTERSECTION,THREE APPROACHES,NO,,,,NO,ANGLE,"147 ROSEMONT RD S
VIRGINIA BEACH, VA
(36.836625, -76.096365)"
2016021089.0,05/27/2016,1425,FRI,INDEPENDENCE CI,Yes,3.0,328.0,3,ON ROADWAY,NO ADVERSE CONDITION (CLEAR/CLOUDY),DAYLIGHT,YES-WORKING,TRAFFIC LANES MARKED,STRAIGHT-LEVEL,DRY,"BLACKTOP, ASPHALT, BITUMINOUS","TWO-WAY, DIVIDED, UNPROTECTED MEDIAN",NO DEFECTS,WITHIN INTERSECTION,THREE APPROACHES,NO,,,,NO,ANGLE,"690 INDEPENDENCE BL
VIRGINIA BEACH, VA
(36.861189, -76.132398)"