CASE Number,Accident Date,Accident Time,Day of Week,Nearest Street,At Intersection,Precinct,Zone ID,Number of Vehicles Involved,Location of First Harmful Event,Weather Condition,Light Conditions,Traffic Control Device,Traffic Control Type,Roadway Alignment,Roadway Surface Condition,Roadway Surface type,Roadway Description,Roadway defects,Relation to Roadway,Intersection Type,Work Zone Related,Workers Present in Work Zone,Work Zone Location,Work Zone Type,School Zone,Type of Collision,Location 1
2016049911.0,12/05/2016,1815,MON,NS TOMCAT BL,Yes,2.0,228.0,2,ON ROADWAY,NO ADVERSE CONDITION (CLEAR/CLOUDY),DARKNESS-ROAD LIGHTED,YES-WORKING,TRAFFIC SIGNAL,CURVE-LEVEL,DRY,CONCRETE,"TWO-WAY, DIVIDED, UNPROTECTED MEDIAN",NO DEFECTS,WITHIN INTERSECTION,THREE APPROACHES,NO,,,,NO,REAR END,"998 OCEANA BL
VIRGINIA BEACH, VA
(36.808822, -76.004695)"
2016050234.0,12/08/2016,711,THU,GREAT NECK RD N,Yes,2.0,221.0,3,ON ROADWAY,NO ADVERSE CONDITION (CLEAR/CLOUDY),DAYLIGHT,YES-WORKING,TRAFFIC SIGNAL,STRAIGHT-LEVEL,DRY,"BLACKTOP, ASPHALT, BITUMINOUS","TWO-WAY, DIVIDED, UNPROTECTED MEDIAN",NO DEFECTS,WITHIN INTERSECTION,FOUR APPROACHES,NO,,,,NO,SIDESWIPE-SAME DIRECTION,"2198 FIRST COLONIAL RD
VIRGINIA BEACH, VA
(36.874214, -76.039482)"
2016047447.0,11/17/2016,1610,THU,KENSINGTON ST,Yes,3.0,320.0,2,ON ROADWAY,NO ADVERSE CONDITION (CLEAR/CLOUDY),DAYLIGHT,YES-WORKING,STOP SIGN,STRAIGHT-LEVEL,DRY,"BLACKTOP, ASPHALT, BITUMINOUS","TWO-WAY, NOT DIVIDED",NO DEFECTS,WITHIN INTERSECTION,FOUR APPROACHES,NO,,,,NO,ANGLE,"704 KINGS GRANT RD
VIRGINIA BEACH, VA
(36.856291, -76.083416)"
2016050383.0,12/09/2016,1242,FRI,1800 KEMPSVILLE RD,Yes,4.0,421.0,2,ON ROADWAY,NO ADVERSE CONDITION (CLEAR/CLOUDY),DAYLIGHT,YES-WORKING,TRAFFIC SIGNAL,STRAIGHT-LEVEL,DRY,"BLACKTOP, ASPHALT, BITUMINOUS","TWO-WAY, DIVIDED, POSITIVE MEDIAN BARRIER",NO DEFECTS,WITHIN INTERSECTION,FOUR APPROACHES,NO,,,,NO,ANGLE,"1800 CENTERVILLE TP
VIRGINIA BEACH, VA
(36.785677, -76.194805)"
2016050177.0,12/07/2016,1915,WED,LYNN SHORES DR,Yes,3.0,322.0,0,ON ROADWAY,NO ADVERSE CONDITION (CLEAR/CLOUDY),DARKNESS-ROAD LIGHTED,YES-WORKING,TRAFFIC SIGNAL,STRAIGHT-LEVEL,DRY,"BLACKTOP, ASPHALT, BITUMINOUS","TWO-WAY, DIVIDED, UNPROTECTED MEDIAN",NO DEFECTS,INTERSECTION-RELATED-WITHIN 150`,FOUR APPROACHES,NO,,,,NO,REAR END,"3900 VIRGINIA BEACH BL
VIRGINIA BEACH, VA
(36.840441, -76.110011)"
2016046588.0,11/11/2016,1021,FRI,5699 CONNIE LA,Yes,3.0,325.0,0,ON ROADWAY,NO ADVERSE CONDITION (CLEAR/CLOUDY),DAYLIGHT,YES-WORKING,STOP SIGN,STRAIGHT-LEVEL,DRY,"BLACKTOP, ASPHALT, BITUMINOUS","TWO-WAY, NOT DIVIDED",NO DEFECTS,WITHIN INTERSECTION,FOUR APPROACHES,NO,,,,NO,ANGLE,"635 NEWTOWN RD
VIRGINIA BEACH, VA
(36.860847, -76.174131)"
2016045508.0,11/03/2016,1325,THU,INDEPENDENCE BL S,Yes,4.0,426.0,2,ON ROADWAY,NO ADVERSE CONDITION (CLEAR/CLOUDY),DAYLIGHT,YES-WORKING,TRAFFIC SIGNAL,STRAIGHT-LEVEL,DRY,"BLACKTOP, ASPHALT, BITUMINOUS","TWO-WAY, DIVIDED, UNPROTECTED MEDIAN",NO DEFECTS,WITHIN INTERSECTION,FOUR APPROACHES,NO,,,,NO,REAR END,"4700 BAXTER RD
VIRGINIA BEACH, VA
(36.830638, -76.138148)"
2016052297.0,12/23/2016,2022,FRI,BALD EAGLE RD,00.25 Miles From,1.0,124.0,2,ON ROADWAY,NO ADVERSE CONDITION (CLEAR/CLOUDY),DARKNESS-ROAD LIGHTED,NO TRAFFIC CONTROL DEVICE PRESENT,NO TRAFFIC CONTROL,STRAIGHT-LEVEL,DRY,"BLACKTOP, ASPHALT, BITUMINOUS","TWO-WAY, NOT DIVIDED",NO DEFECTS,NON-INTERSECTION,NOT AT INTERSECTION,NO,,,,NO,REAR END,"2900 BALD EAGLE BD
VIRGINIA BEACH, VA
(36.77398, -76.06732)"
2016050682.0,12/12/2016,712,MON,CULVER LN,Yes,1.0,122.0,2,ON ROADWAY,NO ADVERSE CONDITION (CLEAR/CLOUDY),DAYLIGHT,YES-WORKING,TRAFFIC SIGNAL,STRAIGHT-LEVEL,DRY,"BLACKTOP, ASPHALT, BITUMINOUS","TWO-WAY, DIVIDED, UNPROTECTED MEDIAN",NO DEFECTS,WITHIN INTERSECTION,FOUR APPROACHES,NO,,,,NO,ANGLE,"1898 GENERAL BOOTH BL
VIRGINIA BEACH, VA
(36.775181, -76.006208)"
2016052180.0,12/22/2016,1800,THU,KINGS GRANT RD,Yes,3.0,321.0,2,ON ROADWAY,NO ADVERSE CONDITION (CLEAR/CLOUDY),DARKNESS-ROAD LIGHTED,YES-WORKING,YIELD SIGN,STRAIGHT-LEVEL,DRY,"BLACKTOP, ASPHALT, BITUMINOUS","TWO-WAY, DIVIDED, UNPROTECTED MEDIAN",NO DEFECTS,WITHIN INTERSECTION,FOUR APPROACHES,NO,,,,NO,ANGLE,"3101 VIRGINIA BEACH BL
VIRGINIA BEACH, VA
(36.843096, -76.078807)"
2016050156.0,12/07/2016,1725,WED,LOUISA AV,Yes,2.0,224.0,3,ON ROADWAY,NO ADVERSE CONDITION (CLEAR/CLOUDY),DARKNESS-ROAD LIGHTED,YES-WORKING,TRAFFIC SIGNAL,CURVE-LEVEL,DRY,"BLACKTOP, ASPHALT, BITUMINOUS","TWO-WAY, DIVIDED, UNPROTECTED MEDIAN",NO DEFECTS,MAIN-LINE ROADWAY,TWO APPROACHES,NO,,,,NO,REAR END,"100 OCEANA BL
VIRGINIA BEACH, VA
(36.838155, -76.016814)"
2016047301.0,11/16/2016,1730,WED,FIR AV S,Yes,3.0,322.0,2,ON ROADWAY,NO ADVERSE CONDITION (CLEAR/CLOUDY),DARKNESS-ROAD LIGHTED,YES-WORKING,TRAFFIC LANES MARKED,STRAIGHT-LEVEL,DRY,"BLACKTOP, ASPHALT, BITUMINOUS","TWO-WAY, NOT DIVIDED",NO DEFECTS,INTERSECTION-RELATED-WITHIN 150`,THREE APPROACHES,NO,,,,NO,SIDESWIPE-SAME DIRECTION,"4300 BONNEY RD BLK
VIRGINIA BEACH, VA
(36.837932, -76.121245)"
2016047882.0,11/20/2016,1304,SUN,ARTHUR AV,Yes,4.0,427.0,2,ON ROADWAY,NO ADVERSE CONDITION (CLEAR/CLOUDY),DAYLIGHT,NO TRAFFIC CONTROL DEVICE PRESENT,NO TRAFFIC CONTROL,STRAIGHT-LEVEL,DRY,"BLACKTOP, ASPHALT, BITUMINOUS","TWO-WAY, DIVIDED, UNPROTECTED MEDIAN",NO DEFECTS,INTERSECTION-RELATED-WITHIN 150`,FOUR APPROACHES,NO,,,,NO,ANGLE,"3600 HOLLAND RD
VIRGINIA BEACH, VA
(36.813638, -76.099614)"
2016046671.0,11/12/2016,2213,SAT,200 20TH ST,Yes,2.0,227.0,2,ON ROADWAY,NO ADVERSE CONDITION (CLEAR/CLOUDY),DARKNESS-ROAD LIGHTED,YES-WORKING,TRAFFIC LANES MARKED,STRAIGHT-LEVEL,DRY,"BLACKTOP, ASPHALT, BITUMINOUS","TWO-WAY, DIVIDED, UNPROTECTED MEDIAN",NO DEFECTS,INTERSECTION-RELATED-OUTSIDE 150`,FOUR APPROACHES,NO,,,,NO,REAR END,"2000 PACIFIC AV
VIRGINIA BEACH, VA
(36.848047, -75.976355)"
2016046686.0,11/11/2016,2342,FRI,600 NEVAN RD,Yes,2.0,223.0,0,ON ROADWAY,NO ADVERSE CONDITION (CLEAR/CLOUDY),DARKNESS-ROAD LIGHTED,NO TRAFFIC CONTROL DEVICE PRESENT,NO TRAFFIC CONTROL,STRAIGHT-LEVEL,DRY,"BLACKTOP, ASPHALT, BITUMINOUS","TWO-WAY, DIVIDED, UNPROTECTED MEDIAN",NO DEFECTS,WITHIN INTERSECTION,THREE APPROACHES,NO,,,,NO,ANGLE,"1600 LASKIN RD
VIRGINIA BEACH, VA
(36.851447, -76.017234)"
2016052047.0,12/21/2016,1748,WED,LYNN SHORES DR,Yes,3.0,322.0,1,ON ROADWAY,NO ADVERSE CONDITION (CLEAR/CLOUDY),DUSK,YES-WORKING,TRAFFIC SIGNAL,STRAIGHT-LEVEL,DRY,"BLACKTOP, ASPHALT, BITUMINOUS","TWO-WAY, DIVIDED, POSITIVE MEDIAN BARRIER",NO DEFECTS,WITHIN INTERSECTION,FOUR APPROACHES,NO,,,,NO,FIXED OBJECT-OFF ROAD,"3899 VIRGINIA BEACH BL
VIRGINIA BEACH, VA
(36.840289, -76.110232)"
2016046814.0,11/12/2016,1758,SAT,LINBAY DR,Yes,2.0,223.0,2,ON ROADWAY,NO ADVERSE CONDITION (CLEAR/CLOUDY),DARKNESS-ROAD LIGHTED,NO TRAFFIC CONTROL DEVICE PRESENT,NO TRAFFIC CONTROL,STRAIGHT-LEVEL,DRY,"BLACKTOP, ASPHALT, BITUMINOUS","TWO-WAY, DIVIDED, UNPROTECTED MEDIAN",NO DEFECTS,WITHIN INTERSECTION,FOUR APPROACHES,NO,,,,NO,ANGLE,"1300 LASKIN RD
VIRGINIA BEACH, VA
(36.852649, -76.004338)"
2016048071.0,11/21/2016,1831,MON,1800 TOWER BRIDGE LO,Yes,1.0,124.0,2,ON ROADWAY,NO ADVERSE CONDITION (CLEAR/CLOUDY),DARKNESS-ROAD LIGHTED,YES-WORKING,TRAFFIC SIGNAL,STRAIGHT-LEVEL,DRY,"BLACKTOP, ASPHALT, BITUMINOUS","TWO-WAY, DIVIDED, UNPROTECTED MEDIAN",NO DEFECTS,WITHIN INTERSECTION,FOUR APPROACHES,NO,,,,NO,ANGLE,"2000 LONDON BRIDGE RD
VIRGINIA BEACH, VA
(36.778861, -76.042239)"
2016050799.0,12/13/2016,2313,TUE,ROUND HILL DR,Yes,4.0,424.0,2,ON ROADWAY,FOG,DARKNESS-ROAD LIGHTED,YES-WORKING,TRAFFIC SIGNAL,STRAIGHT-LEVEL,WET,"BLACKTOP, ASPHALT, BITUMINOUS","TWO-WAY, NOT DIVIDED",NO DEFECTS,WITHIN INTERSECTION,FOUR APPROACHES,NO,,,,NO,ANGLE,"2764 INDEPENDENCE BL S
VIRGINIA BEACH, VA
(36.777052, -76.139342)"
2016049244.0,12/01/2016,716,THU,MEDICAL PW,Yes,1.0,125.0,2,ON ROADWAY,NO ADVERSE CONDITION (CLEAR/CLOUDY),DAYLIGHT,YES-WORKING,STOP SIGN,STRAIGHT-LEVEL,DRY,"BLACKTOP, ASPHALT, BITUMINOUS","TWO-WAY, DIVIDED, UNPROTECTED MEDIAN",NO DEFECTS,WITHIN INTERSECTION,FOUR APPROACHES,NO,,,,YES,ANGLE,"2099 CONCERT DR
VIRGINIA BEACH, VA
(36.774191, -76.100679)"
2016043982.0,10/23/2016,1906,SUN,2099 MILL LANDING RD,Yes,1.0,120.0,2,ON ROADWAY,NO ADVERSE CONDITION (CLEAR/CLOUDY),DARKNESS-ROAD LIGHTED,YES-WORKING,STOP SIGN,STRAIGHT-LEVEL,DRY,"BLACKTOP, ASPHALT, BITUMINOUS","TWO-WAY, NOT DIVIDED",NO DEFECTS,WITHIN INTERSECTION,THREE APPROACHES,NO,,,,NO,ANGLE,"1071 PRINCESS ANNE RD
VIRGINIA BEACH, VA
(36.652951, -76.031384)"
2016045114.0,10/31/2016,1635,MON,WINDSOR OAKS BL,Yes,4.0,428.0,2,ON ROADWAY,NO ADVERSE CONDITION (CLEAR/CLOUDY),DAYLIGHT,YES-WORKING,TRAFFIC SIGNAL,STRAIGHT-LEVEL,DRY,"BLACKTOP, ASPHALT, BITUMINOUS","TWO-WAY, DIVIDED, POSITIVE MEDIAN BARRIER",NO DEFECTS,INTERSECTION-RELATED-WITHIN 150`,FOUR APPROACHES,NO,,,,NO,ANGLE,"3900 HOLLAND RD
VIRGINIA BEACH, VA
(36.816281, -76.109272)"
2016048511.0,11/25/2016,1452,FRI,LINKHORN DR,,2.0,226.0,3,ON ROADWAY,NO ADVERSE CONDITION (CLEAR/CLOUDY),DAYLIGHT,NO TRAFFIC CONTROL DEVICE PRESENT,NO TRAFFIC CONTROL,STRAIGHT-LEVEL,DRY,"BLACKTOP, ASPHALT, BITUMINOUS","TWO-WAY, NOT DIVIDED",NO DEFECTS,MAIN-LINE ROADWAY,NOT AT INTERSECTION,,,,,NO,REAR END,"3900 HOLLY RD
VIRGINIA BEACH, VA
(36.86669, -75.984584)"
2016051490.0,12/17/2016,1651,SAT,BALTIC AV,Yes,2.0,227.0,2,ON ROADWAY,NO ADVERSE CONDITION (CLEAR/CLOUDY),DARKNESS-ROAD LIGHTED,YES-WORKING,TRAFFIC SIGNAL,STRAIGHT-LEVEL,DRY,"BLACKTOP, ASPHALT, BITUMINOUS","ONE-WAY, NOT DIVIDED",NO DEFECTS,WITHIN INTERSECTION,THREE APPROACHES,NO,,,,NO,SIDESWIPE-SAME DIRECTION,"501 21ST ST
VIRGINIA BEACH, VA
(36.848345, -75.980473)"
2016047229.0,11/16/2016,750,WED,CHIMNEY HILL PW,Yes,4.0,428.0,2,ON ROADWAY,NO ADVERSE CONDITION (CLEAR/CLOUDY),DAYLIGHT,YES-WORKING,TRAFFIC SIGNAL,STRAIGHT-LEVEL,DRY,"BLACKTOP, ASPHALT, BITUMINOUS","TWO-WAY, DIVIDED, UNPROTECTED MEDIAN",NO DEFECTS,WITHIN INTERSECTION,FOUR APPROACHES,NO,,,,NO,ANGLE,"3700 HOLLAND RD
VIRGINIA BEACH, VA
(36.814199, -76.101181)"
2016042765.0,10/15/2016,1518,SAT,HUNTING HORN WY,Yes,1.0,124.0,1,ROADSIDE,NO ADVERSE CONDITION (CLEAR/CLOUDY),DAYLIGHT,NO TRAFFIC CONTROL DEVICE PRESENT,NO TRAFFIC CONTROL,CURVE-LEVEL,DRY,"BLACKTOP, ASPHALT, BITUMINOUS","TWO-WAY, NOT DIVIDED",NO DEFECTS,INTERSECTION-RELATED-WITHIN 150`,TWO APPROACHES,NO,,,,NO,FIXED OBJECT-OFF ROAD,"2499 HUNTS NECK TL
VIRGINIA BEACH, VA
(36.764929, -76.023691)"
2016047324.0,11/16/2016,1922,WED,GREAT NECK RD N,,2.0,222.0,2,ON ROADWAY,NO ADVERSE CONDITION (CLEAR/CLOUDY),DARKNESS-ROAD LIGHTED,YES-WORKING,TRAFFIC SIGNAL,STRAIGHT-LEVEL,DRY,"BLACKTOP, ASPHALT, BITUMINOUS","TWO-WAY, DIVIDED, POSITIVE MEDIAN BARRIER",NO DEFECTS,INTERSECTION-RELATED-WITHIN 150`,FOUR APPROACHES,NO,,,,NO,OTHER,"2200 VIRGINIA BEACH BL
VIRGINIA BEACH, VA
(36.842513, -76.04478)"
2016046684.0,11/11/2016,2330,FRI,22ND ST,Yes,2.0,227.0,0,ON ROADWAY,NO ADVERSE CONDITION (CLEAR/CLOUDY),DARKNESS-ROAD LIGHTED,YES-WORKING,TRAFFIC SIGNAL,STRAIGHT-LEVEL,DRY,"BLACKTOP, ASPHALT, BITUMINOUS","TWO-WAY, NOT DIVIDED",NO DEFECTS,WITHIN INTERSECTION,THREE APPROACHES,NO,,,,NO,ANGLE,"2200 PACIFIC AV
VIRGINIA BEACH, VA
(36.8503, -75.976966)"
2016048136.0,11/22/2016,1044,TUE,1300 BAKER RD,Yes,3.0,331.0,2,ON ROADWAY,NO ADVERSE CONDITION (CLEAR/CLOUDY),DAYLIGHT,YES-WORKING,STOP SIGN,STRAIGHT-LEVEL,DRY,"BLACKTOP, ASPHALT, BITUMINOUS","TWO-WAY, NOT DIVIDED",NO DEFECTS,WITHIN INTERSECTION,FOUR APPROACHES,NO,,,,NO,ANGLE,"5728 WARD AV
VIRGINIA BEACH, VA
(36.89144, -76.183856)"
2016047437.0,11/17/2016,1500,THU,WITCHDUCK RD,Yes,3.0,325.0,2,ON ROADWAY,NO ADVERSE CONDITION (CLEAR/CLOUDY),DAYLIGHT,YES-WORKING,TRAFFIC SIGNAL,STRAIGHT-LEVEL,DRY,"BLACKTOP, ASPHALT, BITUMINOUS","TWO-WAY, DIVIDED, UNPROTECTED MEDIAN",NO DEFECTS,WITHIN INTERSECTION,FOUR APPROACHES,NO,,,,NO,ANGLE,"5070 VIRGINIA BEACH BL
VIRGINIA BEACH, VA
(36.845386, -76.155504)"
2016044811.0,10/29/2016,1150,SAT,RIVER RD,Yes,2.0,221.0,2,ON ROADWAY,NO ADVERSE CONDITION (CLEAR/CLOUDY),DAYLIGHT,YES-WORKING,STOP SIGN,STRAIGHT-LEVEL,DRY,"BLACKTOP, ASPHALT, BITUMINOUS","TWO-WAY, DIVIDED, UNPROTECTED MEDIAN",NO DEFECTS,WITHIN INTERSECTION,FOUR APPROACHES,NO,,,,NO,ANGLE,"1801 GREAT NECK RD N
VIRGINIA BEACH, VA
(36.89377, -76.058351)"
2016048870.0,11/28/2016,1507,MON,ROSEMONT RD S,Yes,1.0,128.0,3,ON ROADWAY,NO ADVERSE CONDITION (CLEAR/CLOUDY),DAYLIGHT,YES-WORKING,TRAFFIC SIGNAL,STRAIGHT-LEVEL,DRY,"BLACKTOP, ASPHALT, BITUMINOUS","TWO-WAY, DIVIDED, POSITIVE MEDIAN BARRIER",NO DEFECTS,INTERSECTION-RELATED-WITHIN 150`,FOUR APPROACHES,NO,,,,YES,REAR END,"1500 LYNNHAVEN PW
VIRGINIA BEACH, VA
(36.795372, -76.098737)"
2016045822.0,11/05/2016,1345,SAT,VIRGINIA BEACH BL,Yes,2.0,224.0,2,ON ROADWAY,NO ADVERSE CONDITION (CLEAR/CLOUDY),DAYLIGHT,YES-WORKING,TRAFFIC SIGNAL,STRAIGHT-LEVEL,DRY,"BLACKTOP, ASPHALT, BITUMINOUS","TWO-WAY, DIVIDED, POSITIVE MEDIAN BARRIER",NO DEFECTS,WITHIN INTERSECTION,FOUR APPROACHES,NO,,,,NO,SIDESWIPE-SAME DIRECTION,"298 FIRST COLONIAL RD
VIRGINIA BEACH, VA
(36.841677, -76.021216)"
2016043854.0,10/22/2016,2030,SAT,ORKNEY DR,Yes,4.0,425.0,2,ON ROADWAY,NO ADVERSE CONDITION (CLEAR/CLOUDY),DARKNESS-ROAD LIGHTED,YES-WORKING,TRAFFIC LANES MARKED,STRAIGHT-LEVEL,DRY,"BLACKTOP, ASPHALT, BITUMINOUS","TWO-WAY, NOT DIVIDED",NO DEFECTS,INTERSECTION-RELATED-WITHIN 150`,FOUR APPROACHES,NO,,,,NO,ANGLE,"4847 PROVIDENCE RD
VIRGINIA BEACH, VA
(36.807138, -76.148965)"
2016045781.0,11/05/2016,605,SAT,3600 FARMWOOD CT,Yes,4.0,424.0,1,ON ROADWAY,NO ADVERSE CONDITION (CLEAR/CLOUDY),DAYLIGHT,YES-WORKING,TRAFFIC LANES MARKED,STRAIGHT-LEVEL,DRY,"BLACKTOP, ASPHALT, BITUMINOUS","TWO-WAY, DIVIDED, UNPROTECTED MEDIAN",NO DEFECTS,INTERSECTION-RELATED-WITHIN 150`,FOUR APPROACHES,NO,,,,NO,FIXED OBJECT-OFF ROAD,"2400 ROUND HILL DR
VIRGINIA BEACH, VA
(36.767211, -76.137081)"
2016045034.0,10/31/2016,800,MON,LYNNHAVEN PW,Yes,4.0,426.0,2,ON ROADWAY,NO ADVERSE CONDITION (CLEAR/CLOUDY),DAYLIGHT,YES-WORKING,TRAFFIC SIGNAL,STRAIGHT-LEVEL,DRY,"BLACKTOP, ASPHALT, BITUMINOUS","TWO-WAY, DIVIDED, UNPROTECTED MEDIAN",NO DEFECTS,WITHIN INTERSECTION,FOUR APPROACHES,NO,,,,NO,REAR END,"1600 INDEPENDENCE BL S
VIRGINIA BEACH, VA
(36.813195, -76.125032)"
2016045740.0,11/04/2016,2206,FRI,TOWER BRIDGE LP,Yes,1.0,124.0,2,ON ROADWAY,NO ADVERSE CONDITION (CLEAR/CLOUDY),DARKNESS-ROAD LIGHTED,YES-WORKING,TRAFFIC SIGNAL,STRAIGHT-LEVEL,DRY,"BLACKTOP, ASPHALT, BITUMINOUS","TWO-WAY, DIVIDED, UNPROTECTED MEDIAN",NO DEFECTS,WITHIN INTERSECTION,FOUR APPROACHES,NO,,,,NO,SIDESWIPE-SAME DIRECTION,"2000 LONDON BRIDGE RD
VIRGINIA BEACH, VA
(36.778861, -76.042239)"
2016048809.0,11/28/2016,830,MON,PARKLAND LA,Yes,4.0,421.0,3,ON ROADWAY,NO ADVERSE CONDITION (CLEAR/CLOUDY),DAYLIGHT,YES-WORKING,TRAFFIC SIGNAL,STRAIGHT-LEVEL,DRY,"BLACKTOP, ASPHALT, BITUMINOUS","TWO-WAY, DIVIDED, UNPROTECTED MEDIAN",NO DEFECTS,WITHIN INTERSECTION,FOUR APPROACHES,NO,,,,NO,REAR END,"5500 INDIAN RIVER RD
VIRGINIA BEACH, VA
(36.800953, -76.181782)"
2016044967.0,10/30/2016,1534,SUN,1342 LONDON BRIDGE RD,Yes,1.0,124.0,2,ON ROADWAY,NO ADVERSE CONDITION (CLEAR/CLOUDY),DAYLIGHT,YES-WORKING,STOP SIGN,STRAIGHT-LEVEL,DRY,"BLACKTOP, ASPHALT, BITUMINOUS","TWO-WAY, DIVIDED, POSITIVE MEDIAN BARRIER",NO DEFECTS,WITHIN INTERSECTION,FOUR APPROACHES,NO,,,,NO,REAR END,"2799 SONIC DR
VIRGINIA BEACH, VA
(36.799999, -76.065028)"
2016049089.0,11/30/2016,854,WED,BONNEY RD,Yes,4.0,423.0,3,ON ROADWAY,NO ADVERSE CONDITION (CLEAR/CLOUDY),DAYLIGHT,YES-WORKING,TRAFFIC LANES MARKED,STRAIGHT-LEVEL,WET,"BLACKTOP, ASPHALT, BITUMINOUS","TWO-WAY, DIVIDED, UNPROTECTED MEDIAN",NO DEFECTS,INTERSECTION-RELATED-WITHIN 150`,FOUR APPROACHES,NO,,,,NO,REAR END,"4700 BAXTER RD
VIRGINIA BEACH, VA
(36.830638, -76.138148)"
2016048054.0,11/21/2016,1614,MON,2200 LAKESIDE DR N,Yes,2.0,221.0,2,ON ROADWAY,NO ADVERSE CONDITION (CLEAR/CLOUDY),DAYLIGHT,YES-WORKING,STOP SIGN,STRAIGHT-LEVEL,DRY,"BLACKTOP, ASPHALT, BITUMINOUS","TWO-WAY, DIVIDED, UNPROTECTED MEDIAN",NO DEFECTS,WITHIN INTERSECTION,FOUR APPROACHES,NO,,,,NO,ANGLE,"1300 GREAT NECK RD N
VIRGINIA BEACH, VA
(36.874556, -76.039505)"
2016048408.0,11/24/2016,1335,THU,35TH ST,Yes,2.0,227.0,2,ON ROADWAY,MIST,DAYLIGHT,YES-WORKING,STOP SIGN,STRAIGHT-LEVEL,WET,"BLACKTOP, ASPHALT, BITUMINOUS","TWO-WAY, DIVIDED, UNPROTECTED MEDIAN",NO DEFECTS,MAIN-LINE ROADWAY,FOUR APPROACHES,NO,,,,NO,ANGLE,"3499 PACIFIC AV
VIRGINIA BEACH, VA
(36.863009, -75.980269)"
2016048778.0,11/27/2016,1820,SUN,BERRY PICK LA,99999 Feet From,3.0,327.0,2,ON ROADWAY,NO ADVERSE CONDITION (CLEAR/CLOUDY),DARKNESS-ROAD LIGHTED,NO TRAFFIC CONTROL DEVICE PRESENT,NO TRAFFIC CONTROL,STRAIGHT-LEVEL,DRY,"BLACKTOP, ASPHALT, BITUMINOUS","TWO-WAY, NOT DIVIDED",NO DEFECTS,NON-INTERSECTION,NOT AT INTERSECTION,NO,,,,NO,SIDESWIPE-SAME DIRECTION,"5000 HOLLY FARMS DR
VIRGINIA BEACH, VA
(36.855613, -76.155046)"
2016050621.0,12/11/2016,1525,SUN,1900 INDEPENDENCE BL,00.20 Miles From,3.0,329.0,1,SHOULDER,NO ADVERSE CONDITION (CLEAR/CLOUDY),DAYLIGHT,NO TRAFFIC CONTROL DEVICE PRESENT,NO TRAFFIC CONTROL,ON/OFF RAMP,DRY,"BLACKTOP, ASPHALT, BITUMINOUS","TWO-WAY, DIVIDED, UNPROTECTED MEDIAN",NO DEFECTS,ON ENTRANCE/EXIT RAMP,NOT AT INTERSECTION,NO,,,,NO,OTHER,"4973 NORTHAMPTON BL
VIRGINIA BEACH, VA
(36.894988, -76.156502)"
2016045237.0,11/01/2016,1441,TUE,LONDON BRIDGE RD,Yes,1.0,124.0,2,ON ROADWAY,NO ADVERSE CONDITION (CLEAR/CLOUDY),DAYLIGHT,YES-WORKING,YIELD SIGN,STRAIGHT-LEVEL,DRY,CONCRETE,"TWO-WAY, DIVIDED, POSITIVE MEDIAN BARRIER",NO DEFECTS,WITHIN INTERSECTION,FOUR APPROACHES,NO,,,,NO,SIDESWIPE-SAME DIRECTION,"2301 DAM NECK RD
VIRGINIA BEACH, VA
(36.784539, -76.049689)"
2016048007.0,11/21/2016,1116,MON,GENERAL BOOTH BL,Yes,1.0,123.0,2,ON ROADWAY,NO ADVERSE CONDITION (CLEAR/CLOUDY),DAYLIGHT,YES-WORKING,TRAFFIC SIGNAL,STRAIGHT-LEVEL,DRY,"BLACKTOP, ASPHALT, BITUMINOUS","TWO-WAY, NOT DIVIDED",NO DEFECTS,WITHIN INTERSECTION,FOUR APPROACHES,NO,,,,NO,REAR END,"1072 DAM NECK
VIRGINIA BEACH, VA
(36.786137, -75.997641)"
2016046148.0,11/07/2016,1953,MON,SKYLARK AV,Yes,1.0,124.0,2,ON ROADWAY,NO ADVERSE CONDITION (CLEAR/CLOUDY),DARKNESS-ROAD LIGHTED,YES-WORKING,TRAFFIC LANES MARKED,STRAIGHT-LEVEL,DRY,"BLACKTOP, ASPHALT, BITUMINOUS","TWO-WAY, DIVIDED, UNPROTECTED MEDIAN",NO DEFECTS,WITHIN INTERSECTION,THREE APPROACHES,NO,,,,NO,REAR END,"3099 SHIPPS CORNER RD
VIRGINIA BEACH, VA
(36.793265, -76.076633)"
2016050410.0,12/10/2016,1647,SAT,KEMPSRIVER DR,Yes,4.0,422.0,2,ON ROADWAY,NO ADVERSE CONDITION (CLEAR/CLOUDY),DAYLIGHT,YES-WORKING,TRAFFIC LANES MARKED,STRAIGHT-LEVEL,DRY,"BLACKTOP, ASPHALT, BITUMINOUS","TWO-WAY, NOT DIVIDED",NO DEFECTS,WITHIN INTERSECTION,TWO APPROACHES,NO,,,,NO,ANGLE,"1499 FORDHAM DR
VIRGINIA BEACH, VA
(36.800728, -76.178442)"
2016046220.0,11/08/2016,1219,TUE,INVESTORS PL,Yes,4.0,427.0,2,ON ROADWAY,NO ADVERSE CONDITION (CLEAR/CLOUDY),DAYLIGHT,YES-WORKING,STOP SIGN,STRAIGHT-LEVEL,DRY,CONCRETE,"TWO-WAY, DIVIDED, POSITIVE MEDIAN BARRIER",NO DEFECTS,MAIN-LINE ROADWAY,FOUR APPROACHES,NO,,,,NO,ANGLE,"400 INDEPENDENCE BL S
VIRGINIA BEACH, VA
(36.828632, -76.134522)"