CASE Number,Accident Date,Accident Time,Day of Week,Nearest Street,At Intersection,Precinct,Zone ID,Number of Vehicles Involved,Location of First Harmful Event,Weather Condition,Light Conditions,Traffic Control Device,Traffic Control Type,Roadway Alignment,Roadway Surface Condition,Roadway Surface type,Roadway Description,Roadway defects,Relation to Roadway,Intersection Type,Work Zone Related,Workers Present in Work Zone,Work Zone Location,Work Zone Type,School Zone,Type of Collision,Location 1
2016048294.0,11/23/2016,1305,WED,CENTERVILLE TP,00.20 Miles From,4.0,421.0,2,ON ROADWAY,NO ADVERSE CONDITION (CLEAR/CLOUDY),DAYLIGHT,YES-WORKING,STOP SIGN,STRAIGHT-LEVEL,DRY,"BLACKTOP, ASPHALT, BITUMINOUS","TWO-WAY, DIVIDED, UNPROTECTED MEDIAN",NO DEFECTS,NON-INTERSECTION,NOT AT INTERSECTION,NO,,,,NO,REAR END,"1800 KEMPSVILLE RD
VIRGINIA BEACH, VA
(36.782712, -76.189413)"
2016047381.0,11/17/2016,815,THU,RUSTWOOD LA,Yes,2.0,222.0,2,ON ROADWAY,NO ADVERSE CONDITION (CLEAR/CLOUDY),DAYLIGHT,YES-WORKING,STOP SIGN,STRAIGHT-LEVEL,DRY,"BLACKTOP, ASPHALT, BITUMINOUS","TWO-WAY, DIVIDED, UNPROTECTED MEDIAN",NO DEFECTS,WITHIN INTERSECTION,FOUR APPROACHES,NO,,,,NO,ANGLE,"398 GREAT NECK RD N
VIRGINIA BEACH, VA
(36.84542, -76.048044)"
2016048573.0,11/26/2016,132,SAT,400 OLD GREAT NECK RD,Yes,2.0,222.0,3,SHOULDER,RAIN,DARKNESS-ROAD LIGHTED,YES-WORKING,TRAFFIC LANES MARKED,STRAIGHT-LEVEL,WET,"BLACKTOP, ASPHALT, BITUMINOUS","TWO-WAY, NOT DIVIDED",NO DEFECTS,INTERSECTION-RELATED-WITHIN 150`,THREE APPROACHES,NO,,,,NO,OTHER,"400 CHATTERTON DR
VIRGINIA BEACH, VA
(36.846222, -76.050661)"
2016047146.0,11/15/2016,1355,TUE,MACLEIGH CT,Yes,4.0,421.0,2,ON ROADWAY,NO ADVERSE CONDITION (CLEAR/CLOUDY),DAYLIGHT,NO TRAFFIC CONTROL DEVICE PRESENT,NO TRAFFIC CONTROL,STRAIGHT-LEVEL,DRY,"BLACKTOP, ASPHALT, BITUMINOUS","TWO-WAY, NOT DIVIDED",NO DEFECTS,WITHIN INTERSECTION,THREE APPROACHES,NO,,,,NO,REAR END,"5550 ALBRIGHT DR
VIRGINIA BEACH, VA
(36.788147, -76.181337)"
2016052053.0,12/21/2016,1830,WED,INDEPENDENCE BL,00.25 Miles From,3.0,323.0,2,ON ROADWAY,NO ADVERSE CONDITION (CLEAR/CLOUDY),DARKNESS-ROAD LIGHTED,YES-WORKING,STOP SIGN,STRAIGHT-LEVEL,DRY,"BLACKTOP, ASPHALT, BITUMINOUS","TWO-WAY, NOT DIVIDED",NO DEFECTS,NON-INTERSECTION,NOT AT INTERSECTION,NO,,,,NO,ANGLE,"4520 JEANNE ST
VIRGINIA BEACH, VA
(36.848285, -76.134233)"
2016046267.0,11/08/2016,1739,TUE,3301 HOLLAND RD,Yes,1.0,128.0,3,ON ROADWAY,NO ADVERSE CONDITION (CLEAR/CLOUDY),DUSK,YES-WORKING,TRAFFIC LANES MARKED,STRAIGHT-LEVEL,DRY,"BLACKTOP, ASPHALT, BITUMINOUS","TWO-WAY, DIVIDED, UNPROTECTED MEDIAN",NO DEFECTS,INTERSECTION-RELATED-OUTSIDE 150`,FOUR APPROACHES,NO,,,,NO,REAR END,"1108 LYNNHAVEN PW
VIRGINIA BEACH, VA
(36.803614, -76.083042)"
2016047270.0,11/16/2016,1413,WED,REPUBLIC RD,Yes,2.0,222.0,2,ON ROADWAY,NO ADVERSE CONDITION (CLEAR/CLOUDY),DAYLIGHT,YES-WORKING,TRAFFIC SIGNAL,STRAIGHT-LEVEL,DRY,"BLACKTOP, ASPHALT, BITUMINOUS","TWO-WAY, DIVIDED, POSITIVE MEDIAN BARRIER",NO DEFECTS,WITHIN INTERSECTION,FOUR APPROACHES,NO,,,,NO,ANGLE,"1798 LASKIN RD
VIRGINIA BEACH, VA
(36.84995, -76.027205)"
2016051067.0,12/14/2016,1820,WED,CAMPION AV,Yes,4.0,428.0,2,ON ROADWAY,NO ADVERSE CONDITION (CLEAR/CLOUDY),DARKNESS-ROAD LIGHTED,YES-WORKING,STOP SIGN,STRAIGHT-LEVEL,DRY,"BLACKTOP, ASPHALT, BITUMINOUS","TWO-WAY, DIVIDED, UNPROTECTED MEDIAN",NO DEFECTS,WITHIN INTERSECTION,FOUR APPROACHES,NO,,,,NO,ANGLE,"1000 ROSEMONT RD S
VIRGINIA BEACH, VA
(36.805046, -76.100333)"
2016045020.0,10/31/2016,39,MON,VIRGINIA BEACH BL,Yes,3.0,321.0,2,ON ROADWAY,NO ADVERSE CONDITION (CLEAR/CLOUDY),DARKNESS-ROAD LIGHTED,YES-WORKING,TRAFFIC SIGNAL,STRAIGHT-LEVEL,DRY,"BLACKTOP, ASPHALT, BITUMINOUS","TWO-WAY, DIVIDED, POSITIVE MEDIAN BARRIER",NO DEFECTS,WITHIN INTERSECTION,FOUR APPROACHES,NO,,,,NO,ANGLE,"399 ROSEMONT RD N
VIRGINIA BEACH, VA
(36.841948, -76.09848)"
2016048182.0,11/22/2016,1615,TUE,4661 PRINCESS ANNE RD,Yes,4.0,426.0,2,ON ROADWAY,NO ADVERSE CONDITION (CLEAR/CLOUDY),DAWN,YES-WORKING,TRAFFIC SIGNAL,STRAIGHT-LEVEL,DRY,"BLACKTOP, ASPHALT, BITUMINOUS","TWO-WAY, DIVIDED, UNPROTECTED MEDIAN",NO DEFECTS,WITHIN INTERSECTION,FOUR APPROACHES,NO,,,,NO,REAR END,"798 GREEN MEADOWS
VIRGINIA BEACH, VA
(36.810744, -76.139458)"
2016046185.0,11/08/2016,742,TUE,TENNYSON RD,Yes,1.0,122.0,2,ON ROADWAY,NO ADVERSE CONDITION (CLEAR/CLOUDY),DAYLIGHT,YES-WORKING,STOP SIGN,STRAIGHT-LEVEL,DRY,"BLACKTOP, ASPHALT, BITUMINOUS","TWO-WAY, NOT DIVIDED",NO DEFECTS,WITHIN INTERSECTION,FOUR APPROACHES,NO,,,,NO,ANGLE,"1959 UPTON DR
VIRGINIA BEACH, VA
(36.768385, -75.999927)"
2016049820.0,12/05/2016,657,MON,4199 PLEASANT VALLEY RD,Yes,4.0,424.0,1,ON ROADWAY,RAIN,DAWN,YES-WORKING,TRAFFIC SIGNAL,STRAIGHT-LEVEL,WET,"BLACKTOP, ASPHALT, BITUMINOUS","TWO-WAY, DIVIDED, POSITIVE MEDIAN BARRIER",NO DEFECTS,MAIN-LINE ROADWAY,FOUR APPROACHES,NO,,,,NO,PEDESTRIAN,"2399 LYNNHAVEN PW
VIRGINIA BEACH, VA
(36.786723, -76.150051)"
2016051262.0,12/16/2016,926,FRI,DAM NECK RD,Yes,1.0,123.0,3,ON ROADWAY,NO ADVERSE CONDITION (CLEAR/CLOUDY),DAYLIGHT,YES-WORKING,TRAFFIC SIGNAL,STRAIGHT-LEVEL,DRY,"BLACKTOP, ASPHALT, BITUMINOUS","TWO-WAY, DIVIDED, UNPROTECTED MEDIAN",NO DEFECTS,INTERSECTION-RELATED-WITHIN 150`,FOUR APPROACHES,NO,,,,NO,REAR END,"1600 GENERAL BOOTH BL
VIRGINIA BEACH, VA
(36.786013, -75.999206)"
2016041884.0,10/09/2016,2058,SUN,FIRST COLONIAL RD,Yes,2.0,221.0,2,ON ROADWAY,NO ADVERSE CONDITION (CLEAR/CLOUDY),DARKNESS-ROAD NOT LIGHTED,YES-NOT WORKING,TRAFFIC SIGNAL,STRAIGHT-LEVEL,DRY,"BLACKTOP, ASPHALT, BITUMINOUS","TWO-WAY, DIVIDED, UNPROTECTED MEDIAN",NO DEFECTS,WITHIN INTERSECTION,FOUR APPROACHES,NO,,,,NO,ANGLE,"1300 GREAT NECK RD N
VIRGINIA BEACH, VA
(36.874556, -76.039505)"
2016048676.0,11/26/2016,2225,SAT,HONEYGROVE RD,00.10 Miles From,3.0,328.0,2,ON ROADWAY,NO ADVERSE CONDITION (CLEAR/CLOUDY),DARKNESS-ROAD LIGHTED,NO TRAFFIC CONTROL DEVICE PRESENT,NO TRAFFIC CONTROL,STRAIGHT-LEVEL,DRY,"BLACKTOP, ASPHALT, BITUMINOUS","TWO-WAY, DIVIDED, UNPROTECTED MEDIAN",NO DEFECTS,NON-INTERSECTION,NOT AT INTERSECTION,NO,,,,NO,REAR END,"926 INDEPENDENCE BL
VIRGINIA BEACH, VA
(36.869661, -76.13325)"
2016049424.0,12/02/2016,737,FRI,DAHLIA DR,Yes,4.0,428.0,2,ON ROADWAY,NO ADVERSE CONDITION (CLEAR/CLOUDY),DAYLIGHT,YES-WORKING,TRAFFIC SIGNAL,STRAIGHT-LEVEL,DRY,"BLACKTOP, ASPHALT, BITUMINOUS","TWO-WAY, DIVIDED, UNPROTECTED MEDIAN",NO DEFECTS,WITHIN INTERSECTION,FOUR APPROACHES,NO,,,,NO,ANGLE,"1898 INDEPENDENCE BL S
VIRGINIA BEACH, VA
(36.802084, -76.112132)"
2016050771.0,12/12/2016,1902,MON,2800 SHIPPS CORNER RD,Yes,1.0,126.0,3,ON ROADWAY,NO ADVERSE CONDITION (CLEAR/CLOUDY),DARKNESS-ROAD LIGHTED,YES-WORKING,TRAFFIC SIGNAL,STRAIGHT-LEVEL,DRY,"BLACKTOP, ASPHALT, BITUMINOUS","TWO-WAY, DIVIDED, POSITIVE MEDIAN BARRIER",NO DEFECTS,WITHIN INTERSECTION,FOUR APPROACHES,NO,,,,NO,ANGLE,"1400 LONDON BRIDGE RD
VIRGINIA BEACH, VA
(36.792247, -76.067241)"
2016043754.0,10/22/2016,220,SAT,3199 DAM NECK RD,Yes,1.0,124.0,3,ON ROADWAY,NO ADVERSE CONDITION (CLEAR/CLOUDY),DARKNESS-ROAD LIGHTED,YES-WORKING,TRAFFIC SIGNAL,STRAIGHT-LEVEL,DRY,"BLACKTOP, ASPHALT, BITUMINOUS","TWO-WAY, NOT DIVIDED",NO DEFECTS,WITHIN INTERSECTION,FOUR APPROACHES,NO,,,,NO,ANGLE,"3100 HOLLAND RD
VIRGINIA BEACH, VA
(36.786683, -76.079204)"
2016046308.0,11/09/2016,820,WED,LOBAUGH DR,Yes,4.0,422.0,2,ON ROADWAY,NO ADVERSE CONDITION (CLEAR/CLOUDY),DAYLIGHT,YES-WORKING,STOP SIGN,STRAIGHT-LEVEL,DRY,"BLACKTOP, ASPHALT, BITUMINOUS","TWO-WAY, DIVIDED, UNPROTECTED MEDIAN",NO DEFECTS,WITHIN INTERSECTION,FOUR APPROACHES,NO,,,,NO,ANGLE,"800 KEMPSVILLE RD
VIRGINIA BEACH, VA
(36.816893, -76.163538)"
2016046761.0,11/12/2016,1150,SAT,698 WINDSOR OAKS BL,Yes,4.0,427.0,2,ON ROADWAY,NO ADVERSE CONDITION (CLEAR/CLOUDY),DAYLIGHT,YES-WORKING,TRAFFIC SIGNAL,STRAIGHT-LEVEL,DRY,"BLACKTOP, ASPHALT, BITUMINOUS","TWO-WAY, DIVIDED, UNPROTECTED MEDIAN",NO DEFECTS,WITHIN INTERSECTION,FOUR APPROACHES,NO,,,,NO,ANGLE,"3963 HOLLAND RD
VIRGINIA BEACH, VA
(36.81616, -76.111593)"
2016045527.0,11/03/2016,1600,THU,25TH ST,Yes,2.0,227.0,2,ON ROADWAY,NO ADVERSE CONDITION (CLEAR/CLOUDY),DAYLIGHT,NO TRAFFIC CONTROL DEVICE PRESENT,TRAFFIC LANES MARKED,STRAIGHT-LEVEL,DRY,"BLACKTOP, ASPHALT, BITUMINOUS","TWO-WAY, NOT DIVIDED",NO DEFECTS,WITHIN INTERSECTION,FOUR APPROACHES,NO,,,,NO,HEAD ON,"2499 BALTIC AV
VIRGINIA BEACH, VA
(36.852538, -75.981445)"
2016046907.0,11/13/2016,1550,SUN,LONDON POINTE,Yes,2.0,222.0,2,ON ROADWAY,NO ADVERSE CONDITION (CLEAR/CLOUDY),DAWN,YES-WORKING,STOP SIGN,STRAIGHT-LEVEL,DRY,"BLACKTOP, ASPHALT, BITUMINOUS","TWO-WAY, NOT DIVIDED",NO DEFECTS,MAIN-LINE ROADWAY,THREE APPROACHES,NO,,,,NO,ANGLE,"405 OLD GREAT NECK RD
VIRGINIA BEACH, VA
(36.846657, -76.051057)"
2016049818.0,12/05/2016,631,MON,4900 WESLEYAN DR,Yes,3.0,327.0,2,ON ROADWAY,RAIN,DUSK,YES-WORKING,TRAFFIC SIGNAL,STRAIGHT-LEVEL,WET,"BLACKTOP, ASPHALT, BITUMINOUS","TWO-WAY, NOT DIVIDED",NO DEFECTS,INTERSECTION-RELATED-OUTSIDE 150`,FOUR APPROACHES,NO,,,,YES,REAR END,"4900 HAYGOOD RD
VIRGINIA BEACH, VA
(36.870032, -76.147633)"
2016048410.0,11/25/2016,1405,FRI,PARLIAMENT DR,Yes,4.0,423.0,2,ON ROADWAY,NO ADVERSE CONDITION (CLEAR/CLOUDY),DAYLIGHT,YES-WORKING,TRAFFIC SIGNAL,STRAIGHT-LEVEL,WET,"BLACKTOP, ASPHALT, BITUMINOUS","TWO-WAY, DIVIDED, UNPROTECTED MEDIAN",NO DEFECTS,WITHIN INTERSECTION,FOUR APPROACHES,NO,,,,NO,REAR END,"5700 PRINCESS ANNE RD
VIRGINIA BEACH, VA
(36.840042, -76.182599)"
2016046737.0,11/12/2016,932,SAT,PENNSYLVANIA,Yes,3.0,324.0,0,ON ROADWAY,NO ADVERSE CONDITION (CLEAR/CLOUDY),DAYLIGHT,NO TRAFFIC CONTROL DEVICE PRESENT,NO TRAFFIC CONTROL,STRAIGHT-LEVEL,DRY,"BLACKTOP, ASPHALT, BITUMINOUS","TWO-WAY, NOT DIVIDED",NO DEFECTS,MAIN-LINE ROADWAY,FOUR APPROACHES,NO,,,,NO,ANGLE,"5000 SOUTHERN BL
VIRGINIA BEACH, VA
(36.840475, -76.153575)"
2016048067.0,11/21/2016,1807,MON,BANCROFT DR,Yes,1.0,126.0,2,ON ROADWAY,NO ADVERSE CONDITION (CLEAR/CLOUDY),DARKNESS-ROAD LIGHTED,YES-WORKING,TRAFFIC LANES MARKED,STRAIGHT-LEVEL,DRY,"BLACKTOP, ASPHALT, BITUMINOUS","TWO-WAY, DIVIDED, UNPROTECTED MEDIAN",NO DEFECTS,WITHIN INTERSECTION,FOUR APPROACHES,NO,,,,NO,REAR END,"700 ROSEMONT RD S
VIRGINIA BEACH, VA
(36.816019, -76.097892)"
2016047054.0,11/14/2016,1815,MON,THOROUGHGOOD RD,Yes,3.0,329.0,2,ON ROADWAY,NO ADVERSE CONDITION (CLEAR/CLOUDY),DARKNESS-ROAD LIGHTED,YES-WORKING,TRAFFIC LANES MARKED,STRAIGHT-LEVEL,DRY,"BLACKTOP, ASPHALT, BITUMINOUS","TWO-WAY, NOT DIVIDED",NO DEFECTS,WITHIN INTERSECTION,THREE APPROACHES,NO,,,,YES,ANGLE,"1700 PLEASURE HOUSE RD
VIRGINIA BEACH, VA
(36.897368, -76.138421)"
2016049996.0,12/06/2016,1345,TUE,WOLFSNARE RD,Yes,2.0,222.0,2,ON ROADWAY,RAIN,DAYLIGHT,YES-WORKING,TRAFFIC SIGNAL,STRAIGHT-LEVEL,WET,"BLACKTOP, ASPHALT, BITUMINOUS","TWO-WAY, NOT DIVIDED",NO DEFECTS,WITHIN INTERSECTION,FOUR APPROACHES,NO,,,,NO,ANGLE,"720 GREAT NECK RD N
VIRGINIA BEACH, VA
(36.853643, -76.048445)"
2016048783.0,11/27/2016,1953,SUN,NS TOMCAT BL,Yes,2.0,228.0,2,ON ROADWAY,NO ADVERSE CONDITION (CLEAR/CLOUDY),DARKNESS-ROAD LIGHTED,YES-WORKING,YIELD SIGN,STRAIGHT-LEVEL,DRY,"BLACKTOP, ASPHALT, BITUMINOUS","TWO-WAY, DIVIDED, UNPROTECTED MEDIAN",NO DEFECTS,MAIN-LINE ROADWAY,THREE APPROACHES,NO,,,,NO,ANGLE,"999 OCEANA BL
VIRGINIA BEACH, VA
(36.807065, -76.00491)"
2016048645.0,11/26/2016,1740,SAT,600 BAKER RD,Yes,3.0,326.0,2,ON ROADWAY,NO ADVERSE CONDITION (CLEAR/CLOUDY),DARKNESS-ROAD LIGHTED,YES-WORKING,TRAFFIC SIGNAL,STRAIGHT-LEVEL,DRY,"BLACKTOP, ASPHALT, BITUMINOUS","TWO-WAY, NOT DIVIDED",NO DEFECTS,WITHIN INTERSECTION,FOUR APPROACHES,NO,,,,NO,ANGLE,"564 NEWTOWN RD
VIRGINIA BEACH, VA
(36.85936, -76.175485)"
2016049268.0,12/01/2016,1000,THU,EDWIN DR,Yes,4.0,425.0,2,ON ROADWAY,NO ADVERSE CONDITION (CLEAR/CLOUDY),DAYLIGHT,YES-WORKING,TRAFFIC SIGNAL,STRAIGHT-LEVEL,DRY,"BLACKTOP, ASPHALT, BITUMINOUS","TWO-WAY, NOT DIVIDED",NO DEFECTS,WITHIN INTERSECTION,FOUR APPROACHES,NO,,,,NO,ANGLE,"4900 PROVIDENCE RD
VIRGINIA BEACH, VA
(36.807978, -76.151318)"
2016042741.0,10/15/2016,1200,SAT,TWAIN LA,Yes,3.0,329.0,2,ON ROADWAY,NO ADVERSE CONDITION (CLEAR/CLOUDY),DAYLIGHT,YES-WORKING,STOP SIGN,STRAIGHT-LEVEL,DRY,"BLACKTOP, ASPHALT, BITUMINOUS","TWO-WAY, NOT DIVIDED",NO DEFECTS,WITHIN INTERSECTION,FOUR APPROACHES,NO,,,,NO,ANGLE,"4624 HAYGOOD RD
VIRGINIA BEACH, VA
(36.874818, -76.136124)"
2016043485.0,10/20/2016,1045,THU,FOREST GLEN RD,Yes,4.0,427.0,1,ON ROADWAY,NO ADVERSE CONDITION (CLEAR/CLOUDY),DAYLIGHT,NO TRAFFIC CONTROL DEVICE PRESENT,NO TRAFFIC CONTROL,STRAIGHT-LEVEL,DRY,"BLACKTOP, ASPHALT, BITUMINOUS","TWO-WAY, DIVIDED, POSITIVE MEDIAN BARRIER",NO DEFECTS,INTERSECTION-RELATED-WITHIN 150`,FOUR APPROACHES,NO,,,,NO,FIXED OBJECT-OFF ROAD,"653 ROSEMONT RD S
VIRGINIA BEACH, VA
(36.818409, -76.097889)"
2016052890.0,12/29/2016,1440,THU,21ST STREET,Yes,2.0,227.0,2,ON ROADWAY,NO ADVERSE CONDITION (CLEAR/CLOUDY),DAYLIGHT,YES-WORKING,TRAFFIC SIGNAL,STRAIGHT-LEVEL,DRY,"BLACKTOP, ASPHALT, BITUMINOUS","TWO-WAY, NOT DIVIDED",NO DEFECTS,WITHIN INTERSECTION,THREE APPROACHES,NO,,,,NO,ANGLE,"2000 CYPRESS AVE
VIRGINIA BEACH, VA
(36.847497, -75.983974)"
2016051792.0,12/19/2016,1951,MON,EDWIN DR,Yes,4.0,426.0,2,ON ROADWAY,RAIN,DARKNESS-ROAD LIGHTED,YES-WORKING,TRAFFIC SIGNAL,STRAIGHT-LEVEL,WET,"BLACKTOP, ASPHALT, BITUMINOUS","TWO-WAY, DIVIDED, UNPROTECTED MEDIAN",NO DEFECTS,WITHIN INTERSECTION,FOUR APPROACHES,NO,,,,NO,ANGLE,"4700 PRINCESS ANNE RD
VIRGINIA BEACH, VA
(36.814715, -76.143853)"
2016049960.0,12/06/2016,733,TUE,LYNNHAVEN PW,Yes,4.0,421.0,2,ON ROADWAY,RAIN,DAYLIGHT,YES-WORKING,TRAFFIC SIGNAL,STRAIGHT-LEVEL,WET,"BLACKTOP, ASPHALT, BITUMINOUS","TWO-WAY, NOT DIVIDED",NO DEFECTS,WITHIN INTERSECTION,FOUR APPROACHES,NO,,,,YES,ANGLE,"2100 CENTERVILLE TP
VIRGINIA BEACH, VA
(36.766872, -76.187954)"
2016050154.0,12/07/2016,1708,WED,CONCERT DR,Yes,1.0,128.0,2,ON ROADWAY,NO ADVERSE CONDITION (CLEAR/CLOUDY),DARKNESS-ROAD LIGHTED,YES-WORKING,TRAFFIC SIGNAL,STRAIGHT-LEVEL,DRY,"BLACKTOP, ASPHALT, BITUMINOUS","TWO-WAY, NOT DIVIDED",NO DEFECTS,INTERSECTION-RELATED-WITHIN 150`,THREE APPROACHES,NO,,,,NO,REAR END,"1699 ROSEMONT RD S
VIRGINIA BEACH, VA
(36.7835, -76.090719)"
2016050413.0,12/09/2016,1712,FRI,HAMPSHIRE LA,Yes,3.0,326.0,2,ON ROADWAY,NO ADVERSE CONDITION (CLEAR/CLOUDY),DUSK,NO TRAFFIC CONTROL DEVICE PRESENT,NO TRAFFIC CONTROL,STRAIGHT-LEVEL,DRY,"BLACKTOP, ASPHALT, BITUMINOUS","TWO-WAY, DIVIDED, UNPROTECTED MEDIAN",NO DEFECTS,WITHIN INTERSECTION,FOUR APPROACHES,NO,,,,NO,ANGLE,"800 DIAMOND SPRINGS RD
VIRGINIA BEACH, VA
(36.866733, -76.170187)"
2016049792.0,12/04/2016,1953,SUN,BAXTER RD,Yes,4.0,422.0,2,ON ROADWAY,NO ADVERSE CONDITION (CLEAR/CLOUDY),DARKNESS-ROAD LIGHTED,YES-WORKING,TRAFFIC SIGNAL,STRAIGHT-LEVEL,DRY,"BLACKTOP, ASPHALT, BITUMINOUS","TWO-WAY, NOT DIVIDED",NO DEFECTS,WITHIN INTERSECTION,FOUR APPROACHES,NO,,,,NO,ANGLE,"4901 PRINCESS ANNE RD
VIRGINIA BEACH, VA
(36.82318, -76.152302)"
2016049536.0,12/02/2016,1948,FRI,EAGLEWOOD DR,Yes,1.0,123.0,2,ON ROADWAY,NO ADVERSE CONDITION (CLEAR/CLOUDY),DARKNESS-ROAD LIGHTED,YES-WORKING,TRAFFIC SIGNAL,STRAIGHT-LEVEL,DRY,"BLACKTOP, ASPHALT, BITUMINOUS","TWO-WAY, DIVIDED, POSITIVE MEDIAN BARRIER",NO DEFECTS,WITHIN INTERSECTION,FOUR APPROACHES,NO,,,,NO,ANGLE,"1398 OCEANA BL
VIRGINIA BEACH, VA
(36.794425, -75.99812)"
2016051446.0,12/17/2016,1054,SAT,REGENCY DR,Yes,2.0,222.0,2,ON ROADWAY,NO ADVERSE CONDITION (CLEAR/CLOUDY),DAYLIGHT,YES-WORKING,TRAFFIC SIGNAL,STRAIGHT-LEVEL,DRY,"BLACKTOP, ASPHALT, BITUMINOUS","TWO-WAY, DIVIDED, UNPROTECTED MEDIAN",NO DEFECTS,WITHIN INTERSECTION,"FIVE-POINT, OR MORE",NO,,,,NO,REAR END,"1945 LASKIN RD
VIRGINIA BEACH, VA
(36.847462, -76.034602)"
2016052738.0,12/28/2016,1200,WED,LYNNHAVEN PW,Yes,1.0,126.0,2,ON ROADWAY,NO ADVERSE CONDITION (CLEAR/CLOUDY),DAYLIGHT,YES-WORKING,TRAFFIC SIGNAL,STRAIGHT-LEVEL,DRY,"BLACKTOP, ASPHALT, BITUMINOUS","TWO-WAY, DIVIDED, UNPROTECTED MEDIAN",NO DEFECTS,WITHIN INTERSECTION,FOUR APPROACHES,NO,,,,NO,ANGLE,"3200 HOLLAND RD
VIRGINIA BEACH, VA
(36.792344, -76.080683)"
2016052063.0,12/21/2016,1930,WED,HONEYGROVE RD,Yes,3.0,328.0,2,ON ROADWAY,NO ADVERSE CONDITION (CLEAR/CLOUDY),DUSK,YES-WORKING,STOP SIGN,STRAIGHT-LEVEL,DRY,"BLACKTOP, ASPHALT, BITUMINOUS","TWO-WAY, NOT DIVIDED",NO DEFECTS,INTERSECTION-RELATED-WITHIN 150`,FOUR APPROACHES,NO,,,,NO,ANGLE,"1021 FERRY PLANTATION RD
VIRGINIA BEACH, VA
(36.870252, -76.137498)"
2016051448.0,12/17/2016,1056,SAT,JACK RABBIT RD,Yes,2.0,223.0,3,ON ROADWAY,RAIN,DAYLIGHT,YES-WORKING,STOP SIGN,STRAIGHT-LEVEL,WET,"BLACKTOP, ASPHALT, BITUMINOUS","TWO-WAY, NOT DIVIDED",NO DEFECTS,NON-INTERSECTION,NOT AT INTERSECTION,NO,,,,NO,ANGLE,"1623 DONNA DR
VIRGINIA BEACH, VA
(36.849224, -76.018224)"
2016052242.0,12/23/2016,1140,FRI,INDEPENDENCE BL,Yes,4.0,426.0,2,ON ROADWAY,NO ADVERSE CONDITION (CLEAR/CLOUDY),DAYLIGHT,YES-WORKING,STOP SIGN,STRAIGHT-LEVEL,DRY,"BLACKTOP, ASPHALT, BITUMINOUS","TWO-WAY, NOT DIVIDED",NO DEFECTS,NON-INTERSECTION,NOT AT INTERSECTION,NO,,,,NO,ANGLE,"4300 COMMUTER DR
VIRGINIA BEACH, VA
(36.820764, -76.125185)"
2016051620.0,12/18/2016,1819,SUN,BIRDNECK RD N,Yes,2.0,225.0,2,ON ROADWAY,RAIN,DARKNESS-ROAD LIGHTED,YES-WORKING,STOP SIGN,CURVE-LEVEL,WET,"BLACKTOP, ASPHALT, BITUMINOUS","TWO-WAY, DIVIDED, POSITIVE MEDIAN BARRIER",NO DEFECTS,INTERSECTION-RELATED-WITHIN 150`,FOUR APPROACHES,NO,,,,NO,ANGLE,"1999 PAVILION DR
VIRGINIA BEACH, VA
(36.845925, -75.994988)"
2016051827.0,12/20/2016,530,TUE,VIRGINIA BEACH BL,Yes,3.0,324.0,2,ON ROADWAY,NO ADVERSE CONDITION (CLEAR/CLOUDY),DARKNESS-ROAD LIGHTED,YES-WORKING,TRAFFIC SIGNAL,STRAIGHT-LEVEL,DRY,"BLACKTOP, ASPHALT, BITUMINOUS","TWO-WAY, DIVIDED, POSITIVE MEDIAN BARRIER",NO DEFECTS,WITHIN INTERSECTION,FOUR APPROACHES,NO,,,,NO,SIDESWIPE-OPPOSITE DIRECTION,"300 WITCHDUCK RD N
VIRGINIA BEACH, VA
(36.845736, -76.156352)"
2016052327.0,12/25/2016,144,SUN,264 NO,00.05 Miles From,4.0,423.0,2,ON ROADWAY,NO ADVERSE CONDITION (CLEAR/CLOUDY),DARKNESS-ROAD LIGHTED,NO TRAFFIC CONTROL DEVICE PRESENT,NO TRAFFIC CONTROL,STRAIGHT-LEVEL,DRY,"BLACKTOP, ASPHALT, BITUMINOUS","TWO-WAY, DIVIDED, UNPROTECTED MEDIAN",NO DEFECTS,NON-INTERSECTION,NOT AT INTERSECTION,NO,,,,NO,HEAD ON,"200 WITCHDUCK RD S
VIRGINIA BEACH, VA
(36.836532, -76.159549)"
2016051253.0,12/16/2016,734,FRI,HILBER ST,Yes,4.0,427.0,2,ON ROADWAY,NO ADVERSE CONDITION (CLEAR/CLOUDY),DAYLIGHT,YES-WORKING,TRAFFIC LANES MARKED,STRAIGHT-LEVEL,DRY,"BLACKTOP, ASPHALT, BITUMINOUS","TWO-WAY, DIVIDED, UNPROTECTED MEDIAN",NO DEFECTS,WITHIN INTERSECTION,THREE APPROACHES,NO,,,,NO,REAR END,"153 ROSEMONT RD S
VIRGINIA BEACH, VA
(36.836519, -76.096316)"
2016051001.0,12/14/2016,1156,WED,PARLIAMENT DR S,Yes,4.0,423.0,2,ON ROADWAY,NO ADVERSE CONDITION (CLEAR/CLOUDY),DAYLIGHT,YES-WORKING,TRAFFIC SIGNAL,STRAIGHT-LEVEL,DRY,"BLACKTOP, ASPHALT, BITUMINOUS","TWO-WAY, DIVIDED, UNPROTECTED MEDIAN",NO DEFECTS,WITHIN INTERSECTION,FOUR APPROACHES,NO,,,,NO,REAR END,"5277 PRINCESS ANNE RD
VIRGINIA BEACH, VA
(36.828107, -76.167114)"